CREATE DATABASE  IF NOT EXISTS `mismak` /*!40100 DEFAULT CHARACTER SET utf8mb4 COLLATE utf8mb4_0900_ai_ci */ /*!80016 DEFAULT ENCRYPTION='N' */;
USE `mismak`;
-- MySQL dump 10.13  Distrib 8.0.24, for Win64 (x86_64)
--
-- Host: localhost    Database: mismak
-- ------------------------------------------------------
-- Server version	8.0.24

/*!40101 SET @OLD_CHARACTER_SET_CLIENT=@@CHARACTER_SET_CLIENT */;
/*!40101 SET @OLD_CHARACTER_SET_RESULTS=@@CHARACTER_SET_RESULTS */;
/*!40101 SET @OLD_COLLATION_CONNECTION=@@COLLATION_CONNECTION */;
/*!50503 SET NAMES utf8 */;
/*!40103 SET @OLD_TIME_ZONE=@@TIME_ZONE */;
/*!40103 SET TIME_ZONE='+00:00' */;
/*!40014 SET @OLD_UNIQUE_CHECKS=@@UNIQUE_CHECKS, UNIQUE_CHECKS=0 */;
/*!40014 SET @OLD_FOREIGN_KEY_CHECKS=@@FOREIGN_KEY_CHECKS, FOREIGN_KEY_CHECKS=0 */;
/*!40101 SET @OLD_SQL_MODE=@@SQL_MODE, SQL_MODE='NO_AUTO_VALUE_ON_ZERO' */;
/*!40111 SET @OLD_SQL_NOTES=@@SQL_NOTES, SQL_NOTES=0 */;

--
-- Table structure for table `client`
--

DROP TABLE IF EXISTS `client`;
/*!40101 SET @saved_cs_client     = @@character_set_client */;
/*!50503 SET character_set_client = utf8mb4 */;
CREATE TABLE `client` (
  `id` int NOT NULL AUTO_INCREMENT,
  `nom` varchar(50) NOT NULL,
  `prenom` varchar(50) NOT NULL,
  `date_naissance` date DEFAULT NULL,
  `email` varchar(100) DEFAULT NULL,
  `archive` tinyint NOT NULL DEFAULT '0',
  PRIMARY KEY (`id`)
) ENGINE=InnoDB AUTO_INCREMENT=1508 DEFAULT CHARSET=utf8mb4 COLLATE=utf8mb4_0900_ai_ci;
/*!40101 SET character_set_client = @saved_cs_client */;

--
-- Dumping data for table `client`
--

LOCK TABLES `client` WRITE;
/*!40000 ALTER TABLE `client` DISABLE KEYS */;
INSERT INTO `client` VALUES (1008,'Bartleet','Marylène','1988-03-06','ebartleet0@gnu.org',1),(1009,'Spurett','André','1938-12-26','mspurett1@pen.io',1),(1010,'Minifie','Marie-thérèse','1928-10-01','dminifie2@biglobe.ne.jp',1),(1011,'Wallwood','Andrée','1948-10-24','gwallwood3@home.pl',0),(1012,'Castagnone','Mélanie','1920-08-30','bcastagnone4@slate.com',1),(1013,'Kingdom','Joséphine','1938-07-02','skingdom5@webmd.com',1),(1014,'Pietruszka','Néhémie','1996-12-09','bpietruszka6@howstuffworks.com',1),(1015,'Duiged','Yè','1949-05-18','rduiged7@live.com',0),(1016,'Mattei','Kallisté','1981-04-06','jmattei8@alibaba.com',1),(1017,'Iannelli','Pénélope','1958-10-28','ciannelli9@xrea.com',0),(1018,'Snook','Léa','1966-12-18','gsnooka@github.com',1),(1019,'Hacon','Océane','1931-03-13','ohaconb@ucsd.edu',1),(1020,'Waplinton','Adèle','1981-03-24','lwaplintonc@opensource.org',1),(1021,'Dick','Miléna','1928-11-09','adickd@symantec.com',0),(1022,'Featherstonhaugh','Erwéi','1990-05-29','kfeatherstonhaughe@bravesites.com',1),(1023,'Rontree','Nadège','1938-06-19','jrontreef@drupal.org',1),(1024,'Dewen','Mårten','1922-06-15','tdeweng@archive.org',0),(1025,'Boays','Laïla','1949-10-15','dboaysh@nih.gov',0),(1026,'Rudgard','Marie-françoise','1942-12-20','lrudgardi@house.gov',1),(1027,'Sherbrook','Méng','1937-04-10','gsherbrookj@linkedin.com',1),(1028,'Odegaard','Aloïs','1931-11-11','modegaardk@chicagotribune.com',0),(1029,'Cockerton','Marie-hélène','1932-09-18','ccockertonl@webs.com',1),(1030,'Fyers','Gwenaëlle','1985-12-24','lfyersm@taobao.com',0),(1031,'Rimbault','Görel','1991-03-22','drimbaultn@zdnet.com',0),(1032,'Lamlin','Léane','1981-08-05','plamlino@i2i.jp',1),(1033,'Ridgwell','Åslög','1937-07-02','kridgwellp@imageshack.us',1),(1034,'Wesley','Lén','1963-08-28','jwesleyq@acquirethisname.com',1),(1035,'Hartgill','Méghane','1953-04-30','thartgillr@dropbox.com',0),(1036,'Babe','Eléonore','1968-12-18','cbabes@cmu.edu',0),(1037,'Crean','Lài','1984-09-05','rcreant@netscape.com',0),(1038,'Kift','Gwenaëlle','1935-08-27','zkiftu@marriott.com',0),(1039,'Wimes','Daphnée','1972-01-01','twimesv@com.com',0),(1040,'Erdes','Michèle','1957-07-24','verdesw@europa.eu',1),(1041,'Winterbottom','Mén','1989-02-14','zwinterbottomx@craigslist.org',0),(1042,'Spellecy','Publicité','1962-10-24','rspellecyy@wired.com',0),(1043,'Edmondson','Gaétane','1976-06-27','redmondsonz@mediafire.com',1),(1044,'Haryngton','Anaé','1932-11-03','fharyngton10@tripod.com',0),(1045,'Scurrey','Mélina','1934-12-29','sscurrey11@amazon.de',0),(1046,'Dumigan','Vérane','2002-03-17','ddumigan12@hc360.com',0),(1047,'Mowatt','Åke','1981-04-20','amowatt13@bbb.org',0),(1048,'McCrackan','Ráo','1992-12-05','pmccrackan14@hao123.com',0),(1049,'Botha','Ruì','1922-02-04','rbotha15@bloglovin.com',0),(1050,'Dayer','Faîtes','1933-08-08','cdayer16@nih.gov',0),(1051,'Attkins','Camélia','1958-12-30','kattkins17@scribd.com',0),(1052,'Dikes','Mahélie','1989-02-07','ddikes18@twitter.com',1),(1053,'Fullerlove','Estève','1997-01-26','efullerlove19@xing.com',0),(1054,'Brecknell','Maïwenn','1929-03-24','gbrecknell1a@plala.or.jp',1),(1055,'Woolgar','Vérane','1996-05-21','cwoolgar1b@hugedomains.com',0),(1056,'Londer','Gaïa','1925-08-15','rlonder1c@nymag.com',1),(1057,'Colbeck','Cécilia','1989-10-15','scolbeck1d@china.com.cn',1),(1058,'Quare','Agnès','1975-02-08','square1e@diigo.com',1),(1059,'Taverner','Michèle','1952-01-02','ktaverner1f@netscape.com',0),(1060,'Stiggles','Naéva','1953-04-23','gstiggles1g@blogtalkradio.com',0),(1061,'Burwood','Daphnée','1958-03-20','tburwood1h@so-net.ne.jp',1),(1062,'Wolffers','Maïwenn','1926-11-17','ewolffers1i@mapquest.com',0),(1063,'Gershom','Andrée','1982-02-10','cgershom1j@geocities.jp',0),(1064,'Tinkler','Aí','1955-07-10','atinkler1k@google.de',0),(1065,'Duffit','Bérénice','1948-02-03','mduffit1l@businessinsider.com',1),(1066,'Keig','Simplifiés','1964-07-14','ckeig1m@drupal.org',1),(1067,'Grevel','Dorothée','1971-12-06','ngrevel1n@youtu.be',1),(1068,'Bingley','Cécilia','1969-10-25','dbingley1o@angelfire.com',1),(1069,'Zoane','Aimée','1948-07-08','azoane1p@ft.com',1),(1070,'Wattins','Annotée','1967-01-19','dwattins1q@51.la',0),(1071,'Sprowell','Rébecca','1925-02-28','ksprowell1r@ezinearticles.com',0),(1072,'MacClenan','Håkan','1932-01-06','bmacclenan1s@prlog.org',1),(1073,'Maus','Zoé','1954-03-27','tmaus1t@list-manage.com',0),(1074,'Lipmann','Hélèna','1996-12-31','jlipmann1u@example.com',0),(1075,'Castenda','Bécassine','1968-08-18','mcastenda1v@sphinn.com',1),(1076,'Saenz','Chloé','1984-11-24','dsaenz1w@example.com',0),(1077,'Le Quesne','Faîtes','1982-03-19','dlequesne1x@tripod.com',0),(1078,'Raselles','Lèi','1954-07-30','hraselles1y@yale.edu',1),(1079,'Dyment','Chloé','1990-03-10','rdyment1z@narod.ru',0),(1080,'Blakey','Bénédicte','1930-06-24','gblakey20@lycos.com',1),(1081,'Godrich','Ráo','1974-06-30','pgodrich21@purevolume.com',0),(1082,'Magner','Andréanne','1933-06-09','emagner22@mail.ru',0),(1083,'Kille','Marlène','1964-08-01','lkille23@baidu.com',0),(1084,'McClune','Régine','1960-02-05','jmcclune24@pinterest.com',0),(1085,'Arundale','Lài','1974-10-19','barundale25@histats.com',0),(1086,'Ianelli','Jú','1989-05-19','eianelli26@fc2.com',0),(1087,'Cubbit','Maïwenn','1998-09-06','tcubbit27@utexas.edu',0),(1088,'Schoenrock','Gaétane','1990-01-20','zschoenrock28@histats.com',0),(1089,'Pendrid','Dù','1930-06-24','hpendrid29@un.org',0),(1090,'Jori','Géraldine','1977-03-22','hjori2a@seesaa.net',1),(1091,'Mc Giffin','Publicité','1935-12-15','cmcgiffin2b@rediff.com',1),(1092,'McTrustram','Mà','1945-03-23','amctrustram2c@ted.com',1),(1093,'Pilley','Tú','1959-11-11','npilley2d@cmu.edu',1),(1094,'Arundel','Ophélie','1996-01-22','sarundel2e@state.gov',1),(1095,'Dofty','Lèi','1942-10-05','cdofty2f@un.org',1),(1096,'Schankel','Maëly','1949-02-23','bschankel2g@adobe.com',0),(1097,'Rumin','Mélodie','1930-03-12','srumin2h@technorati.com',0),(1098,'Ollander','Nuó','1992-12-24','lollander2i@sina.com.cn',1),(1099,'Eberst','Eugénie','1921-05-08','oeberst2j@mtv.com',0),(1100,'Attoe','Mà','1943-02-26','battoe2k@microsoft.com',0),(1101,'Fraczkiewicz','Maëline','1943-02-16','cfraczkiewicz2l@soundcloud.com',0),(1102,'Hassur','Maëlyss','1955-02-17','khassur2m@domainmarket.com',1),(1103,'Sleightholm','Aimée','1984-05-10','psleightholm2n@privacy.gov.au',1),(1104,'Stretton','Méghane','1988-06-10','fstretton2o@ning.com',1),(1105,'De Rye Barrett','Märta','1945-04-26','lderyebarrett2p@odnoklassniki.ru',1),(1106,'Swash','Ophélie','1953-01-05','iswash2q@bluehost.com',1),(1107,'Bridgland','Bérengère','1927-04-29','sbridgland2r@zdnet.com',1),(1108,'McLaughlin','Jú','1946-06-11','fmclaughlin2s@google.de',1),(1109,'Rowat','Publicité','1955-09-26','srowat2t@answers.com',1),(1110,'Fairpo','Océanne','1932-06-30','lfairpo2u@loc.gov',0),(1111,'Hagwood','Mélinda','1987-08-14','thagwood2v@qq.com',1),(1112,'McAndrew','Crééz','1993-09-08','bmcandrew2w@lycos.com',1),(1113,'Ryley','Gaëlle','1930-03-22','wryley2x@ovh.net',1),(1114,'Benoiton','Anaëlle','1979-06-25','dbenoiton2y@com.com',0),(1115,'Kingdom','Dà','1991-09-13','skingdom2z@oracle.com',0),(1116,'Darree','Garçon','1961-03-11','rdarree30@behance.net',0),(1117,'McCahey','Marlène','1990-03-06','wmccahey31@myspace.com',1),(1118,'Ellaman','Angélique','1936-10-19','aellaman32@gizmodo.com',0),(1119,'Raund','Tú','1976-03-29','mraund33@cornell.edu',1),(1120,'Sigsworth','Léandre','1922-01-24','asigsworth34@naver.com',1),(1121,'Burhouse','Inès','1996-12-02','lburhouse35@vinaora.com',1),(1122,'Bullene','Cloé','1995-03-22','ibullene36@mozilla.com',1),(1123,'McGeaney','Mélanie','1923-01-24','emcgeaney37@fc2.com',1),(1124,'Boldt','Maïly','1968-03-06','aboldt38@hibu.com',0),(1125,'Scouler','Adèle','1929-10-05','kscouler39@earthlink.net',0),(1126,'Imlin','Yóu','1979-04-25','simlin3a@army.mil',0),(1127,'Ciobotaro','Naéva','1980-02-21','hciobotaro3b@com.com',0),(1128,'Cattel','Måns','1977-04-07','ccattel3c@netlog.com',1),(1129,'Tait','Agnès','1984-10-09','jtait3d@nih.gov',1),(1130,'Fishley','Tú','1968-06-14','afishley3e@bloglines.com',0),(1131,'Nisen','Marie-hélène','1926-04-21','pnisen3f@mapquest.com',0),(1132,'Farquarson','Gisèle','1923-04-06','dfarquarson3g@quantcast.com',1),(1133,'Yansons','Gérald','1984-10-01','hyansons3h@yolasite.com',0),(1134,'Kayley','Lyséa','1983-08-05','akayley3i@ihg.com',1),(1135,'Duddell','Clémentine','1969-01-31','oduddell3j@unblog.fr',1),(1136,'Maciunas','Maëly','1980-10-15','amaciunas3k@devhub.com',0),(1137,'Treske','Maéna','1953-12-23','dtreske3l@home.pl',1),(1138,'Jannings','Lucrèce','1995-05-25','rjannings3m@cloudflare.com',0),(1139,'Fewless','Camélia','2000-03-22','dfewless3n@ca.gov',0),(1140,'Geratasch','Valérie','1928-01-07','mgeratasch3o@cocolog-nifty.com',1),(1141,'Burkman','Maëlla','1981-09-08','aburkman3p@meetup.com',0),(1142,'Corck','Åslög','1921-06-26','scorck3q@slideshare.net',1),(1143,'Sherrocks','Maéna','1949-03-30','asherrocks3r@facebook.com',1),(1144,'Byrth','Yè','1944-12-27','abyrth3s@mediafire.com',0),(1145,'Conkey','Géraldine','1928-01-19','vconkey3t@senate.gov',1),(1146,'Alpin','Geneviève','1947-09-15','ralpin3u@nytimes.com',1),(1147,'Cestard','Naéva','1964-09-03','tcestard3v@google.com.hk',0),(1148,'McGhee','Måns','1977-08-28','emcghee3w@studiopress.com',0),(1149,'Spurdle','Garçon','1970-09-29','pspurdle3x@flavors.me',0),(1150,'Jzhakov','Almérinda','1973-10-03','cjzhakov3y@toplist.cz',1),(1151,'Crum','Clémence','1979-07-27','ecrum3z@spiegel.de',0),(1152,'Langrish','Maëlle','1931-03-14','plangrish40@ca.gov',1),(1153,'Dencs','Cunégonde','1941-03-03','kdencs41@sbwire.com',0),(1154,'Hintze','Rébecca','1949-01-18','rhintze42@soup.io',0),(1155,'Huckel','Åsa','1993-08-23','khuckel43@naver.com',0),(1156,'Ghirigori','Lorène','1930-01-10','hghirigori44@google.cn',1),(1157,'Risom','Mélodie','1929-05-28','irisom45@ebay.co.uk',1),(1158,'Dolby','Bérengère','1961-01-19','hdolby46@flickr.com',0),(1159,'Tesoe','Dù','1979-11-05','ktesoe47@dmoz.org',1),(1160,'Wimpey','Crééz','1945-08-04','mwimpey48@bigcartel.com',0),(1161,'Bednell','Mélanie','1967-03-31','jbednell49@gov.uk',1),(1162,'Vanderson','Bérangère','1923-04-02','rvanderson4a@vimeo.com',0),(1163,'Grishmanov','Estée','1987-12-19','lgrishmanov4b@dailymail.co.uk',1),(1164,'Cragoe','Mårten','1986-12-17','bcragoe4c@yale.edu',0),(1165,'Dorro','Stéphanie','1996-07-28','fdorro4d@engadget.com',1),(1166,'Neno','Miléna','1955-11-01','hneno4e@drupal.org',0),(1167,'Sweating','Frédérique','1961-10-09','ysweating4f@fastcompany.com',1),(1168,'Denty','Marie-thérèse','1997-10-29','vdenty4g@jugem.jp',1),(1169,'Clarridge','Fèi','1920-12-04','aclarridge4h@trellian.com',0),(1170,'Hayball','Naéva','1969-12-24','mhayball4i@cnbc.com',0),(1171,'Lydall','Eliès','1977-05-26','mlydall4j@ning.com',0),(1172,'Naseby','Maëline','1996-03-19','knaseby4k@nbcnews.com',1),(1173,'Gurney','Anaël','1979-02-24','ggurney4l@mayoclinic.com',1),(1174,'Flanner','Mén','1979-09-27','tflanner4m@bigcartel.com',1),(1175,'Angier','Daphnée','1967-11-12','tangier4n@mail.ru',0),(1176,'Beagles','Bérengère','1954-12-01','abeagles4o@blinklist.com',0),(1177,'Skea','Bérangère','1920-08-06','wskea4p@youtu.be',1),(1178,'MacVicar','Eloïse','1958-02-21','bmacvicar4q@mapy.cz',1),(1179,'Pennini','Görel','1988-07-14','spennini4r@51.la',0),(1180,'Deedes','Östen','1978-05-03','ldeedes4s@wikia.com',0),(1181,'Kippins','Pélagie','1922-02-06','ykippins4t@netlog.com',0),(1182,'Osboldstone','Maëlann','1969-03-13','fosboldstone4u@webeden.co.uk',1),(1183,'Phillips','Judicaël','1927-12-05','jphillips4v@oakley.com',1),(1184,'Sainthill','Marie-ève','1941-03-18','tsainthill4w@hud.gov',1),(1185,'Wraggs','Illustrée','1964-08-28','jwraggs4x@vinaora.com',0),(1186,'Quarterman','Solène','1988-10-11','fquarterman4y@lycos.com',0),(1187,'Curm','Örjan','1984-12-10','dcurm4z@accuweather.com',0),(1188,'Gisbey','Eugénie','1972-04-16','mgisbey50@answers.com',0),(1189,'Brookwood','Solène','1957-02-15','ebrookwood51@icq.com',1),(1190,'Paradyce','Adèle','1927-01-01','lparadyce52@angelfire.com',1),(1191,'Nunns','Pål','1931-08-07','anunns53@harvard.edu',1),(1192,'Fensome','Célestine','2002-10-21','hfensome54@dell.com',0),(1193,'Claibourn','Illustrée','1967-06-10','hclaibourn55@desdev.cn',1),(1194,'De Bruijn','Noémie','1963-08-27','cdebruijn56@google.com',1),(1195,'Lorenz','Gaétane','1933-04-14','clorenz57@nature.com',0),(1196,'Zannelli','Ruì','1938-06-28','rzannelli58@jugem.jp',1),(1197,'McGauhy','Léana','1929-05-03','fmcgauhy59@studiopress.com',1),(1198,'Whittleton','Publicité','1932-10-21','fwhittleton5a@amazon.de',0),(1199,'Hurtic','Danièle','1928-07-30','mhurtic5b@themeforest.net',0),(1200,'Habden','Esbjörn','1969-03-13','dhabden5c@infoseek.co.jp',0),(1201,'Wordesworth','Mélodie','1987-02-15','cwordesworth5d@tuttocitta.it',0),(1202,'Della','Maïlys','1987-01-06','pdella5e@devhub.com',0),(1203,'Jarmyn','Maïté','2002-05-06','cjarmyn5f@wikimedia.org',0),(1204,'Cargo','Josée','1984-12-22','mcargo5g@gov.uk',0),(1205,'Turmall','Joséphine','1952-06-28','oturmall5h@wikia.com',1),(1206,'Maddigan','Vérane','1998-03-28','wmaddigan5i@flickr.com',0),(1207,'Mayler','Judicaël','1983-11-29','kmayler5j@surveymonkey.com',0),(1208,'Doge','Håkan','1932-07-21','cdoge5k@vimeo.com',1),(1209,'Zmitruk','Stévina','1982-07-15','jzmitruk5l@youku.com',1),(1210,'Drayton','Garçon','1965-12-03','wdrayton5m@geocities.jp',0),(1211,'Mathon','Pål','1998-04-16','tmathon5n@usda.gov',1),(1212,'Goodlife','Maëlle','1953-05-26','bgoodlife5o@printfriendly.com',0),(1213,'Sikorski','Marie-noël','1923-03-02','vsikorski5p@indiatimes.com',1),(1214,'Shinfield','Amélie','2002-06-08','sshinfield5q@seesaa.net',0),(1215,'Worssam','Valérie','1988-05-15','jworssam5r@dion.ne.jp',0),(1216,'Plank','André','1994-11-21','hplank5s@slashdot.org',0),(1217,'Goulbourne','Noémie','1991-04-25','rgoulbourne5t@netvibes.com',0),(1218,'Arents','Alizée','1983-01-05','marents5u@oakley.com',1),(1219,'Rospars','Mà','1958-11-19','drospars5v@a8.net',0),(1220,'Eykelhof','Esbjörn','1988-06-10','geykelhof5w@weibo.com',1),(1221,'Pourvoieur','Loïca','2000-07-25','rpourvoieur5x@biblegateway.com',0),(1222,'Bickerdyke','Laurène','1975-08-05','kbickerdyke5y@nsw.gov.au',1),(1223,'Petyt','Méthode','1962-10-27','wpetyt5z@taobao.com',0),(1224,'Paulisch','Eliès','1931-01-25','bpaulisch60@squarespace.com',1),(1225,'Tyrie','Marie-noël','1985-10-09','ftyrie61@symantec.com',0),(1226,'Hawking','Marylène','1931-08-16','jhawking62@microsoft.com',1),(1227,'Jirus','Marie-ève','1976-08-13','ejirus63@phoca.cz',0),(1228,'Bodle','Tú','1997-10-16','hbodle64@ask.com',0),(1229,'Wild','Félicie','1965-07-06','swild65@ehow.com',0),(1230,'Handrek','Andréa','1936-07-24','phandrek66@ezinearticles.com',0),(1231,'Parriss','Félicie','1948-07-13','cparriss67@woothemes.com',1),(1232,'Gundrey','Thérèsa','1954-04-13','agundrey68@vimeo.com',1),(1233,'Rowell','Miléna','1935-04-23','rrowell69@cdbaby.com',1),(1234,'Naisbit','Yóu','1966-09-29','pnaisbit6a@chronoengine.com',1),(1235,'Strangwood','Véronique','1962-05-12','rstrangwood6b@nih.gov',1),(1236,'Kauscher','Simplifiés','1926-08-22','hkauscher6c@bigcartel.com',1),(1237,'Shewry','Styrbjörn','1960-12-03','lshewry6d@nydailynews.com',0),(1238,'de Verson','Anaïs','1985-06-15','adeverson6e@artisteer.com',0),(1239,'Freschi','Åslög','1965-09-28','dfreschi6f@usda.gov',0),(1240,'Edinborough','Anaëlle','1945-12-25','sedinborough6g@surveymonkey.com',0),(1241,'Marrows','Maïlys','1973-12-07','nmarrows6h@squidoo.com',0),(1242,'Riddoch','Estée','1944-12-18','briddoch6i@elegantthemes.com',0),(1243,'Cramb','Kù','1939-09-21','mcramb6j@networkadvertising.org',1),(1244,'Ocheltree','Yú','1965-05-25','mocheltree6k@gov.uk',0),(1245,'Humm','Cléa','1957-10-19','khumm6l@ftc.gov',0),(1246,'Pennetti','Mélinda','1968-11-16','kpennetti6m@slashdot.org',1),(1247,'Gerleit','Gösta','1975-12-06','rgerleit6n@about.me',0),(1248,'Piele','Stéphanie','1990-01-08','gpiele6o@wix.com',0),(1249,'Lohmeyer','Danièle','2002-03-15','tlohmeyer6p@reference.com',0),(1250,'Lerer','Maïlis','1936-09-13','slerer6q@dropbox.com',1),(1251,'Yosevitz','Méghane','1986-08-08','ayosevitz6r@mediafire.com',1),(1252,'Coulthard','Rébecca','1947-11-07','mcoulthard6s@ycombinator.com',0),(1253,'Dorrian','Clémentine','1976-07-09','ldorrian6t@google.com.hk',0),(1254,'Shillington','Anaël','1920-12-20','hshillington6u@pcworld.com',0),(1255,'Benedtti','Eliès','1984-07-01','abenedtti6v@shareasale.com',1),(1256,'Hunday','Crééz','1984-11-14','mhunday6w@msn.com',1),(1257,'Kells','Mélys','1933-11-15','skells6x@naver.com',0),(1258,'Denning','Mégane','1958-10-20','ldenning6y@paginegialle.it',0),(1259,'Renzini','Stévina','1995-02-05','drenzini6z@wikimedia.org',0),(1260,'Caird','Hélène','1935-09-16','icaird70@csmonitor.com',0),(1261,'Stansfield','Maéna','1991-01-08','rstansfield71@tiny.cc',0),(1262,'Woodes','Mahélie','1932-12-24','zwoodes72@whitehouse.gov',1),(1263,'Scothorn','Laurélie','1955-05-21','jscothorn73@vkontakte.ru',0),(1264,'Lanchbury','Torbjörn','1988-11-30','ylanchbury74@fc2.com',1),(1265,'Selcraig','Médiamass','1928-06-09','eselcraig75@ocn.ne.jp',0),(1266,'Revens','Geneviève','1947-10-12','jrevens76@amazon.com',0),(1267,'Cisson','Frédérique','1936-12-30','mcisson77@topsy.com',0),(1268,'Barnsdall','Liè','1941-01-19','mbarnsdall78@yahoo.co.jp',0),(1269,'Auty','Séverine','1926-01-11','jauty79@smugmug.com',0),(1270,'Meeks','Simplifiés','1924-06-14','mmeeks7a@mit.edu',0),(1271,'Stapley','Eléa','1978-12-12','kstapley7b@paginegialle.it',1),(1272,'Lampet','Yénora','1986-06-20','klampet7c@merriam-webster.com',0),(1273,'Menghi','Marylène','1962-06-13','mmenghi7d@facebook.com',1),(1274,'De Paepe','Marie-ève','1998-09-21','ydepaepe7e@mapy.cz',1),(1275,'Bolderstone','Mélanie','1943-09-19','cbolderstone7f@pcworld.com',0),(1276,'Canet','Mélinda','1955-05-28','acanet7g@php.net',0),(1277,'Jouannisson','Aimée','1936-01-11','ejouannisson7h@virginia.edu',1),(1278,'Fearfull','Rébecca','1967-04-28','ffearfull7i@nbcnews.com',1),(1279,'Beinke','Amélie','1986-02-03','fbeinke7j@hubpages.com',0),(1280,'Tuson','Cécile','1942-09-27','etuson7k@arizona.edu',1),(1281,'Umbers','Simplifiés','1957-07-21','dumbers7l@wufoo.com',1),(1282,'Tomczynski','Adélie','1969-11-29','mtomczynski7m@istockphoto.com',0),(1283,'Craigg','Clélia','1953-09-26','ocraigg7n@phoca.cz',0),(1284,'Triner','Annotés','1984-09-20','ptriner7o@alibaba.com',0),(1285,'Isacsson','Pål','1988-04-04','pisacsson7p@opensource.org',1),(1286,'Mulvaney','Estève','1957-09-21','emulvaney7q@yolasite.com',0),(1287,'Renvoys','Lén','1967-09-14','srenvoys7r@cnbc.com',0),(1288,'Laherty','Mélodie','1978-04-21','rlaherty7s@va.gov',0),(1289,'Ruberti','Göran','1973-09-09','rruberti7t@redcross.org',0),(1290,'Stopher','Mélinda','1921-05-23','lstopher7u@nydailynews.com',0),(1291,'Nisius','Stévina','1936-12-21','cnisius7v@myspace.com',1),(1292,'Vickerman','Léonie','1926-12-13','ovickerman7w@soup.io',1),(1293,'Clapshaw','Anaïs','1938-08-28','gclapshaw7x@macromedia.com',1),(1294,'Ondrak','Maïly','1929-05-11','hondrak7y@cnbc.com',0),(1295,'Still','Örjan','1928-10-09','rstill7z@google.fr',1),(1296,'Kenton','Judicaël','1972-09-21','lkenton80@dedecms.com',1),(1297,'Dukelow','Joséphine','1932-01-04','ddukelow81@dot.gov',0),(1298,'Boddis','Lorène','1976-03-22','rboddis82@whitehouse.gov',0),(1299,'Lyall','Magdalène','2000-09-26','slyall83@gizmodo.com',1),(1300,'Molohan','Irène','1962-08-08','dmolohan84@ycombinator.com',1),(1301,'Gianilli','Mélodie','1977-08-27','ggianilli85@bing.com',1),(1302,'Chadwin','Ráo','1957-12-20','kchadwin86@google.co.jp',1),(1303,'MacEntee','Naéva','1924-01-10','bmacentee87@wikispaces.com',0),(1304,'Cottee','Inès','1991-12-27','fcottee88@flavors.me',0),(1305,'Le Cornu','Nadège','1942-06-01','clecornu89@hexun.com',0),(1306,'Griniov','Bérénice','1992-11-15','ggriniov8a@mit.edu',0),(1307,'Cuxon','Håkan','1949-02-17','bcuxon8b@prnewswire.com',1),(1308,'Melly','Audréanne','1996-09-28','jmelly8c@goo.ne.jp',0),(1309,'Blankley','Yú','1989-11-16','jblankley8d@printfriendly.com',1),(1310,'Klebes','Yáo','1967-06-03','wklebes8e@youku.com',0),(1311,'Farenden','Maëlys','1962-07-10','sfarenden8f@123-reg.co.uk',0),(1312,'Boutellier','Laurène','1981-01-21','pboutellier8g@youku.com',1),(1313,'Smedley','Méline','1979-11-08','msmedley8h@paginegialle.it',0),(1314,'Vass','Béatrice','1975-09-16','rvass8i@rambler.ru',0),(1315,'Schiesterl','Dafnée','1944-01-12','cschiesterl8j@pcworld.com',0),(1316,'Tomsen','Nuó','1968-05-06','atomsen8k@amazon.co.uk',0),(1317,'Humbey','Loïca','1981-06-09','rhumbey8l@jimdo.com',0),(1318,'Mioni','Cléopatre','1961-02-22','smioni8m@qq.com',0),(1319,'Jacson','Maëlyss','1955-05-30','ajacson8n@usatoday.com',0),(1320,'Tidmas','Naéva','1994-09-05','ftidmas8o@sourceforge.net',1),(1321,'Gage','Léa','1980-10-20','kgage8p@google.com.br',1),(1322,'Flanner','Andréa','1970-02-03','mflanner8q@blogs.com',0),(1323,'Sheering','Simplifiés','1950-06-23','msheering8r@sogou.com',1),(1324,'Cawthera','Kuí','1925-01-30','rcawthera8s@ucsd.edu',0),(1325,'Boyson','Bérangère','1939-06-20','kboyson8t@amazonaws.com',1),(1326,'Losselyong','Noëlla','1949-06-03','glosselyong8u@nba.com',1),(1327,'Pritty','Maïly','1947-03-13','bpritty8v@diigo.com',0),(1328,'Dailey','Stéphanie','1999-06-03','cdailey8w@pen.io',1),(1329,'Petrina','Kallisté','1945-01-29','gpetrina8x@sciencedaily.com',1),(1330,'Rabley','Simplifiés','1949-09-20','krabley8y@whitehouse.gov',0),(1331,'Fassbindler','Danièle','1974-05-23','mfassbindler8z@springer.com',0),(1332,'Lotze','Intéressant','1964-11-15','clotze90@skype.com',1),(1333,'Coulter','Estée','1979-11-18','kcoulter91@howstuffworks.com',1),(1334,'Suarez','Cécile','1977-12-04','csuarez92@smh.com.au',0),(1335,'Benge','Faîtes','1950-06-15','rbenge93@wix.com',1),(1336,'Connerry','Chloé','1999-03-09','cconnerry94@csmonitor.com',1),(1337,'Gomes','Maïté','1934-08-30','sgomes95@ibm.com',0),(1338,'Yearby','Cécilia','2000-09-20','ayearby96@exblog.jp',0),(1339,'Slixby','Vénus','1974-05-22','aslixby97@bbc.co.uk',1),(1340,'Torbett','Régine','1960-10-01','ltorbett98@plala.or.jp',0),(1341,'Van Eeden','Nélie','1985-09-19','dvaneeden99@google.pl',1),(1342,'Dyter','Mårten','1951-09-07','hdyter9a@histats.com',0),(1343,'Maffiotti','Intéressant','1977-08-13','amaffiotti9b@wordpress.com',1),(1344,'Bowlesworth','Magdalène','1955-09-06','gbowlesworth9c@google.com.br',0),(1345,'O\'Brien','Desirée','1971-08-25','tobrien9d@ow.ly',0),(1346,'Peggs','Ophélie','1948-08-01','mpeggs9e@qq.com',0),(1347,'Jerrom','Crééz','1970-09-20','djerrom9f@hao123.com',1),(1348,'Jersh','Torbjörn','1935-12-08','bjersh9g@spiegel.de',0),(1349,'Tungate','Ruò','1923-08-15','stungate9h@unblog.fr',1),(1350,'Lammin','Léane','1970-03-19','klammin9i@nih.gov',0),(1351,'Ply','Judicaël','1922-07-08','kply9j@sfgate.com',0),(1352,'Greatorex','Geneviève','1970-11-24','tgreatorex9k@google.it',1),(1353,'Pires','Mahélie','1966-04-01','hpires9l@spotify.com',0),(1354,'Gerrard','Clémentine','1954-07-20','ogerrard9m@unesco.org',0),(1355,'Krink','Mårten','1981-02-19','ukrink9n@vistaprint.com',1),(1356,'Sawer','Annotés','1938-03-23','csawer9o@jalbum.net',0),(1357,'McComas','Maï','1931-02-21','lmccomas9p@topsy.com',1),(1358,'Caldecott','Lèi','2002-06-21','acaldecott9q@google.cn',0),(1359,'Danev','Anaïs','1975-02-20','wdanev9r@java.com',0),(1360,'Rome','Lèi','2000-09-03','yrome9s@odnoklassniki.ru',0),(1361,'Hawkey','Dù','1981-05-13','chawkey9t@columbia.edu',1),(1362,'Inskipp','Cléopatre','1968-04-08','tinskipp9u@lulu.com',0),(1363,'Impett','Marlène','1989-10-21','cimpett9v@canalblog.com',1),(1364,'Ingerman','Méthode','1964-10-17','mingerman9w@sohu.com',0),(1365,'Hayhurst','Wá','1952-06-10','jhayhurst9x@dailymotion.com',1),(1366,'Korpolak','Dorothée','1965-05-28','akorpolak9y@xing.com',1),(1367,'Tuckett','Cloé','1955-12-29','jtuckett9z@lulu.com',1),(1368,'Minichi','Sélène','1987-02-10','nminichia0@economist.com',0),(1369,'Goforth','Bécassine','1938-04-10','lgofortha1@webmd.com',1),(1370,'McHaffy','Håkan','1974-03-15','tmchaffya2@google.ru',0),(1371,'Hallworth','Laïla','1958-05-02','khallwortha3@samsung.com',0),(1372,'Suche','Bérangère','1934-05-24','fsuchea4@indiegogo.com',1),(1373,'Birth','Maëlann','1947-05-19','cbirtha5@dmoz.org',1),(1374,'Monro','Dafnée','1984-07-07','nmonroa6@cdbaby.com',0),(1375,'Jenney','Bénédicte','1938-01-07','hjenneya7@usatoday.com',1),(1376,'Cordet','Noëlla','1946-01-26','gcordeta8@engadget.com',1),(1377,'Caine','Zhì','1949-01-13','gcainea9@chicagotribune.com',0),(1378,'Feacham','Mà','2002-08-29','gfeachamaa@homestead.com',1),(1379,'Callard','Lèi','1949-07-08','bcallardab@techcrunch.com',0),(1380,'Crass','Bérengère','1999-03-05','lcrassac@wired.com',0),(1381,'Van Oord','Laurélie','1968-12-07','ivanoordad@oaic.gov.au',0),(1382,'Balazs','Clémentine','1954-07-10','rbalazsae@gnu.org',1),(1383,'Strangward','Estève','1948-02-08','estrangwardaf@nbcnews.com',1),(1384,'Doogue','Annotés','1945-11-20','cdoogueag@pagesperso-orange.fr',0),(1385,'Vasyukhichev','Séverine','1926-01-04','avasyukhichevah@technorati.com',0),(1386,'Last','Maëlann','1957-08-06','rlastai@washington.edu',1),(1387,'Cregin','Cunégonde','1941-12-21','pcreginaj@samsung.com',1),(1388,'Jordanson','Félicie','1986-02-28','rjordansonak@globo.com',1),(1389,'Alison','Maïwenn','1927-04-16','falisonal@yandex.ru',1),(1390,'Elcombe','Géraldine','1928-10-25','uelcombeam@com.com',1),(1391,'Stride','Géraldine','1982-07-23','mstridean@networkadvertising.org',0),(1392,'Hartzogs','Aí','1931-10-17','mhartzogsao@freewebs.com',1),(1393,'McFater','Jú','1941-05-01','mmcfaterap@springer.com',1),(1394,'Motte','Pénélope','1922-11-24','bmotteaq@about.com',0),(1395,'Woloschinski','Dafnée','1994-10-07','nwoloschinskiar@usnews.com',1),(1396,'Middlemass','Yóu','1922-10-30','rmiddlemassas@wordpress.org',1),(1397,'Gotmann','Yè','1952-10-28','rgotmannat@furl.net',0),(1398,'Gould','Anaé','1970-08-27','mgouldau@mozilla.com',1),(1399,'Elies','Loïs','1945-03-30','aeliesav@latimes.com',0),(1400,'Ollett','Crééz','2001-05-21','pollettaw@pinterest.com',0),(1401,'Trenchard','Bérengère','1964-07-12','btrenchardax@symantec.com',0),(1402,'Vaud','Léa','1940-02-16','dvauday@shinystat.com',1),(1403,'Folds','Médiamass','1947-07-22','dfoldsaz@theglobeandmail.com',0),(1404,'Osburn','Néhémie','1938-08-12','gosburnb0@unicef.org',1),(1405,'Brettoner','Réservés','1940-06-30','gbrettonerb1@chronoengine.com',0),(1406,'Sweetman','Mélinda','1961-03-21','gsweetmanb2@woothemes.com',1),(1407,'Fancett','Lén','1931-07-02','ofancettb3@harvard.edu',1),(1408,'Sandcroft','Sélène','1921-08-01','psandcroftb4@yandex.ru',0),(1409,'McQuaker','Magdalène','1972-10-09','jmcquakerb5@opera.com',1),(1410,'Maylour','Marie-hélène','1971-09-11','dmaylourb6@wix.com',0),(1411,'Quaif','Simplifiés','1964-04-23','cquaifb7@craigslist.org',0),(1412,'Brook','Uò','1966-06-16','abrookb8@shinystat.com',0),(1413,'Giordano','Irène','1976-06-30','ngiordanob9@tinypic.com',0),(1414,'Dewhirst','Nuó','1976-05-03','kdewhirstba@craigslist.org',0),(1415,'Rydings','Bénédicte','1955-12-03','mrydingsbb@fema.gov',1),(1416,'Wastell','Märta','1982-11-28','cwastellbc@trellian.com',1),(1417,'Hewkin','Bécassine','2002-01-24','dhewkinbd@storify.com',0),(1418,'Bortoluzzi','Mégane','1960-10-06','abortoluzzibe@histats.com',1),(1419,'Barck','Kévina','1949-07-16','abarckbf@myspace.com',1),(1420,'Childrens','Clémence','1944-01-06','rchildrensbg@cpanel.net',1),(1421,'Dormand','Rébecca','1966-01-11','cdormandbh@yolasite.com',0),(1422,'Gaunter','Lyséa','1943-11-12','dgaunterbi@tripadvisor.com',1),(1423,'Keave','Fèi','1937-12-29','rkeavebj@who.int',0),(1424,'Novak','Liè','1925-02-26','dnovakbk@nymag.com',0),(1425,'Muehle','Kallisté','1954-12-17','gmuehlebl@umich.edu',0),(1426,'Gainforth','Réservés','1928-05-17','bgainforthbm@aboutads.info',1),(1427,'Gloucester','Loïc','1960-09-14','mgloucesterbn@upenn.edu',0),(1428,'Dakhov','Lucrèce','1954-07-06','tdakhovbo@naver.com',0),(1429,'Ribbens','Kallisté','1959-10-28','dribbensbp@tripod.com',1),(1430,'Dwire','Pò','1975-06-18','pdwirebq@youtu.be',1),(1431,'Daintrey','Maïwenn','1976-11-24','ddaintreybr@cmu.edu',1),(1432,'Raithbie','Pò','1990-05-30','jraithbiebs@apache.org',1),(1433,'Gimeno','Thérèse','1980-10-14','kgimenobt@naver.com',0),(1434,'Klampt','Marie-josée','1966-08-27','rklamptbu@slashdot.org',1),(1435,'Lodevick','Angélique','1942-10-29','tlodevickbv@miibeian.gov.cn',1),(1436,'O\' Cuolahan','Ráo','1922-01-15','docuolahanbw@nbcnews.com',1),(1437,'Bome','Maïlys','1955-02-24','hbomebx@java.com',1),(1438,'Maulin','Mahélie','1986-10-29','emaulinby@t.co',0),(1439,'Brammar','Måns','1988-05-29','cbrammarbz@bloglines.com',0),(1440,'Jahnke','Bénédicte','1998-10-03','cjahnkec0@is.gd',0),(1441,'Astill','Maïwenn','1986-11-02','kastillc1@archive.org',0),(1442,'McClenan','Hélèna','1983-01-18','jmcclenanc2@php.net',1),(1443,'Tremaine','Miléna','1997-09-23','vtremainec3@privacy.gov.au',0),(1444,'Daoust','Fèi','1961-04-05','udaoustc4@uiuc.edu',0),(1445,'Leynton','Pénélope','1952-01-30','oleyntonc5@angelfire.com',1),(1446,'Littledike','Simplifiés','1982-05-03','tlittledikec6@google.com.br',1),(1447,'Itzcak','Noëlla','1975-01-16','jitzcakc7@cloudflare.com',0),(1448,'Hurst','Camélia','1942-01-31','rhurstc8@sohu.com',0),(1449,'Rickesies','Magdalène','1971-12-24','mrickesiesc9@prweb.com',0),(1450,'Noulton','Mélys','1953-10-23','lnoultonca@multiply.com',0),(1451,'Quernel','Mén','1953-03-18','kquernelcb@nps.gov',1),(1452,'Insworth','Östen','1978-02-18','minsworthcc@typepad.com',1),(1453,'Schoolcroft','Loïca','1946-10-29','dschoolcroftcd@skyrock.com',1),(1454,'Rallings','Maï','1988-05-04','crallingsce@wordpress.com',1),(1455,'Sigert','Yóu','1995-12-21','asigertcf@netvibes.com',1),(1456,'Bartlam','Clémence','1941-07-06','tbartlamcg@w3.org',0),(1457,'Fackrell','Léonie','1984-11-11','efackrellch@thetimes.co.uk',1),(1458,'Caplan','Almérinda','1979-04-22','mcaplanci@furl.net',0),(1459,'Coyle','Néhémie','1954-05-08','lcoylecj@oaic.gov.au',1),(1460,'McTeggart','Maïly','1925-08-06','smcteggartck@flavors.me',0),(1461,'Cicero','Aí','1931-08-18','wcicerocl@ebay.co.uk',0),(1462,'Burfield','Zhì','1999-07-29','cburfieldcm@google.com',0),(1463,'Peace','Bérangère','1933-02-27','lpeacecn@wix.com',0),(1464,'Tomicki','Gwenaëlle','1946-02-15','atomickico@toplist.cz',1),(1465,'Timmis','Dorothée','1961-09-18','ntimmiscp@chronoengine.com',0),(1466,'Wolseley','Angélique','1971-04-14','hwolseleycq@mapy.cz',1),(1467,'Snap','Uò','1966-01-28','csnapcr@imgur.com',0),(1468,'Coppledike','Méline','1964-01-14','ecoppledikecs@cbslocal.com',1),(1469,'Ammer','Cunégonde','1921-04-08','eammerct@friendfeed.com',1),(1470,'Le Estut','Mårten','1979-06-09','cleestutcu@oracle.com',0),(1471,'MacHoste','Göran','1928-03-04','fmachostecv@ameblo.jp',1),(1472,'Hesser','Marie-hélène','1948-12-02','bhessercw@comcast.net',1),(1473,'Wildash','Lóng','1975-08-09','ewildashcx@t-online.de',1),(1474,'Paladini','Sélène','1922-10-23','apaladinicy@instagram.com',0),(1475,'Giraudot','Marie-françoise','1935-04-02','cgiraudotcz@indiegogo.com',1),(1476,'Shawyer','Björn','1997-08-09','lshawyerd0@list-manage.com',1),(1477,'Perche','Séverine','1993-05-28','lperched1@vkontakte.ru',0),(1478,'Shenfish','Örjan','1954-03-30','ashenfishd2@tumblr.com',1),(1479,'Rockcliff','Yè','1977-05-21','krockcliffd3@sbwire.com',0),(1480,'Raffon','Loïs','1947-07-21','mraffond4@ucoz.ru',1),(1481,'Bridger','Börje','1989-11-06','nbridgerd5@statcounter.com',1),(1482,'McKelvey','Gaëlle','1932-11-24','dmckelveyd6@issuu.com',1),(1483,'De Blasiis','Ruì','1956-01-09','bdeblasiisd7@networkadvertising.org',1),(1484,'Gaymer','Tú','1925-12-31','rgaymerd8@pcworld.com',0),(1485,'Dureden','Daphnée','1960-06-15','sduredend9@nba.com',1),(1486,'Westgarth','Séverine','1984-06-30','dwestgarthda@wix.com',1),(1487,'Vasin','Yè','1948-05-18','avasindb@ucla.edu',0),(1488,'Millington','Ruì','1983-11-04','rmillingtondc@merriam-webster.com',1),(1489,'Mahy','Noëlla','1972-10-26','cmahydd@multiply.com',0),(1490,'O\'Deegan','Östen','1979-09-21','rodeegande@liveinternet.ru',1),(1491,'Singyard','Aurélie','1962-07-02','lsingyarddf@vistaprint.com',0),(1492,'Clemetts','Ruì','1974-08-12','aclemettsdg@wikispaces.com',0),(1493,'Kamena','Ráo','2001-09-24','ukamenadh@sakura.ne.jp',1),(1494,'Gabb','Adèle','1960-12-23','jgabbdi@360.cn',1),(1495,'McGettigan','Fèi','1959-10-21','fmcgettigandj@bizjournals.com',0),(1496,'Ceeley','Judicaël','1956-08-12','vceeleydk@wiley.com',0),(1497,'Farmer','Uò','2000-10-01','tfarmerdl@va.gov',0),(1498,'Druce','Lén','1943-01-27','kdrucedm@sphinn.com',1),(1499,'Ghiroldi','Kévina','1967-06-04','aghiroldidn@storify.com',0),(1500,'Carbonell','Michèle','1956-08-31','gcarbonelldo@wisc.edu',0),(1501,'O\'Shevlan','Anaé','1975-12-05','coshevlandp@google.co.uk',1),(1502,'Ife','Yè','1978-03-22','rifedq@nationalgeographic.com',1),(1503,'Benoey','Lorène','1955-03-07','abenoeydr@cnet.com',0),(1504,'Swinney','Eugénie','1997-12-01','lswinneyds@hibu.com',0),(1505,'Pretsel','Stéphanie','1970-08-25','mpretseldt@goo.ne.jp',0),(1506,'Dicks','Andréanne','1989-07-20','adicksdu@soundcloud.com',1),(1507,'Carlett','Chloé','1921-11-25','bcarlettdv@etsy.com',0);
/*!40000 ALTER TABLE `client` ENABLE KEYS */;
UNLOCK TABLES;

--
-- Table structure for table `commande`
--

DROP TABLE IF EXISTS `commande`;
/*!40101 SET @saved_cs_client     = @@character_set_client */;
/*!50503 SET character_set_client = utf8mb4 */;
CREATE TABLE `commande` (
  `id` int NOT NULL AUTO_INCREMENT,
  `client_id` int NOT NULL,
  `date` date NOT NULL,
  `paye` tinyint NOT NULL DEFAULT '0',
  PRIMARY KEY (`id`),
  KEY `fk_commande_client_idx` (`client_id`),
  CONSTRAINT `fk_commande_client` FOREIGN KEY (`client_id`) REFERENCES `client` (`id`)
) ENGINE=InnoDB AUTO_INCREMENT=3009 DEFAULT CHARSET=utf8mb4 COLLATE=utf8mb4_0900_ai_ci;
/*!40101 SET character_set_client = @saved_cs_client */;

--
-- Dumping data for table `commande`
--

LOCK TABLES `commande` WRITE;
/*!40000 ALTER TABLE `commande` DISABLE KEYS */;
INSERT INTO `commande` VALUES (9,1041,'2020-06-24',0),(10,1398,'2021-04-11',1),(11,1462,'2020-12-26',0),(12,1309,'2020-06-12',0),(13,1288,'2020-10-19',0),(14,1282,'2021-01-10',1),(15,1327,'2020-11-16',0),(16,1133,'2021-03-30',0),(17,1137,'2020-12-25',1),(18,1015,'2020-07-31',1),(19,1020,'2020-11-18',1),(20,1097,'2020-03-05',1),(21,1053,'2020-11-08',1),(22,1259,'2020-01-22',1),(23,1242,'2020-09-29',1),(24,1035,'2021-03-29',1),(25,1367,'2021-02-11',0),(26,1299,'2020-06-13',0),(27,1017,'2021-03-04',1),(28,1439,'2020-05-24',0),(29,1142,'2020-11-29',0),(30,1255,'2020-06-11',0),(31,1370,'2020-05-30',1),(32,1186,'2021-04-09',1),(33,1104,'2020-11-14',0),(34,1434,'2020-01-03',1),(35,1222,'2020-05-11',1),(36,1086,'2020-04-06',0),(37,1322,'2020-09-07',0),(38,1260,'2021-02-17',0),(39,1186,'2021-01-18',1),(40,1472,'2020-06-11',1),(41,1379,'2020-11-19',1),(42,1174,'2021-04-12',0),(43,1356,'2020-09-01',0),(44,1372,'2020-04-12',0),(45,1453,'2020-01-10',0),(46,1432,'2020-01-28',1),(47,1468,'2020-11-01',0),(48,1068,'2020-10-17',1),(49,1069,'2020-02-12',0),(50,1398,'2020-07-05',0),(51,1367,'2021-03-02',1),(52,1278,'2020-11-22',0),(53,1423,'2020-03-17',1),(54,1127,'2020-02-16',1),(55,1200,'2020-08-05',1),(56,1285,'2020-12-19',1),(57,1279,'2020-11-18',0),(58,1023,'2020-11-12',1),(59,1266,'2020-02-09',1),(60,1142,'2020-05-31',0),(61,1439,'2020-04-27',0),(62,1305,'2020-07-03',1),(63,1210,'2020-10-01',1),(64,1396,'2020-01-20',0),(65,1477,'2020-06-19',1),(66,1332,'2020-06-15',1),(67,1459,'2021-03-17',1),(68,1314,'2020-11-13',1),(69,1263,'2020-08-20',0),(70,1185,'2020-01-30',1),(71,1325,'2020-08-16',1),(72,1050,'2020-05-15',1),(73,1349,'2020-10-08',1),(74,1261,'2021-01-24',0),(75,1411,'2020-05-01',1),(76,1472,'2021-03-05',1),(77,1093,'2020-01-26',0),(78,1315,'2021-04-15',1),(79,1119,'2020-08-12',1),(80,1371,'2020-03-04',1),(81,1211,'2020-01-09',1),(82,1415,'2020-02-15',0),(83,1180,'2020-03-05',1),(84,1041,'2020-02-21',1),(85,1284,'2020-03-21',0),(86,1097,'2021-03-05',1),(87,1089,'2021-03-07',0),(88,1220,'2020-05-18',1),(89,1240,'2021-01-03',0),(90,1098,'2020-07-10',1),(91,1256,'2020-12-13',0),(92,1063,'2020-11-08',1),(93,1156,'2020-02-05',0),(94,1244,'2020-03-23',1),(95,1134,'2021-02-07',1),(96,1253,'2020-06-29',1),(97,1071,'2020-10-28',0),(98,1153,'2020-11-06',0),(99,1125,'2020-02-13',1),(100,1172,'2020-06-28',0),(101,1206,'2020-01-10',1),(102,1459,'2020-10-18',1),(103,1225,'2020-04-25',1),(104,1199,'2020-08-09',1),(105,1241,'2020-03-17',0),(106,1322,'2020-09-24',1),(107,1242,'2020-10-30',0),(108,1456,'2021-03-12',0),(109,1081,'2020-01-22',1),(110,1323,'2020-04-12',0),(111,1083,'2020-09-10',1),(112,1297,'2020-10-31',1),(113,1309,'2020-02-15',1),(114,1293,'2020-06-14',0),(115,1451,'2020-07-10',0),(116,1141,'2020-04-21',0),(117,1462,'2020-11-16',0),(118,1353,'2021-03-10',1),(119,1488,'2020-12-10',0),(120,1323,'2020-01-19',0),(121,1266,'2020-05-20',1),(122,1370,'2020-12-11',1),(123,1085,'2020-10-23',1),(124,1158,'2020-04-08',1),(125,1304,'2020-03-14',0),(126,1081,'2020-03-10',1),(127,1370,'2020-04-23',0),(128,1368,'2020-05-14',0),(129,1292,'2020-06-05',1),(130,1311,'2020-06-05',0),(131,1302,'2021-01-06',0),(132,1483,'2021-04-08',1),(133,1455,'2021-03-29',0),(134,1477,'2020-02-27',0),(135,1444,'2020-01-09',0),(136,1010,'2021-01-30',1),(137,1374,'2020-09-19',0),(138,1096,'2020-10-14',1),(139,1425,'2021-02-04',0),(140,1313,'2021-04-08',1),(141,1128,'2020-12-09',1),(142,1178,'2021-04-21',1),(143,1352,'2020-10-31',0),(144,1062,'2020-11-10',1),(145,1184,'2020-04-22',0),(146,1130,'2020-01-20',1),(147,1336,'2020-01-22',0),(148,1411,'2021-01-21',1),(149,1109,'2020-05-13',1),(150,1243,'2020-04-14',0),(151,1422,'2020-02-17',1),(152,1397,'2020-09-30',1),(153,1069,'2021-02-26',1),(154,1384,'2020-12-10',1),(155,1473,'2020-04-21',0),(156,1289,'2020-03-03',0),(157,1078,'2020-10-02',0),(158,1408,'2020-05-04',1),(159,1404,'2020-10-05',1),(160,1285,'2020-12-03',1),(161,1441,'2020-03-30',1),(162,1101,'2021-02-03',0),(163,1056,'2021-03-09',1),(164,1354,'2021-04-09',0),(165,1356,'2020-02-05',1),(166,1104,'2020-04-03',1),(167,1405,'2020-04-27',1),(168,1150,'2020-03-19',0),(169,1110,'2020-03-18',1),(170,1176,'2020-08-04',1),(171,1243,'2021-04-02',1),(172,1465,'2020-01-18',0),(173,1444,'2021-01-21',0),(174,1419,'2021-01-30',1),(175,1033,'2020-05-03',1),(176,1329,'2020-05-24',1),(177,1370,'2021-03-19',0),(178,1482,'2020-07-15',1),(179,1130,'2020-06-17',1),(180,1181,'2020-02-06',1),(181,1457,'2021-02-02',0),(182,1262,'2020-07-18',1),(183,1269,'2021-03-07',1),(184,1201,'2021-02-17',0),(185,1132,'2020-10-02',0),(186,1349,'2020-04-17',1),(187,1314,'2020-02-20',0),(188,1414,'2020-01-30',0),(189,1127,'2020-06-22',1),(190,1242,'2020-10-26',1),(191,1468,'2020-02-13',0),(192,1403,'2020-05-30',1),(193,1341,'2020-09-27',1),(194,1397,'2020-01-27',1),(195,1221,'2021-01-15',1),(196,1462,'2021-04-21',1),(197,1063,'2020-01-29',1),(198,1113,'2020-07-17',1),(199,1434,'2020-01-26',0),(200,1057,'2021-02-09',1),(201,1235,'2020-12-10',1),(202,1100,'2021-04-06',0),(203,1506,'2021-02-23',0),(204,1243,'2021-03-17',1),(205,1138,'2021-01-14',0),(206,1083,'2020-12-05',0),(207,1008,'2020-05-03',0),(208,1430,'2020-10-08',0),(209,1131,'2021-02-20',1),(210,1398,'2020-01-03',1),(211,1088,'2021-04-07',0),(212,1185,'2020-12-20',1),(213,1230,'2020-05-27',1),(214,1068,'2021-01-03',1),(215,1422,'2020-01-06',1),(216,1124,'2020-05-15',0),(217,1464,'2020-08-17',0),(218,1485,'2020-01-16',1),(219,1466,'2020-07-14',0),(220,1354,'2020-07-09',0),(221,1482,'2020-06-06',0),(222,1376,'2020-02-11',0),(223,1134,'2020-01-14',1),(224,1207,'2020-12-06',1),(225,1104,'2020-10-21',1),(226,1129,'2020-06-06',1),(227,1132,'2020-11-25',0),(228,1235,'2021-03-21',0),(229,1107,'2020-07-11',1),(230,1178,'2020-08-08',1),(231,1253,'2020-11-03',1),(232,1027,'2020-05-23',1),(233,1481,'2020-05-24',1),(234,1060,'2020-05-09',1),(235,1124,'2021-02-28',1),(236,1263,'2021-02-24',0),(237,1156,'2020-11-25',1),(238,1380,'2021-04-05',0),(239,1462,'2020-10-11',1),(240,1453,'2020-04-03',1),(241,1426,'2021-03-31',0),(242,1421,'2021-02-24',1),(243,1254,'2020-09-19',0),(244,1013,'2020-10-15',0),(245,1026,'2020-09-26',0),(246,1286,'2020-04-21',0),(247,1415,'2020-05-06',1),(248,1118,'2020-10-08',1),(249,1036,'2020-11-26',0),(250,1126,'2020-12-03',0),(251,1375,'2020-02-08',1),(252,1444,'2020-07-20',0),(253,1229,'2021-03-24',0),(254,1336,'2020-08-04',1),(255,1013,'2020-03-13',1),(256,1262,'2020-04-20',0),(257,1268,'2021-02-12',1),(258,1468,'2021-04-22',1),(259,1061,'2020-11-05',0),(260,1207,'2020-09-13',0),(261,1413,'2020-07-30',1),(262,1201,'2020-10-25',0),(263,1378,'2021-04-09',0),(264,1163,'2020-02-29',0),(265,1187,'2021-02-03',1),(266,1446,'2020-10-24',1),(267,1341,'2021-03-08',1),(268,1337,'2020-01-05',0),(269,1223,'2020-11-20',1),(270,1327,'2020-12-03',0),(271,1255,'2021-01-25',0),(272,1082,'2021-03-02',0),(273,1215,'2021-03-19',1),(274,1241,'2020-08-11',1),(275,1166,'2020-01-05',1),(276,1253,'2020-07-26',0),(277,1191,'2021-04-02',0),(278,1234,'2021-04-27',1),(279,1118,'2020-05-17',0),(280,1484,'2020-02-29',1),(281,1373,'2020-09-23',0),(282,1183,'2020-08-16',1),(283,1107,'2020-11-11',1),(284,1064,'2020-08-01',0),(285,1185,'2020-01-06',0),(286,1117,'2020-10-16',0),(287,1414,'2020-07-27',1),(288,1154,'2020-10-06',1),(289,1122,'2020-07-11',1),(290,1092,'2020-11-23',1),(291,1427,'2020-08-05',1),(292,1140,'2020-01-30',1),(293,1029,'2020-03-25',0),(294,1040,'2020-07-07',0),(295,1492,'2020-03-08',0),(296,1069,'2021-03-28',0),(297,1496,'2020-08-07',1),(298,1334,'2020-04-08',1),(299,1064,'2021-02-10',1),(300,1199,'2021-03-31',0),(301,1318,'2020-04-17',1),(302,1225,'2020-11-14',0),(303,1358,'2020-02-04',0),(304,1167,'2020-10-31',1),(305,1242,'2021-03-06',1),(306,1339,'2020-08-08',0),(307,1377,'2020-09-22',0),(308,1429,'2020-12-27',0),(309,1255,'2020-05-13',1),(310,1089,'2021-02-02',0),(311,1391,'2020-11-20',1),(312,1364,'2020-09-23',0),(313,1288,'2021-03-22',0),(314,1386,'2021-01-20',0),(315,1089,'2020-10-09',1),(316,1415,'2020-07-29',1),(317,1112,'2021-03-26',1),(318,1164,'2020-07-17',1),(319,1326,'2020-08-20',1),(320,1183,'2020-07-06',1),(321,1207,'2021-02-16',1),(322,1351,'2021-04-29',0),(323,1162,'2020-02-05',1),(324,1256,'2020-08-27',1),(325,1090,'2021-04-18',1),(326,1399,'2020-07-12',1),(327,1227,'2020-07-14',0),(328,1176,'2020-02-09',0),(329,1246,'2020-03-23',1),(330,1435,'2020-05-26',0),(331,1011,'2020-05-03',0),(332,1132,'2020-06-12',1),(333,1164,'2020-06-03',1),(334,1116,'2021-01-09',1),(335,1043,'2021-04-20',1),(336,1340,'2020-09-25',0),(337,1334,'2020-08-28',0),(338,1118,'2020-11-10',1),(339,1259,'2021-01-15',0),(340,1016,'2020-03-29',1),(341,1198,'2020-06-24',0),(342,1179,'2021-03-20',1),(343,1063,'2020-04-04',1),(344,1373,'2020-05-12',0),(345,1499,'2020-06-10',1),(346,1158,'2021-03-01',0),(347,1295,'2020-12-26',0),(348,1018,'2020-11-22',0),(349,1440,'2020-04-30',0),(350,1399,'2020-01-18',0),(351,1215,'2020-05-17',0),(352,1364,'2020-01-24',0),(353,1227,'2020-05-05',0),(354,1409,'2021-02-08',1),(355,1098,'2021-04-06',1),(356,1435,'2021-02-13',0),(357,1395,'2020-02-25',1),(358,1262,'2020-02-13',0),(359,1276,'2020-07-31',0),(360,1182,'2020-09-23',0),(361,1260,'2020-09-30',0),(362,1163,'2020-03-25',0),(363,1317,'2021-01-15',1),(364,1257,'2020-01-22',0),(365,1466,'2020-02-12',1),(366,1314,'2021-01-02',0),(367,1229,'2020-10-03',1),(368,1182,'2020-08-13',1),(369,1301,'2020-12-14',1),(370,1365,'2021-02-28',0),(371,1503,'2020-09-30',0),(372,1038,'2020-10-11',0),(373,1404,'2020-01-24',0),(374,1127,'2020-09-30',0),(375,1142,'2020-04-04',0),(376,1111,'2020-08-19',1),(377,1123,'2021-02-13',0),(378,1354,'2020-06-12',1),(379,1507,'2020-03-23',1),(380,1130,'2020-10-19',0),(381,1363,'2020-01-30',1),(382,1463,'2021-01-08',1),(383,1266,'2020-03-17',1),(384,1206,'2021-02-13',1),(385,1133,'2021-01-20',1),(386,1029,'2020-03-15',1),(387,1045,'2021-04-16',0),(388,1504,'2020-06-23',0),(389,1144,'2020-04-07',1),(390,1042,'2020-06-02',1),(391,1254,'2020-11-14',0),(392,1453,'2020-05-24',0),(393,1492,'2020-12-28',0),(394,1188,'2020-10-27',0),(395,1490,'2021-01-17',0),(396,1059,'2020-10-15',1),(397,1029,'2020-11-05',1),(398,1101,'2020-12-18',0),(399,1374,'2021-01-16',0),(400,1496,'2020-03-15',1),(401,1235,'2020-08-20',1),(402,1053,'2021-02-08',1),(403,1263,'2020-11-26',0),(404,1429,'2020-07-18',1),(405,1464,'2021-02-15',1),(406,1219,'2020-03-30',1),(407,1463,'2020-06-15',1),(408,1184,'2021-02-01',1),(409,1156,'2020-02-07',1),(410,1023,'2020-06-12',0),(411,1154,'2020-06-19',0),(412,1021,'2020-06-19',0),(413,1229,'2020-09-19',0),(414,1447,'2021-04-17',1),(415,1138,'2021-03-23',0),(416,1016,'2020-07-19',1),(417,1448,'2020-01-31',1),(418,1174,'2020-01-29',0),(419,1393,'2020-02-13',1),(420,1322,'2021-03-09',0),(421,1353,'2020-04-22',1),(422,1380,'2020-08-18',1),(423,1057,'2020-11-16',1),(424,1258,'2020-11-14',0),(425,1045,'2020-11-07',1),(426,1494,'2020-07-14',0),(427,1379,'2020-07-07',1),(428,1201,'2020-12-30',0),(429,1473,'2020-09-18',1),(430,1425,'2020-11-22',0),(431,1165,'2020-12-17',1),(432,1499,'2020-05-08',1),(433,1051,'2020-04-25',1),(434,1325,'2020-10-24',0),(435,1201,'2021-01-27',1),(436,1438,'2020-07-01',1),(437,1217,'2020-06-24',0),(438,1217,'2020-08-19',0),(439,1123,'2020-11-24',1),(440,1195,'2020-03-02',1),(441,1231,'2020-08-17',0),(442,1319,'2020-08-24',0),(443,1173,'2020-05-01',0),(444,1170,'2021-01-01',1),(445,1157,'2020-07-19',1),(446,1322,'2020-12-04',1),(447,1423,'2020-09-27',1),(448,1220,'2020-06-26',0),(449,1158,'2021-04-21',0),(450,1164,'2020-07-11',1),(451,1497,'2020-07-01',0),(452,1198,'2020-09-19',1),(453,1281,'2020-07-29',0),(454,1309,'2020-11-06',0),(455,1461,'2020-10-25',1),(456,1301,'2020-01-14',1),(457,1063,'2020-07-29',0),(458,1025,'2020-01-15',1),(459,1336,'2020-10-01',1),(460,1323,'2020-02-03',0),(461,1170,'2020-10-19',0),(462,1181,'2020-06-08',0),(463,1325,'2020-04-02',0),(464,1126,'2021-03-11',1),(465,1400,'2021-02-25',1),(466,1077,'2021-04-20',0),(467,1183,'2021-03-11',0),(468,1130,'2021-01-23',1),(469,1407,'2020-11-03',0),(470,1183,'2020-12-28',0),(471,1220,'2020-09-29',1),(472,1453,'2020-01-24',1),(473,1445,'2020-03-05',1),(474,1340,'2020-04-09',1),(475,1333,'2021-03-25',0),(476,1375,'2020-02-06',1),(477,1132,'2020-11-29',1),(478,1101,'2021-03-21',1),(479,1377,'2021-01-25',1),(480,1482,'2020-01-25',1),(481,1471,'2020-08-02',0),(482,1146,'2021-03-15',0),(483,1210,'2020-04-24',0),(484,1348,'2021-03-14',0),(485,1116,'2020-05-08',0),(486,1251,'2020-08-31',0),(487,1088,'2020-08-27',0),(488,1046,'2021-04-21',1),(489,1447,'2020-09-29',0),(490,1385,'2020-02-19',0),(491,1453,'2020-11-08',1),(492,1133,'2020-02-26',0),(493,1363,'2020-03-19',1),(494,1094,'2020-06-07',0),(495,1339,'2020-10-23',1),(496,1158,'2021-04-16',1),(497,1096,'2020-05-19',0),(498,1346,'2020-04-04',0),(499,1300,'2021-03-20',0),(500,1338,'2020-02-19',0),(501,1458,'2020-11-09',0),(502,1115,'2020-10-04',1),(503,1424,'2020-06-03',1),(504,1339,'2020-06-30',1),(505,1409,'2020-11-22',1),(506,1239,'2020-09-14',0),(507,1203,'2021-02-26',1),(508,1251,'2020-02-08',1),(509,1149,'2020-04-02',1),(510,1264,'2021-04-12',1),(511,1209,'2020-09-19',1),(512,1084,'2020-12-27',1),(513,1416,'2020-12-03',0),(514,1221,'2020-09-18',1),(515,1157,'2020-10-13',1),(516,1287,'2020-01-21',1),(517,1298,'2020-04-26',0),(518,1455,'2021-04-07',1),(519,1288,'2020-09-15',1),(520,1439,'2020-03-18',1),(521,1343,'2020-11-16',1),(522,1158,'2021-03-16',1),(523,1104,'2020-02-13',1),(524,1430,'2020-12-26',1),(525,1088,'2021-03-16',0),(526,1040,'2020-11-03',0),(527,1224,'2020-09-08',0),(528,1302,'2020-06-02',0),(529,1474,'2020-04-01',1),(530,1164,'2020-07-15',1),(531,1016,'2020-02-29',1),(532,1369,'2021-02-16',1),(533,1428,'2020-10-16',0),(534,1082,'2020-08-28',1),(535,1439,'2021-04-04',0),(536,1371,'2021-03-12',1),(537,1480,'2020-02-23',0),(538,1417,'2020-04-07',0),(539,1092,'2021-03-11',0),(540,1229,'2020-06-14',1),(541,1484,'2020-03-22',1),(542,1146,'2020-02-25',1),(543,1381,'2020-05-04',1),(544,1196,'2020-05-12',0),(545,1044,'2021-01-23',0),(546,1460,'2020-08-27',0),(547,1200,'2020-11-08',0),(548,1424,'2021-01-04',0),(549,1326,'2021-02-05',1),(550,1033,'2021-04-26',0),(551,1341,'2020-07-26',0),(552,1087,'2020-08-02',1),(553,1116,'2020-02-12',0),(554,1303,'2020-05-24',0),(555,1297,'2020-08-02',0),(556,1307,'2020-03-17',0),(557,1203,'2020-12-18',0),(558,1188,'2021-01-16',0),(559,1328,'2021-04-13',1),(560,1014,'2020-02-08',0),(561,1214,'2021-03-07',0),(562,1358,'2020-06-02',1),(563,1247,'2020-09-22',0),(564,1127,'2021-02-14',1),(565,1150,'2020-11-11',0),(566,1250,'2020-03-26',0),(567,1348,'2020-01-29',0),(568,1129,'2020-10-12',1),(569,1431,'2020-07-05',0),(570,1063,'2020-12-16',1),(571,1392,'2020-02-02',1),(572,1482,'2020-09-17',1),(573,1223,'2020-02-01',0),(574,1351,'2020-02-29',0),(575,1440,'2020-08-27',0),(576,1082,'2021-02-09',0),(577,1062,'2020-11-10',0),(578,1111,'2021-01-29',0),(579,1367,'2020-11-26',0),(580,1035,'2020-04-02',1),(581,1420,'2020-11-27',0),(582,1416,'2020-08-08',0),(583,1354,'2020-03-05',0),(584,1356,'2020-04-17',0),(585,1441,'2021-04-10',0),(586,1275,'2021-01-08',1),(587,1347,'2020-08-05',0),(588,1075,'2020-11-21',1),(589,1119,'2020-06-29',1),(590,1071,'2020-06-21',1),(591,1403,'2021-01-21',1),(592,1361,'2020-11-17',0),(593,1267,'2021-02-02',1),(594,1471,'2021-04-29',1),(595,1377,'2021-02-24',0),(596,1169,'2020-02-29',1),(597,1461,'2021-01-16',1),(598,1219,'2020-11-11',0),(599,1167,'2020-11-27',1),(600,1407,'2021-04-10',0),(601,1061,'2020-02-05',1),(602,1032,'2020-02-02',0),(603,1049,'2020-04-06',1),(604,1226,'2020-09-15',0),(605,1481,'2020-07-06',0),(606,1450,'2020-07-09',0),(607,1388,'2020-07-09',1),(608,1312,'2020-09-19',0),(609,1499,'2020-07-11',1),(610,1439,'2020-02-02',0),(611,1234,'2020-09-21',0),(612,1304,'2020-10-06',0),(613,1319,'2020-02-18',0),(614,1118,'2020-12-15',0),(615,1212,'2021-02-11',1),(616,1373,'2020-02-12',1),(617,1024,'2021-04-29',0),(618,1344,'2020-11-23',1),(619,1337,'2020-08-11',1),(620,1278,'2021-03-25',0),(621,1101,'2020-02-22',1),(622,1481,'2020-12-07',1),(623,1261,'2021-02-06',1),(624,1253,'2021-04-23',0),(625,1190,'2020-04-04',0),(626,1172,'2020-10-21',0),(627,1110,'2021-03-17',0),(628,1473,'2020-02-25',0),(629,1469,'2020-06-04',1),(630,1296,'2020-02-28',1),(631,1283,'2020-08-31',1),(632,1382,'2020-07-25',0),(633,1143,'2020-07-25',1),(634,1482,'2020-10-06',1),(635,1031,'2020-07-19',1),(636,1182,'2020-05-27',1),(637,1051,'2020-10-20',0),(638,1218,'2020-05-04',1),(639,1361,'2020-12-03',1),(640,1417,'2021-02-06',1),(641,1303,'2021-04-25',0),(642,1402,'2021-03-05',0),(643,1009,'2021-04-21',0),(644,1297,'2020-09-03',0),(645,1131,'2020-01-04',1),(646,1507,'2020-12-14',0),(647,1293,'2020-11-14',1),(648,1173,'2020-06-26',1),(649,1352,'2020-06-01',0),(650,1422,'2020-08-14',0),(651,1219,'2020-09-18',0),(652,1114,'2020-08-03',1),(653,1243,'2020-12-13',0),(654,1276,'2020-09-14',0),(655,1194,'2020-09-29',0),(656,1457,'2021-03-02',0),(657,1172,'2020-05-27',0),(658,1423,'2020-05-05',1),(659,1389,'2021-02-05',0),(660,1347,'2020-12-31',0),(661,1416,'2021-01-09',1),(662,1140,'2021-01-29',1),(663,1268,'2020-09-27',0),(664,1086,'2020-07-15',1),(665,1115,'2020-07-23',0),(666,1071,'2020-03-01',1),(667,1298,'2020-12-29',0),(668,1399,'2020-10-12',1),(669,1387,'2021-02-16',0),(670,1103,'2020-02-27',1),(671,1449,'2020-08-15',0),(672,1440,'2020-06-13',1),(673,1458,'2020-09-18',0),(674,1071,'2020-05-24',1),(675,1493,'2020-05-01',1),(676,1477,'2020-03-12',1),(677,1241,'2021-01-05',0),(678,1047,'2020-06-02',1),(679,1015,'2020-11-29',1),(680,1310,'2021-02-14',0),(681,1085,'2020-02-17',1),(682,1254,'2020-12-14',0),(683,1048,'2021-04-09',1),(684,1067,'2020-10-31',1),(685,1358,'2020-05-02',0),(686,1475,'2020-12-14',0),(687,1395,'2020-01-07',0),(688,1369,'2021-04-12',1),(689,1131,'2020-09-12',1),(690,1063,'2020-03-16',1),(691,1063,'2020-04-28',0),(692,1051,'2020-10-23',0),(693,1411,'2020-08-09',0),(694,1127,'2020-05-30',0),(695,1091,'2020-06-24',0),(696,1024,'2021-01-02',1),(697,1126,'2021-04-13',1),(698,1316,'2020-02-16',1),(699,1120,'2021-03-17',0),(700,1465,'2021-01-02',0),(701,1194,'2020-04-24',1),(702,1009,'2020-05-21',0),(703,1502,'2020-07-05',0),(704,1256,'2021-01-10',0),(705,1051,'2020-11-29',0),(706,1360,'2020-04-26',0),(707,1330,'2020-09-10',1),(708,1189,'2021-02-08',0),(709,1416,'2021-01-21',0),(710,1406,'2020-05-22',1),(711,1172,'2020-11-17',0),(712,1251,'2020-02-13',1),(713,1116,'2021-01-24',0),(714,1439,'2021-01-29',1),(715,1120,'2020-07-05',0),(716,1397,'2020-02-06',1),(717,1324,'2020-02-25',0),(718,1379,'2021-01-17',0),(719,1462,'2020-02-26',1),(720,1444,'2020-05-10',1),(721,1241,'2020-04-06',0),(722,1217,'2021-02-18',1),(723,1346,'2020-10-15',1),(724,1401,'2021-04-27',0),(725,1503,'2020-05-03',1),(726,1141,'2021-01-08',1),(727,1355,'2020-04-07',0),(728,1402,'2020-08-03',0),(729,1207,'2021-02-23',0),(730,1049,'2020-02-27',1),(731,1221,'2021-04-02',1),(732,1315,'2020-08-27',0),(733,1038,'2021-04-03',0),(734,1235,'2020-10-26',0),(735,1498,'2021-03-06',0),(736,1137,'2020-05-14',0),(737,1058,'2020-03-06',1),(738,1257,'2020-02-22',1),(739,1441,'2021-03-25',1),(740,1147,'2020-06-07',0),(741,1373,'2021-04-12',1),(742,1488,'2020-06-15',1),(743,1039,'2020-09-14',1),(744,1268,'2020-02-23',0),(745,1324,'2020-08-25',1),(746,1298,'2020-01-24',1),(747,1160,'2020-02-17',1),(748,1166,'2021-02-27',1),(749,1309,'2021-03-14',0),(750,1450,'2020-04-18',1),(751,1220,'2020-08-23',1),(752,1279,'2020-05-25',1),(753,1253,'2021-01-04',1),(754,1281,'2020-12-11',1),(755,1492,'2020-08-04',1),(756,1301,'2020-12-04',1),(757,1330,'2020-11-04',1),(758,1008,'2020-01-25',0),(759,1112,'2020-09-08',1),(760,1117,'2020-02-29',0),(761,1187,'2020-10-08',0),(762,1097,'2020-06-06',1),(763,1316,'2020-04-29',1),(764,1298,'2020-06-04',0),(765,1080,'2020-07-03',1),(766,1069,'2021-02-25',0),(767,1258,'2020-11-01',1),(768,1215,'2020-05-23',0),(769,1205,'2020-10-26',0),(770,1371,'2021-01-31',0),(771,1034,'2020-10-09',1),(772,1198,'2020-04-17',1),(773,1026,'2020-05-11',0),(774,1021,'2020-12-28',0),(775,1351,'2020-10-30',0),(776,1334,'2020-07-06',0),(777,1443,'2020-04-30',0),(778,1106,'2021-01-18',1),(779,1320,'2020-11-25',1),(780,1314,'2020-05-26',1),(781,1496,'2021-04-20',1),(782,1407,'2021-01-03',0),(783,1017,'2020-10-30',1),(784,1477,'2020-03-17',0),(785,1330,'2020-06-27',0),(786,1305,'2020-08-25',1),(787,1151,'2020-04-18',0),(788,1168,'2020-01-21',1),(789,1422,'2020-09-25',1),(790,1486,'2021-01-18',0),(791,1328,'2020-05-11',1),(792,1270,'2020-07-05',0),(793,1017,'2020-03-31',0),(794,1484,'2020-10-21',0),(795,1288,'2020-09-22',1),(796,1294,'2020-09-07',0),(797,1101,'2020-09-12',0),(798,1177,'2020-08-17',0),(799,1484,'2020-06-22',1),(800,1146,'2020-11-29',0),(801,1286,'2020-02-18',1),(802,1144,'2020-03-07',0),(803,1473,'2020-11-20',1),(804,1307,'2020-09-02',1),(805,1020,'2021-02-20',0),(806,1241,'2020-01-22',0),(807,1337,'2020-12-11',0),(808,1305,'2020-07-01',0),(809,1105,'2020-03-31',1),(810,1046,'2020-10-08',1),(811,1404,'2020-06-14',0),(812,1215,'2020-05-01',1),(813,1025,'2021-03-01',1),(814,1451,'2020-10-30',0),(815,1425,'2020-04-12',1),(816,1177,'2020-01-27',1),(817,1034,'2021-01-24',1),(818,1393,'2020-10-04',0),(819,1498,'2020-11-06',1),(820,1135,'2021-04-25',0),(821,1211,'2020-03-30',0),(822,1185,'2020-07-10',1),(823,1409,'2021-03-21',1),(824,1411,'2020-02-20',1),(825,1480,'2020-12-21',0),(826,1315,'2020-05-01',0),(827,1401,'2020-12-09',0),(828,1118,'2020-11-02',0),(829,1315,'2021-04-10',1),(830,1148,'2021-04-27',0),(831,1422,'2020-05-24',0),(832,1367,'2021-04-15',0),(833,1188,'2020-09-22',1),(834,1015,'2020-02-03',0),(835,1222,'2021-01-23',1),(836,1061,'2020-12-20',1),(837,1425,'2020-04-19',0),(838,1071,'2020-11-15',0),(839,1197,'2020-11-11',0),(840,1255,'2020-11-05',1),(841,1439,'2020-11-01',1),(842,1418,'2020-06-30',1),(843,1348,'2020-09-01',1),(844,1307,'2020-12-04',0),(845,1344,'2020-12-25',1),(846,1239,'2020-11-22',1),(847,1121,'2021-03-27',0),(848,1492,'2021-03-17',1),(849,1055,'2021-04-23',1),(850,1322,'2020-12-07',0),(851,1327,'2020-10-11',0),(852,1036,'2020-03-17',1),(853,1324,'2020-12-16',1),(854,1226,'2021-03-23',1),(855,1010,'2020-02-15',0),(856,1493,'2020-01-29',0),(857,1026,'2020-02-06',0),(858,1113,'2020-02-04',1),(859,1196,'2020-06-03',0),(860,1319,'2020-03-15',1),(861,1435,'2021-03-10',0),(862,1411,'2021-03-21',1),(863,1281,'2020-11-02',0),(864,1220,'2020-02-03',1),(865,1443,'2020-08-22',0),(866,1258,'2020-02-20',0),(867,1440,'2020-10-14',0),(868,1090,'2020-02-12',1),(869,1477,'2020-12-07',1),(870,1155,'2020-07-10',0),(871,1233,'2020-07-28',0),(872,1030,'2021-03-05',1),(873,1083,'2020-05-16',1),(874,1451,'2020-08-30',1),(875,1145,'2020-08-28',0),(876,1205,'2021-02-27',1),(877,1398,'2020-03-12',1),(878,1106,'2020-09-07',1),(879,1190,'2020-12-01',1),(880,1229,'2020-04-06',1),(881,1220,'2020-01-04',1),(882,1458,'2020-06-20',1),(883,1097,'2020-07-28',1),(884,1270,'2020-02-24',1),(885,1449,'2020-12-02',0),(886,1419,'2020-07-18',0),(887,1446,'2020-03-08',0),(888,1462,'2021-04-11',0),(889,1111,'2021-01-08',1),(890,1410,'2020-12-05',1),(891,1032,'2020-11-02',1),(892,1202,'2020-01-29',0),(893,1011,'2021-03-26',0),(894,1229,'2020-08-27',1),(895,1506,'2020-05-15',0),(896,1165,'2020-04-22',1),(897,1330,'2021-01-03',1),(898,1028,'2020-02-20',0),(899,1052,'2020-08-05',1),(900,1222,'2020-03-04',0),(901,1216,'2020-09-01',1),(902,1446,'2020-11-10',0),(903,1432,'2021-01-28',0),(904,1126,'2021-03-29',0),(905,1135,'2021-02-03',0),(906,1178,'2021-02-01',1),(907,1250,'2021-03-30',0),(908,1075,'2020-12-04',1),(909,1231,'2020-10-28',0),(910,1225,'2021-04-12',0),(911,1056,'2021-02-18',0),(912,1483,'2021-01-14',1),(913,1368,'2020-11-30',1),(914,1426,'2020-08-26',0),(915,1393,'2021-03-23',1),(916,1190,'2021-04-25',0),(917,1488,'2020-03-19',1),(918,1278,'2020-08-18',1),(919,1135,'2021-04-13',0),(920,1318,'2021-04-24',0),(921,1220,'2020-02-12',0),(922,1506,'2020-12-29',0),(923,1081,'2020-01-24',0),(924,1075,'2020-11-30',1),(925,1260,'2020-07-29',0),(926,1403,'2020-06-24',0),(927,1169,'2020-01-06',0),(928,1021,'2020-08-14',0),(929,1210,'2020-09-18',0),(930,1111,'2020-10-05',0),(931,1323,'2020-04-30',1),(932,1144,'2020-01-31',0),(933,1390,'2021-02-05',1),(934,1225,'2020-09-30',0),(935,1463,'2021-02-16',0),(936,1446,'2020-06-26',0),(937,1040,'2020-10-03',0),(938,1246,'2020-12-01',0),(939,1342,'2020-06-29',0),(940,1413,'2020-05-21',0),(941,1047,'2020-04-07',1),(942,1495,'2020-12-10',1),(943,1025,'2021-03-27',0),(944,1166,'2020-07-22',1),(945,1214,'2020-01-07',1),(946,1374,'2021-01-06',1),(947,1262,'2020-08-25',0),(948,1184,'2020-02-17',0),(949,1483,'2020-02-11',1),(950,1038,'2020-08-07',0),(951,1380,'2020-01-16',1),(952,1328,'2020-10-06',0),(953,1378,'2020-04-29',0),(954,1016,'2021-04-06',0),(955,1300,'2021-01-21',1),(956,1133,'2021-02-22',0),(957,1379,'2021-01-12',0),(958,1201,'2020-10-11',1),(959,1346,'2020-03-22',1),(960,1403,'2020-12-30',0),(961,1209,'2020-05-02',0),(962,1230,'2020-09-20',0),(963,1311,'2021-01-20',0),(964,1046,'2021-04-04',0),(965,1104,'2021-04-28',0),(966,1054,'2020-12-21',0),(967,1451,'2020-06-07',1),(968,1390,'2020-09-07',1),(969,1428,'2021-03-22',1),(970,1119,'2020-05-13',1),(971,1221,'2020-02-09',1),(972,1257,'2020-07-09',0),(973,1080,'2020-11-06',0),(974,1223,'2021-03-20',1),(975,1426,'2020-06-24',1),(976,1194,'2020-06-21',1),(977,1437,'2020-05-22',1),(978,1088,'2020-03-23',0),(979,1169,'2020-08-27',0),(980,1240,'2021-03-15',1),(981,1404,'2020-12-29',1),(982,1329,'2020-07-20',0),(983,1106,'2020-04-07',0),(984,1486,'2021-03-26',0),(985,1073,'2020-05-17',0),(986,1208,'2021-01-08',0),(987,1305,'2020-07-14',1),(988,1164,'2021-04-02',0),(989,1438,'2020-04-18',1),(990,1118,'2020-09-09',1),(991,1463,'2020-06-30',0),(992,1151,'2020-05-15',1),(993,1203,'2020-05-20',1),(994,1095,'2020-10-17',1),(995,1426,'2020-06-25',1),(996,1201,'2020-04-23',0),(997,1254,'2020-05-01',1),(998,1181,'2020-04-29',0),(999,1113,'2020-04-05',0),(1000,1152,'2020-01-18',0),(1001,1381,'2020-03-30',1),(1002,1159,'2020-05-18',1),(1003,1009,'2021-02-16',0),(1004,1146,'2021-01-19',0),(1005,1111,'2021-01-17',0),(1006,1271,'2020-05-12',1),(1007,1185,'2020-11-11',1),(1008,1131,'2021-02-07',1),(1009,1348,'2021-03-19',1),(1010,1220,'2021-02-26',1),(1011,1203,'2020-05-08',0),(1012,1211,'2020-04-08',1),(1013,1444,'2021-03-04',1),(1014,1319,'2020-07-05',0),(1015,1094,'2020-04-07',0),(1016,1478,'2020-06-08',1),(1017,1169,'2021-02-11',1),(1018,1064,'2021-01-19',0),(1019,1117,'2020-05-20',0),(1020,1347,'2020-06-13',0),(1021,1096,'2021-02-18',1),(1022,1017,'2020-08-28',0),(1023,1204,'2020-09-28',0),(1024,1215,'2021-02-28',1),(1025,1485,'2021-04-06',1),(1026,1066,'2020-06-04',0),(1027,1293,'2021-01-09',1),(1028,1152,'2020-11-23',0),(1029,1417,'2020-09-24',1),(1030,1309,'2020-08-01',1),(1031,1227,'2020-07-15',1),(1032,1103,'2020-03-20',0),(1033,1122,'2020-04-16',1),(1034,1263,'2021-04-25',1),(1035,1139,'2020-04-12',1),(1036,1486,'2020-01-12',0),(1037,1108,'2020-01-29',1),(1038,1048,'2020-02-20',0),(1039,1388,'2020-06-30',0),(1040,1025,'2020-10-11',1),(1041,1045,'2020-05-20',1),(1042,1445,'2021-01-14',0),(1043,1228,'2020-03-03',0),(1044,1145,'2020-11-06',1),(1045,1336,'2021-01-09',1),(1046,1183,'2020-11-30',1),(1047,1088,'2020-05-07',1),(1048,1493,'2020-05-08',0),(1049,1108,'2020-07-15',1),(1050,1268,'2020-10-14',1),(1051,1467,'2020-04-18',0),(1052,1077,'2020-04-14',1),(1053,1270,'2020-05-03',1),(1054,1266,'2020-01-25',0),(1055,1154,'2021-02-23',1),(1056,1489,'2020-05-07',0),(1057,1250,'2020-11-29',0),(1058,1076,'2021-02-20',0),(1059,1060,'2020-10-16',1),(1060,1122,'2020-01-30',1),(1061,1152,'2020-03-27',0),(1062,1056,'2020-11-09',1),(1063,1184,'2020-12-12',1),(1064,1498,'2020-11-30',0),(1065,1267,'2021-02-16',1),(1066,1194,'2020-01-16',0),(1067,1404,'2020-03-03',0),(1068,1451,'2021-02-12',0),(1069,1161,'2021-01-05',1),(1070,1341,'2021-01-14',0),(1071,1454,'2020-09-04',0),(1072,1438,'2020-06-11',0),(1073,1076,'2020-10-12',1),(1074,1352,'2020-06-30',0),(1075,1136,'2020-02-02',1),(1076,1115,'2020-08-17',0),(1077,1485,'2020-04-08',0),(1078,1188,'2020-01-14',1),(1079,1037,'2020-10-20',1),(1080,1458,'2020-08-20',1),(1081,1214,'2021-03-03',0),(1082,1083,'2020-10-26',0),(1083,1053,'2020-10-04',0),(1084,1149,'2021-04-07',0),(1085,1297,'2020-03-01',0),(1086,1215,'2021-02-05',0),(1087,1093,'2020-09-30',0),(1088,1253,'2020-01-01',1),(1089,1138,'2020-03-28',0),(1090,1453,'2021-04-25',0),(1091,1357,'2020-07-16',1),(1092,1204,'2020-08-28',1),(1093,1226,'2021-01-08',1),(1094,1229,'2021-04-05',1),(1095,1431,'2020-12-05',1),(1096,1414,'2020-07-08',1),(1097,1302,'2020-02-22',0),(1098,1013,'2020-07-06',1),(1099,1057,'2020-07-31',0),(1100,1072,'2020-03-10',1),(1101,1271,'2020-03-05',0),(1102,1212,'2020-08-01',0),(1103,1324,'2020-03-25',0),(1104,1392,'2020-03-04',0),(1105,1289,'2020-02-08',0),(1106,1198,'2021-04-01',0),(1107,1033,'2021-03-21',1),(1108,1313,'2020-01-22',0),(1109,1283,'2020-01-23',0),(1110,1401,'2020-08-13',1),(1111,1332,'2020-12-29',0),(1112,1343,'2020-07-26',1),(1113,1281,'2020-11-10',0),(1114,1202,'2021-01-10',1),(1115,1122,'2020-09-10',0),(1116,1338,'2020-03-01',1),(1117,1075,'2020-04-20',0),(1118,1388,'2020-06-09',1),(1119,1411,'2020-12-09',0),(1120,1233,'2020-07-13',0),(1121,1067,'2020-04-14',1),(1122,1343,'2020-05-10',0),(1123,1017,'2020-09-22',0),(1124,1254,'2021-03-19',0),(1125,1200,'2021-03-08',0),(1126,1042,'2020-08-14',1),(1127,1033,'2020-04-22',1),(1128,1223,'2020-05-07',0),(1129,1039,'2020-06-19',1),(1130,1323,'2020-04-13',1),(1131,1255,'2021-03-29',1),(1132,1447,'2020-10-31',0),(1133,1033,'2020-02-19',0),(1134,1400,'2020-07-18',1),(1135,1071,'2020-08-24',0),(1136,1355,'2021-04-14',0),(1137,1298,'2020-07-02',0),(1138,1418,'2020-02-20',0),(1139,1164,'2021-01-16',1),(1140,1225,'2020-10-07',1),(1141,1312,'2021-02-22',0),(1142,1474,'2020-04-14',1),(1143,1024,'2020-12-28',0),(1144,1181,'2020-06-28',0),(1145,1275,'2020-05-22',1),(1146,1470,'2021-04-07',1),(1147,1295,'2020-09-30',1),(1148,1330,'2020-12-05',1),(1149,1403,'2020-07-22',0),(1150,1029,'2020-03-21',1),(1151,1505,'2020-09-29',0),(1152,1309,'2020-06-04',0),(1153,1018,'2020-09-08',1),(1154,1110,'2020-04-22',1),(1155,1492,'2020-02-13',0),(1156,1222,'2021-03-30',0),(1157,1431,'2020-05-12',1),(1158,1299,'2020-02-13',1),(1159,1327,'2021-01-25',0),(1160,1193,'2020-02-27',0),(1161,1360,'2021-02-24',0),(1162,1245,'2020-12-08',1),(1163,1398,'2021-02-26',1),(1164,1238,'2020-08-09',1),(1165,1066,'2020-07-30',1),(1166,1017,'2020-08-13',0),(1167,1075,'2020-10-28',1),(1168,1379,'2020-02-04',1),(1169,1311,'2020-08-13',0),(1170,1315,'2020-08-22',1),(1171,1355,'2021-03-28',1),(1172,1184,'2020-09-14',1),(1173,1388,'2021-03-14',1),(1174,1402,'2020-05-13',1),(1175,1367,'2021-03-22',1),(1176,1421,'2020-11-08',0),(1177,1382,'2020-01-23',1),(1178,1209,'2021-04-07',1),(1179,1114,'2020-01-07',1),(1180,1050,'2020-05-21',0),(1181,1327,'2020-07-28',1),(1182,1109,'2020-03-04',1),(1183,1477,'2020-11-16',1),(1184,1062,'2020-10-23',0),(1185,1176,'2020-09-27',0),(1186,1028,'2020-10-21',1),(1187,1025,'2020-11-12',0),(1188,1016,'2020-05-28',0),(1189,1212,'2020-06-12',1),(1190,1307,'2020-11-12',0),(1191,1179,'2020-08-31',1),(1192,1376,'2020-06-11',0),(1193,1494,'2021-04-18',1),(1194,1310,'2021-03-31',0),(1195,1396,'2021-04-02',1),(1196,1317,'2020-01-30',1),(1197,1045,'2021-02-15',0),(1198,1147,'2021-01-03',0),(1199,1043,'2020-08-24',1),(1200,1381,'2020-04-10',1),(1201,1369,'2020-08-17',0),(1202,1149,'2021-04-11',0),(1203,1308,'2020-01-08',0),(1204,1012,'2021-04-22',0),(1205,1052,'2021-04-09',1),(1206,1401,'2020-06-30',1),(1207,1487,'2020-12-07',1),(1208,1303,'2020-11-29',0),(1209,1430,'2020-03-13',0),(1210,1368,'2020-04-04',0),(1211,1054,'2020-02-12',1),(1212,1145,'2020-09-03',1),(1213,1290,'2020-12-18',0),(1214,1330,'2020-06-09',1),(1215,1125,'2021-01-03',1),(1216,1055,'2020-08-09',1),(1217,1380,'2020-06-01',0),(1218,1039,'2020-11-10',0),(1219,1047,'2020-08-26',0),(1220,1463,'2020-12-03',0),(1221,1421,'2020-10-13',0),(1222,1077,'2021-03-15',0),(1223,1358,'2020-12-17',1),(1224,1412,'2020-06-04',1),(1225,1056,'2021-01-31',0),(1226,1235,'2020-12-19',0),(1227,1011,'2020-08-17',1),(1228,1183,'2021-04-29',1),(1229,1475,'2020-10-18',0),(1230,1248,'2020-08-31',1),(1231,1050,'2021-01-24',1),(1232,1280,'2021-01-25',0),(1233,1437,'2020-03-22',1),(1234,1213,'2021-04-25',0),(1235,1439,'2020-04-10',0),(1236,1057,'2020-02-28',1),(1237,1343,'2020-10-27',0),(1238,1475,'2020-11-11',1),(1239,1318,'2021-02-14',1),(1240,1443,'2020-08-21',0),(1241,1118,'2020-04-03',0),(1242,1097,'2021-01-01',0),(1243,1288,'2020-07-20',0),(1244,1210,'2020-05-22',0),(1245,1427,'2020-12-31',1),(1246,1478,'2020-04-09',1),(1247,1476,'2020-08-05',1),(1248,1307,'2020-07-23',0),(1249,1099,'2021-01-05',0),(1250,1425,'2020-07-26',0),(1251,1308,'2020-11-18',1),(1252,1066,'2021-03-09',1),(1253,1424,'2020-05-16',0),(1254,1295,'2020-04-16',1),(1255,1097,'2020-07-18',0),(1256,1206,'2020-05-15',0),(1257,1106,'2021-04-07',0),(1258,1346,'2020-06-02',1),(1259,1412,'2020-07-20',1),(1260,1339,'2021-02-14',1),(1261,1103,'2020-02-10',1),(1262,1369,'2020-11-28',0),(1263,1090,'2021-04-04',1),(1264,1310,'2020-12-31',0),(1265,1115,'2020-02-29',1),(1266,1425,'2020-05-14',0),(1267,1333,'2020-05-25',0),(1268,1112,'2020-03-19',1),(1269,1435,'2021-03-05',1),(1270,1033,'2020-12-18',0),(1271,1084,'2020-06-29',1),(1272,1411,'2020-01-30',1),(1273,1072,'2020-07-29',1),(1274,1434,'2020-03-03',1),(1275,1421,'2021-03-31',1),(1276,1456,'2020-02-18',0),(1277,1202,'2020-05-01',1),(1278,1110,'2020-10-26',0),(1279,1217,'2020-03-29',1),(1280,1426,'2020-11-23',1),(1281,1432,'2020-10-25',1),(1282,1407,'2020-12-26',1),(1283,1222,'2020-06-10',0),(1284,1322,'2020-10-05',1),(1285,1152,'2020-11-19',1),(1286,1036,'2021-03-08',1),(1287,1167,'2020-07-16',0),(1288,1436,'2020-09-11',0),(1289,1367,'2020-08-24',1),(1290,1325,'2020-09-21',0),(1291,1503,'2020-12-08',0),(1292,1472,'2020-07-15',1),(1293,1026,'2020-04-16',0),(1294,1091,'2021-04-09',0),(1295,1113,'2020-08-03',0),(1296,1438,'2020-04-01',1),(1297,1376,'2021-03-03',0),(1298,1185,'2020-07-05',0),(1299,1025,'2020-09-07',1),(1300,1453,'2020-05-05',0),(1301,1285,'2020-02-14',1),(1302,1400,'2020-09-24',1),(1303,1205,'2020-09-15',0),(1304,1468,'2020-05-30',1),(1305,1370,'2020-05-12',0),(1306,1385,'2021-04-13',0),(1307,1081,'2020-03-07',0),(1308,1281,'2020-01-07',1),(1309,1358,'2020-10-22',1),(1310,1197,'2020-01-10',1),(1311,1119,'2021-02-18',0),(1312,1099,'2021-04-16',1),(1313,1201,'2020-03-25',0),(1314,1270,'2021-04-03',0),(1315,1287,'2021-01-18',1),(1316,1212,'2020-12-11',0),(1317,1369,'2020-12-25',0),(1318,1270,'2020-10-30',1),(1319,1466,'2021-03-16',1),(1320,1023,'2021-04-16',1),(1321,1044,'2020-03-08',0),(1322,1348,'2020-09-08',1),(1323,1197,'2021-02-11',1),(1324,1418,'2021-04-29',0),(1325,1060,'2020-06-26',1),(1326,1341,'2021-01-10',1),(1327,1454,'2020-01-18',0),(1328,1267,'2020-06-23',0),(1329,1311,'2020-10-23',0),(1330,1359,'2020-03-04',0),(1331,1306,'2020-10-13',0),(1332,1069,'2020-09-03',0),(1333,1116,'2020-09-03',0),(1334,1129,'2021-02-13',1),(1335,1024,'2020-11-07',1),(1336,1023,'2020-02-03',1),(1337,1263,'2021-04-06',1),(1338,1407,'2020-02-07',1),(1339,1383,'2021-01-14',0),(1340,1102,'2020-10-02',0),(1341,1484,'2021-02-10',1),(1342,1485,'2021-04-08',1),(1343,1089,'2021-03-02',0),(1344,1124,'2020-05-27',1),(1345,1305,'2020-01-24',0),(1346,1018,'2020-04-06',1),(1347,1301,'2020-06-06',0),(1348,1123,'2020-06-24',1),(1349,1118,'2020-02-22',0),(1350,1057,'2020-01-06',0),(1351,1475,'2020-06-29',1),(1352,1066,'2020-09-07',1),(1353,1355,'2020-04-30',0),(1354,1379,'2020-08-18',1),(1355,1116,'2020-12-11',0),(1356,1468,'2020-01-06',1),(1357,1099,'2020-10-14',1),(1358,1345,'2021-04-25',1),(1359,1246,'2020-01-25',1),(1360,1319,'2020-01-14',1),(1361,1267,'2020-10-07',1),(1362,1433,'2020-03-12',0),(1363,1456,'2021-04-12',1),(1364,1474,'2020-04-28',0),(1365,1367,'2020-06-08',0),(1366,1438,'2020-01-24',1),(1367,1241,'2021-04-22',1),(1368,1392,'2020-01-23',0),(1369,1368,'2020-05-10',0),(1370,1179,'2021-04-04',0),(1371,1374,'2020-05-30',1),(1372,1227,'2020-10-28',1),(1373,1152,'2020-04-10',0),(1374,1286,'2020-03-17',0),(1375,1364,'2020-07-10',0),(1376,1302,'2020-07-11',0),(1377,1209,'2021-03-24',0),(1378,1072,'2020-12-07',0),(1379,1232,'2020-11-30',0),(1380,1246,'2020-03-30',0),(1381,1105,'2021-03-24',0),(1382,1309,'2020-10-05',0),(1383,1290,'2021-02-21',1),(1384,1055,'2020-11-19',1),(1385,1431,'2021-01-25',0),(1386,1161,'2020-06-12',1),(1387,1071,'2020-10-11',1),(1388,1444,'2020-11-27',0),(1389,1365,'2020-11-20',1),(1390,1150,'2020-08-15',0),(1391,1026,'2020-04-23',1),(1392,1139,'2020-02-19',0),(1393,1122,'2020-10-17',1),(1394,1495,'2020-08-15',1),(1395,1116,'2020-09-30',0),(1396,1396,'2020-03-03',0),(1397,1442,'2021-04-08',1),(1398,1103,'2021-04-10',0),(1399,1433,'2020-12-04',0),(1400,1499,'2021-01-08',0),(1401,1211,'2021-02-20',1),(1402,1263,'2021-03-09',0),(1403,1260,'2021-02-21',0),(1404,1337,'2021-02-11',1),(1405,1440,'2020-04-30',0),(1406,1432,'2020-12-18',1),(1407,1402,'2020-07-31',0),(1408,1220,'2021-04-15',0),(1409,1330,'2020-04-12',0),(1410,1066,'2021-02-14',1),(1411,1234,'2020-03-23',1),(1412,1090,'2021-03-24',0),(1413,1329,'2020-04-08',0),(1414,1120,'2020-11-15',1),(1415,1326,'2020-12-26',1),(1416,1443,'2020-06-22',1),(1417,1379,'2020-05-30',0),(1418,1202,'2020-10-16',1),(1419,1172,'2020-05-13',1),(1420,1375,'2020-08-17',1),(1421,1040,'2020-07-01',0),(1422,1075,'2020-09-01',1),(1423,1132,'2020-12-19',1),(1424,1320,'2020-01-11',1),(1425,1019,'2020-06-26',0),(1426,1379,'2020-11-07',1),(1427,1125,'2020-06-08',0),(1428,1332,'2020-08-03',0),(1429,1110,'2020-06-24',0),(1430,1333,'2020-03-10',0),(1431,1440,'2021-02-10',1),(1432,1400,'2021-02-14',1),(1433,1433,'2020-09-05',1),(1434,1015,'2020-06-30',0),(1435,1488,'2020-04-17',0),(1436,1344,'2020-08-04',1),(1437,1223,'2020-11-02',1),(1438,1350,'2020-02-13',0),(1439,1151,'2020-01-03',0),(1440,1219,'2021-04-09',1),(1441,1472,'2020-04-15',1),(1442,1165,'2020-09-13',1),(1443,1413,'2021-02-10',1),(1444,1201,'2020-07-06',0),(1445,1166,'2020-10-14',0),(1446,1023,'2020-02-21',1),(1447,1043,'2020-08-19',1),(1448,1202,'2020-08-27',0),(1449,1207,'2020-02-03',0),(1450,1217,'2021-02-14',0),(1451,1418,'2021-02-20',0),(1452,1038,'2021-01-24',0),(1453,1029,'2020-09-22',0),(1454,1373,'2020-12-28',1),(1455,1053,'2020-04-18',0),(1456,1431,'2020-11-06',0),(1457,1500,'2020-10-06',0),(1458,1237,'2021-04-08',1),(1459,1281,'2021-04-07',1),(1460,1136,'2021-04-06',1),(1461,1421,'2021-01-06',1),(1462,1081,'2020-12-03',1),(1463,1141,'2020-07-12',0),(1464,1123,'2020-09-05',1),(1465,1095,'2020-09-05',1),(1466,1498,'2020-06-20',1),(1467,1008,'2020-06-06',1),(1468,1259,'2020-12-08',0),(1469,1456,'2020-10-24',0),(1470,1474,'2020-10-26',1),(1471,1365,'2020-12-21',1),(1472,1373,'2020-01-15',0),(1473,1451,'2020-10-15',0),(1474,1474,'2020-03-31',0),(1475,1088,'2020-06-16',0),(1476,1111,'2021-04-20',0),(1477,1392,'2020-06-05',0),(1478,1367,'2020-07-21',0),(1479,1300,'2020-01-18',1),(1480,1178,'2020-02-11',0),(1481,1058,'2020-02-24',1),(1482,1445,'2021-03-01',1),(1483,1017,'2021-03-24',0),(1484,1268,'2020-03-21',0),(1485,1172,'2020-09-23',1),(1486,1240,'2020-11-21',1),(1487,1262,'2021-04-04',0),(1488,1258,'2020-10-16',1),(1489,1017,'2020-10-05',0),(1490,1126,'2021-02-04',1),(1491,1378,'2020-08-10',0),(1492,1415,'2021-03-28',0),(1493,1067,'2020-10-28',1),(1494,1264,'2020-03-16',1),(1495,1450,'2020-07-13',0),(1496,1290,'2020-12-18',1),(1497,1209,'2021-03-30',1),(1498,1074,'2020-11-29',0),(1499,1234,'2021-03-19',1),(1500,1168,'2020-12-22',1),(1501,1151,'2020-11-26',0),(1502,1208,'2020-07-20',0),(1503,1030,'2020-10-06',1),(1504,1014,'2020-04-27',1),(1505,1033,'2020-10-22',0),(1506,1356,'2020-07-28',1),(1507,1143,'2020-10-17',1),(1508,1403,'2020-02-25',1),(1509,1504,'2020-07-24',1),(1510,1159,'2020-01-22',0),(1511,1301,'2020-04-24',0),(1512,1133,'2021-01-05',0),(1513,1487,'2020-12-09',1),(1514,1439,'2020-03-26',0),(1515,1325,'2020-12-29',0),(1516,1250,'2021-02-19',0),(1517,1206,'2020-03-16',1),(1518,1383,'2020-07-01',1),(1519,1358,'2020-06-28',1),(1520,1501,'2020-01-25',0),(1521,1229,'2021-01-21',1),(1522,1307,'2021-01-16',0),(1523,1495,'2020-07-21',1),(1524,1459,'2020-07-19',1),(1525,1109,'2020-06-30',0),(1526,1238,'2020-01-27',0),(1527,1297,'2020-03-17',1),(1528,1374,'2021-01-22',0),(1529,1164,'2020-01-18',0),(1530,1086,'2020-05-08',1),(1531,1244,'2020-12-22',0),(1532,1276,'2020-05-28',1),(1533,1362,'2020-11-08',1),(1534,1418,'2020-10-10',0),(1535,1193,'2020-03-28',1),(1536,1036,'2020-07-29',0),(1537,1400,'2020-08-20',1),(1538,1296,'2021-01-06',1),(1539,1378,'2020-05-21',1),(1540,1198,'2020-08-27',0),(1541,1109,'2020-06-16',0),(1542,1501,'2020-06-16',0),(1543,1350,'2020-03-12',1),(1544,1367,'2020-07-23',0),(1545,1471,'2021-04-03',1),(1546,1264,'2020-03-03',1),(1547,1329,'2020-05-27',1),(1548,1034,'2021-04-03',0),(1549,1298,'2020-01-26',0),(1550,1164,'2020-03-16',0),(1551,1065,'2020-05-04',1),(1552,1118,'2020-12-15',1),(1553,1251,'2020-03-23',0),(1554,1438,'2020-08-03',1),(1555,1473,'2021-02-12',1),(1556,1253,'2021-01-15',1),(1557,1278,'2021-03-20',1),(1558,1312,'2021-02-12',1),(1559,1427,'2020-10-29',0),(1560,1424,'2020-02-26',1),(1561,1424,'2021-04-03',0),(1562,1173,'2020-07-22',0),(1563,1367,'2020-08-22',1),(1564,1433,'2020-01-24',1),(1565,1364,'2020-05-09',1),(1566,1356,'2020-11-15',0),(1567,1235,'2021-03-25',1),(1568,1488,'2021-03-13',1),(1569,1327,'2021-03-06',0),(1570,1151,'2020-05-16',0),(1571,1354,'2020-02-28',1),(1572,1356,'2020-02-25',1),(1573,1225,'2020-02-18',0),(1574,1230,'2020-08-09',0),(1575,1062,'2020-01-06',0),(1576,1065,'2021-03-17',0),(1577,1374,'2020-03-28',0),(1578,1393,'2020-09-13',1),(1579,1384,'2020-07-28',1),(1580,1061,'2020-10-01',0),(1581,1107,'2021-01-29',0),(1582,1246,'2020-01-03',0),(1583,1129,'2020-04-21',1),(1584,1048,'2020-12-06',1),(1585,1401,'2020-09-04',0),(1586,1153,'2020-12-22',1),(1587,1313,'2021-02-24',1),(1588,1299,'2020-04-30',1),(1589,1031,'2020-04-01',1),(1590,1009,'2020-04-28',1),(1591,1440,'2020-10-20',0),(1592,1133,'2021-04-07',0),(1593,1388,'2021-03-19',1),(1594,1216,'2020-06-11',1),(1595,1171,'2020-01-20',0),(1596,1176,'2020-02-20',1),(1597,1483,'2020-03-23',1),(1598,1275,'2020-05-18',0),(1599,1246,'2020-03-04',1),(1600,1019,'2021-01-14',1),(1601,1263,'2020-12-23',1),(1602,1247,'2020-09-24',0),(1603,1020,'2021-02-19',0),(1604,1008,'2021-02-20',0),(1605,1240,'2020-01-30',0),(1606,1465,'2020-02-01',0),(1607,1122,'2020-06-02',1),(1608,1150,'2021-03-24',0),(1609,1202,'2020-07-20',1),(1610,1369,'2020-10-24',0),(1611,1159,'2021-03-01',1),(1612,1029,'2020-07-21',0),(1613,1267,'2021-02-03',1),(1614,1277,'2020-05-10',0),(1615,1413,'2021-04-07',1),(1616,1229,'2020-04-05',0),(1617,1269,'2020-08-28',0),(1618,1379,'2020-11-17',1),(1619,1481,'2021-03-14',0),(1620,1119,'2020-01-02',0),(1621,1205,'2020-12-24',0),(1622,1369,'2020-12-15',0),(1623,1142,'2021-01-25',0),(1624,1130,'2020-02-20',1),(1625,1017,'2020-01-04',0),(1626,1177,'2021-01-27',0),(1627,1257,'2021-01-13',1),(1628,1200,'2020-07-12',0),(1629,1072,'2020-07-30',0),(1630,1108,'2020-06-28',1),(1631,1366,'2020-09-07',0),(1632,1493,'2020-10-26',0),(1633,1320,'2020-05-05',1),(1634,1261,'2020-10-21',0),(1635,1143,'2020-10-03',0),(1636,1312,'2021-01-17',0),(1637,1014,'2020-03-01',0),(1638,1095,'2020-08-24',1),(1639,1334,'2020-06-15',1),(1640,1356,'2021-02-28',0),(1641,1196,'2020-09-23',1),(1642,1468,'2020-01-31',0),(1643,1154,'2020-03-25',0),(1644,1088,'2020-11-12',0),(1645,1437,'2020-01-05',1),(1646,1499,'2021-03-27',1),(1647,1242,'2020-12-25',1),(1648,1222,'2020-06-04',1),(1649,1482,'2020-08-03',0),(1650,1205,'2020-04-22',0),(1651,1343,'2020-06-02',0),(1652,1103,'2021-03-16',0),(1653,1305,'2020-02-14',0),(1654,1378,'2021-02-04',1),(1655,1436,'2020-08-04',1),(1656,1087,'2020-05-24',1),(1657,1119,'2021-04-02',1),(1658,1371,'2020-10-21',0),(1659,1065,'2021-01-20',1),(1660,1389,'2020-09-25',1),(1661,1096,'2020-06-08',0),(1662,1041,'2021-03-09',0),(1663,1297,'2020-09-20',0),(1664,1352,'2020-11-03',1),(1665,1240,'2020-06-18',0),(1666,1040,'2021-04-25',1),(1667,1413,'2021-04-02',0),(1668,1423,'2021-03-19',1),(1669,1132,'2021-04-16',0),(1670,1206,'2020-01-27',1),(1671,1224,'2020-08-22',0),(1672,1341,'2020-04-16',1),(1673,1172,'2020-07-20',1),(1674,1201,'2021-04-24',0),(1675,1071,'2020-09-17',1),(1676,1237,'2021-02-20',0),(1677,1438,'2020-03-28',0),(1678,1046,'2021-04-13',0),(1679,1347,'2021-01-17',1),(1680,1062,'2020-10-11',0),(1681,1417,'2020-05-12',1),(1682,1019,'2020-11-14',1),(1683,1263,'2021-02-01',1),(1684,1356,'2020-12-21',1),(1685,1077,'2020-10-30',1),(1686,1045,'2021-02-26',0),(1687,1082,'2020-08-06',1),(1688,1150,'2020-05-15',0),(1689,1123,'2020-07-10',0),(1690,1355,'2020-04-30',1),(1691,1403,'2021-02-16',0),(1692,1172,'2020-10-27',1),(1693,1380,'2020-11-21',1),(1694,1341,'2021-02-18',0),(1695,1486,'2020-04-03',0),(1696,1439,'2021-02-01',1),(1697,1395,'2021-03-10',0),(1698,1361,'2020-04-13',0),(1699,1224,'2020-03-03',1),(1700,1388,'2020-11-02',0),(1701,1232,'2020-08-07',0),(1702,1403,'2020-04-22',0),(1703,1433,'2020-05-21',0),(1704,1065,'2020-11-29',1),(1705,1058,'2020-08-11',0),(1706,1237,'2021-02-17',0),(1707,1368,'2020-12-04',1),(1708,1333,'2020-01-21',0),(1709,1020,'2020-08-09',1),(1710,1420,'2020-10-16',1),(1711,1308,'2021-01-21',0),(1712,1457,'2021-03-29',1),(1713,1329,'2020-11-08',0),(1714,1140,'2021-04-08',1),(1715,1125,'2020-04-14',1),(1716,1161,'2020-08-12',1),(1717,1315,'2020-03-15',0),(1718,1245,'2021-03-24',0),(1719,1085,'2020-12-11',0),(1720,1173,'2020-10-30',1),(1721,1462,'2020-11-14',0),(1722,1227,'2021-01-05',0),(1723,1433,'2020-05-16',1),(1724,1144,'2020-01-14',1),(1725,1226,'2020-12-28',1),(1726,1504,'2020-06-05',0),(1727,1054,'2020-08-17',0),(1728,1418,'2020-04-06',1),(1729,1204,'2020-10-05',0),(1730,1082,'2021-01-18',0),(1731,1477,'2021-01-14',0),(1732,1190,'2020-12-27',1),(1733,1241,'2021-04-22',0),(1734,1384,'2021-02-15',1),(1735,1268,'2020-10-11',0),(1736,1244,'2021-02-17',0),(1737,1268,'2021-02-16',1),(1738,1019,'2020-12-31',1),(1739,1395,'2020-03-09',0),(1740,1045,'2020-05-26',0),(1741,1342,'2020-06-04',0),(1742,1146,'2020-01-10',1),(1743,1453,'2020-09-22',1),(1744,1446,'2020-03-14',1),(1745,1225,'2020-10-01',1),(1746,1143,'2021-03-30',0),(1747,1481,'2020-05-31',0),(1748,1385,'2021-01-19',0),(1749,1489,'2020-03-27',1),(1750,1353,'2021-04-24',0),(1751,1472,'2020-11-19',0),(1752,1244,'2020-04-29',1),(1753,1353,'2021-03-20',0),(1754,1458,'2020-01-06',1),(1755,1022,'2020-10-17',0),(1756,1185,'2020-08-24',1),(1757,1348,'2020-11-02',1),(1758,1284,'2020-12-18',1),(1759,1170,'2021-03-22',0),(1760,1250,'2020-07-26',1),(1761,1226,'2021-02-16',1),(1762,1292,'2020-05-12',0),(1763,1116,'2020-05-10',1),(1764,1466,'2020-08-25',0),(1765,1481,'2021-04-20',0),(1766,1481,'2020-08-24',1),(1767,1255,'2020-01-01',0),(1768,1014,'2020-10-20',0),(1769,1145,'2020-11-29',0),(1770,1503,'2020-02-09',1),(1771,1046,'2020-09-07',0),(1772,1172,'2021-02-03',0),(1773,1340,'2021-04-22',0),(1774,1215,'2020-05-13',1),(1775,1265,'2020-06-16',1),(1776,1501,'2020-12-25',0),(1777,1428,'2020-09-29',1),(1778,1134,'2020-08-01',0),(1779,1256,'2020-02-16',1),(1780,1052,'2021-02-07',1),(1781,1148,'2020-10-06',1),(1782,1238,'2021-03-12',0),(1783,1471,'2020-12-30',0),(1784,1201,'2020-02-23',1),(1785,1094,'2020-12-01',1),(1786,1075,'2020-10-24',1),(1787,1136,'2020-08-29',1),(1788,1311,'2020-05-22',0),(1789,1254,'2020-02-17',1),(1790,1064,'2020-11-08',0),(1791,1157,'2020-10-31',0),(1792,1302,'2020-03-31',1),(1793,1470,'2021-03-05',1),(1794,1269,'2020-07-26',1),(1795,1027,'2020-12-02',1),(1796,1356,'2020-08-27',1),(1797,1068,'2020-09-18',0),(1798,1091,'2021-04-05',1),(1799,1358,'2020-07-15',0),(1800,1042,'2021-03-30',0),(1801,1470,'2020-03-11',0),(1802,1352,'2020-06-29',1),(1803,1015,'2021-03-21',0),(1804,1142,'2021-03-04',1),(1805,1379,'2021-04-06',0),(1806,1487,'2021-04-25',0),(1807,1475,'2020-06-27',1),(1808,1300,'2021-01-26',0),(1809,1297,'2020-09-03',1),(1810,1080,'2020-11-06',1),(1811,1501,'2020-02-10',1),(1812,1183,'2021-03-27',1),(1813,1450,'2020-12-04',0),(1814,1064,'2020-04-05',1),(1815,1188,'2020-09-08',0),(1816,1232,'2020-01-15',0),(1817,1478,'2020-01-25',1),(1818,1475,'2020-03-01',0),(1819,1400,'2020-01-24',1),(1820,1478,'2020-05-10',1),(1821,1051,'2021-03-26',0),(1822,1208,'2021-03-24',1),(1823,1484,'2021-04-24',0),(1824,1204,'2021-04-02',1),(1825,1097,'2020-03-14',0),(1826,1122,'2020-07-31',1),(1827,1067,'2020-05-04',1),(1828,1045,'2020-08-07',1),(1829,1064,'2020-12-17',1),(1830,1428,'2021-03-01',0),(1831,1447,'2020-09-28',1),(1832,1323,'2020-12-22',0),(1833,1324,'2020-09-16',0),(1834,1310,'2020-11-02',0),(1835,1271,'2020-02-12',1),(1836,1349,'2020-08-13',0),(1837,1323,'2020-06-10',1),(1838,1404,'2020-02-14',1),(1839,1298,'2020-12-19',1),(1840,1018,'2020-08-30',0),(1841,1105,'2020-05-14',1),(1842,1155,'2021-01-22',1),(1843,1099,'2020-06-22',0),(1844,1214,'2020-01-05',1),(1845,1468,'2020-01-31',0),(1846,1365,'2020-11-30',1),(1847,1239,'2020-02-19',1),(1848,1012,'2021-04-06',0),(1849,1358,'2020-01-15',1),(1850,1353,'2020-05-15',1),(1851,1476,'2020-07-14',1),(1852,1107,'2020-12-10',0),(1853,1479,'2020-06-09',0),(1854,1507,'2020-03-09',1),(1855,1179,'2020-01-05',0),(1856,1230,'2020-10-21',0),(1857,1381,'2020-08-06',1),(1858,1064,'2020-05-19',1),(1859,1239,'2021-03-01',1),(1860,1212,'2021-03-19',1),(1861,1331,'2020-12-11',0),(1862,1334,'2020-06-17',1),(1863,1290,'2021-01-24',1),(1864,1149,'2020-01-15',0),(1865,1382,'2020-04-27',0),(1866,1288,'2020-11-11',0),(1867,1174,'2021-02-05',0),(1868,1403,'2021-02-14',0),(1869,1091,'2020-12-14',1),(1870,1479,'2020-06-26',0),(1871,1136,'2020-06-23',0),(1872,1480,'2020-07-20',0),(1873,1225,'2020-06-27',0),(1874,1314,'2020-09-04',1),(1875,1269,'2021-04-21',0),(1876,1315,'2020-12-19',0),(1877,1123,'2020-05-14',0),(1878,1085,'2020-10-01',0),(1879,1185,'2020-05-21',1),(1880,1298,'2020-05-13',0),(1881,1462,'2020-09-28',0),(1882,1024,'2020-02-12',1),(1883,1097,'2020-03-27',1),(1884,1452,'2020-02-07',1),(1885,1091,'2020-08-14',1),(1886,1277,'2020-01-13',0),(1887,1437,'2020-07-14',1),(1888,1304,'2020-05-11',1),(1889,1026,'2021-01-17',0),(1890,1074,'2020-11-12',1),(1891,1453,'2020-12-14',0),(1892,1307,'2021-04-23',0),(1893,1287,'2021-02-15',1),(1894,1403,'2021-03-24',0),(1895,1486,'2020-08-09',0),(1896,1472,'2020-07-26',0),(1897,1488,'2020-09-24',1),(1898,1299,'2021-01-08',1),(1899,1033,'2021-02-01',1),(1900,1037,'2020-04-25',1),(1901,1244,'2020-04-11',1),(1902,1386,'2020-12-19',0),(1903,1106,'2020-03-04',1),(1904,1379,'2021-04-26',1),(1905,1111,'2021-01-29',0),(1906,1301,'2021-02-26',1),(1907,1137,'2020-11-02',1),(1908,1243,'2020-10-10',1),(1909,1416,'2021-04-18',0),(1910,1368,'2020-11-04',0),(1911,1226,'2020-02-10',0),(1912,1012,'2020-08-09',1),(1913,1360,'2020-05-31',1),(1914,1417,'2020-12-13',0),(1915,1381,'2021-01-15',1),(1916,1023,'2020-05-19',1),(1917,1377,'2020-06-10',1),(1918,1487,'2021-04-20',0),(1919,1470,'2020-12-05',0),(1920,1374,'2020-04-21',0),(1921,1378,'2020-08-26',0),(1922,1182,'2020-12-26',0),(1923,1495,'2020-01-06',1),(1924,1155,'2020-06-15',1),(1925,1452,'2020-01-25',1),(1926,1285,'2020-09-07',0),(1927,1063,'2020-11-04',1),(1928,1363,'2021-02-11',1),(1929,1098,'2020-07-17',0),(1930,1351,'2021-03-04',0),(1931,1328,'2020-10-21',1),(1932,1205,'2020-08-11',0),(1933,1073,'2020-09-03',0),(1934,1343,'2020-02-15',0),(1935,1121,'2020-06-06',0),(1936,1166,'2020-04-13',1),(1937,1257,'2021-01-27',0),(1938,1215,'2021-04-19',0),(1939,1193,'2020-11-09',1),(1940,1167,'2020-07-18',1),(1941,1045,'2020-10-08',0),(1942,1073,'2020-11-21',1),(1943,1304,'2020-05-31',0),(1944,1263,'2020-07-10',0),(1945,1212,'2020-10-06',1),(1946,1331,'2021-01-02',0),(1947,1043,'2020-11-18',0),(1948,1030,'2021-04-01',1),(1949,1169,'2021-03-16',0),(1950,1056,'2021-02-19',1),(1951,1034,'2020-12-15',1),(1952,1313,'2021-01-22',1),(1953,1337,'2020-09-02',0),(1954,1104,'2020-08-10',1),(1955,1298,'2020-03-01',0),(1956,1284,'2020-07-09',1),(1957,1030,'2020-01-17',0),(1958,1039,'2021-01-14',0),(1959,1437,'2020-04-01',1),(1960,1455,'2020-09-17',0),(1961,1301,'2021-02-23',1),(1962,1348,'2020-07-31',0),(1963,1389,'2020-11-18',0),(1964,1210,'2020-01-13',1),(1965,1374,'2021-03-12',0),(1966,1218,'2020-06-02',0),(1967,1193,'2021-01-13',0),(1968,1203,'2020-02-01',1),(1969,1413,'2020-04-04',0),(1970,1084,'2020-03-19',0),(1971,1206,'2020-06-03',0),(1972,1190,'2020-12-04',1),(1973,1326,'2020-05-16',1),(1974,1098,'2021-03-14',1),(1975,1320,'2020-05-10',1),(1976,1070,'2020-10-08',0),(1977,1184,'2020-02-27',0),(1978,1121,'2020-08-18',1),(1979,1499,'2020-05-14',1),(1980,1325,'2020-08-08',0),(1981,1041,'2021-01-26',1),(1982,1362,'2020-05-13',0),(1983,1478,'2020-08-24',0),(1984,1254,'2020-04-20',1),(1985,1121,'2021-04-17',0),(1986,1392,'2020-10-12',0),(1987,1223,'2020-10-10',0),(1988,1298,'2020-02-14',1),(1989,1084,'2020-09-11',1),(1990,1476,'2020-02-19',1),(1991,1434,'2020-11-05',1),(1992,1471,'2020-05-11',0),(1993,1270,'2020-07-18',0),(1994,1177,'2020-10-14',0),(1995,1276,'2020-01-17',0),(1996,1423,'2020-11-30',1),(1997,1485,'2020-05-01',0),(1998,1356,'2020-12-19',0),(1999,1176,'2021-02-05',1),(2000,1168,'2021-03-08',0),(2001,1197,'2020-07-12',1),(2002,1244,'2021-01-20',0),(2003,1300,'2020-08-18',1),(2004,1239,'2021-03-07',1),(2005,1426,'2021-02-23',1),(2006,1343,'2020-09-07',0),(2007,1168,'2020-06-11',1),(2008,1014,'2021-01-05',1),(2009,1318,'2020-11-29',0),(2010,1090,'2020-11-07',1),(2011,1248,'2020-05-09',0),(2012,1037,'2020-02-05',0),(2013,1203,'2020-03-14',1),(2014,1470,'2020-05-06',0),(2015,1184,'2020-06-08',1),(2016,1152,'2020-09-18',1),(2017,1420,'2020-02-27',0),(2018,1179,'2020-07-30',1),(2019,1349,'2020-12-30',1),(2020,1368,'2020-05-04',1),(2021,1323,'2020-01-12',0),(2022,1055,'2020-09-01',1),(2023,1353,'2020-10-23',0),(2024,1086,'2021-01-15',1),(2025,1396,'2020-02-07',1),(2026,1197,'2020-10-13',0),(2027,1087,'2021-04-22',0),(2028,1429,'2020-06-06',1),(2029,1138,'2021-03-05',0),(2030,1319,'2020-04-29',1),(2031,1212,'2020-02-13',1),(2032,1354,'2021-01-16',1),(2033,1475,'2020-03-02',1),(2034,1235,'2021-03-22',0),(2035,1321,'2020-08-04',1),(2036,1505,'2020-01-30',0),(2037,1034,'2020-07-09',0),(2038,1208,'2020-09-01',1),(2039,1474,'2020-01-06',0),(2040,1406,'2020-01-30',1),(2041,1379,'2020-02-11',1),(2042,1053,'2021-02-04',1),(2043,1322,'2020-08-27',1),(2044,1078,'2020-11-18',1),(2045,1501,'2020-11-10',1),(2046,1445,'2021-04-05',0),(2047,1210,'2021-04-18',1),(2048,1221,'2020-05-07',0),(2049,1499,'2020-04-15',0),(2050,1222,'2020-10-24',0),(2051,1326,'2020-04-20',0),(2052,1035,'2020-07-09',1),(2053,1134,'2021-04-05',1),(2054,1305,'2020-10-02',0),(2055,1340,'2021-01-29',0),(2056,1392,'2021-03-15',1),(2057,1416,'2020-09-23',1),(2058,1272,'2020-03-25',1),(2059,1112,'2020-02-19',1),(2060,1008,'2021-01-25',1),(2061,1439,'2020-07-14',0),(2062,1316,'2021-01-14',0),(2063,1305,'2020-04-10',0),(2064,1238,'2020-03-09',1),(2065,1468,'2020-03-10',1),(2066,1213,'2020-04-06',1),(2067,1108,'2020-07-28',0),(2068,1133,'2021-01-17',0),(2069,1287,'2020-10-06',0),(2070,1440,'2020-04-09',1),(2071,1198,'2021-04-01',0),(2072,1422,'2020-12-03',0),(2073,1496,'2020-08-23',0),(2074,1135,'2021-04-15',0),(2075,1204,'2020-05-22',0),(2076,1235,'2020-02-14',1),(2077,1218,'2020-07-19',0),(2078,1082,'2020-10-02',1),(2079,1222,'2020-10-19',0),(2080,1046,'2021-01-09',1),(2081,1461,'2020-11-09',1),(2082,1224,'2020-10-21',0),(2083,1353,'2020-12-05',0),(2084,1080,'2020-12-08',0),(2085,1386,'2020-12-21',0),(2086,1404,'2020-12-15',1),(2087,1423,'2020-08-29',1),(2088,1030,'2020-11-25',1),(2089,1208,'2020-02-11',1),(2090,1324,'2020-08-07',1),(2091,1200,'2020-04-01',1),(2092,1115,'2020-09-04',1),(2093,1121,'2020-09-15',0),(2094,1157,'2020-12-18',0),(2095,1325,'2020-03-04',0),(2096,1159,'2020-06-06',0),(2097,1407,'2020-01-03',1),(2098,1331,'2020-07-29',0),(2099,1324,'2020-07-28',0),(2100,1069,'2020-10-23',0),(2101,1237,'2020-10-27',1),(2102,1342,'2021-04-10',1),(2103,1172,'2020-05-20',1),(2104,1160,'2020-11-17',1),(2105,1499,'2021-04-17',0),(2106,1390,'2020-06-18',0),(2107,1350,'2020-07-29',1),(2108,1114,'2021-01-30',0),(2109,1073,'2020-11-26',0),(2110,1447,'2020-04-19',0),(2111,1046,'2020-08-29',1),(2112,1355,'2020-08-29',1),(2113,1346,'2020-02-01',1),(2114,1336,'2021-01-24',1),(2115,1058,'2021-01-17',0),(2116,1264,'2020-10-15',0),(2117,1456,'2020-11-24',0),(2118,1438,'2021-04-10',0),(2119,1484,'2020-05-04',0),(2120,1466,'2020-10-26',1),(2121,1046,'2020-01-06',0),(2122,1051,'2020-10-24',0),(2123,1189,'2020-02-05',0),(2124,1287,'2020-07-26',0),(2125,1134,'2020-07-27',0),(2126,1109,'2020-01-21',1),(2127,1070,'2021-02-09',0),(2128,1320,'2020-07-28',1),(2129,1368,'2020-02-22',0),(2130,1316,'2020-04-11',0),(2131,1209,'2021-03-28',0),(2132,1068,'2020-02-07',1),(2133,1394,'2020-12-01',0),(2134,1096,'2020-03-11',0),(2135,1461,'2020-12-15',0),(2136,1092,'2021-03-15',0),(2137,1296,'2020-09-09',0),(2138,1462,'2021-04-21',1),(2139,1500,'2020-12-27',1),(2140,1123,'2020-05-05',1),(2141,1176,'2020-04-17',1),(2142,1219,'2020-07-29',1),(2143,1334,'2020-05-16',1),(2144,1349,'2020-10-28',1),(2145,1324,'2021-02-28',1),(2146,1234,'2020-11-27',0),(2147,1389,'2020-03-03',0),(2148,1169,'2020-12-07',1),(2149,1031,'2021-03-19',0),(2150,1109,'2021-03-15',0),(2151,1249,'2021-03-25',0),(2152,1268,'2020-12-09',0),(2153,1245,'2020-08-28',0),(2154,1388,'2021-03-16',1),(2155,1083,'2020-10-03',1),(2156,1193,'2020-09-21',0),(2157,1055,'2020-12-10',1),(2158,1090,'2021-02-11',0),(2159,1112,'2020-07-17',0),(2160,1181,'2021-01-25',1),(2161,1313,'2020-05-29',1),(2162,1420,'2020-08-19',1),(2163,1242,'2020-07-13',0),(2164,1255,'2021-04-08',1),(2165,1117,'2020-11-28',1),(2166,1297,'2021-02-03',0),(2167,1199,'2020-02-02',0),(2168,1349,'2020-06-15',1),(2169,1302,'2021-02-12',0),(2170,1466,'2020-01-02',0),(2171,1108,'2020-12-15',1),(2172,1256,'2021-02-23',1),(2173,1009,'2020-01-09',1),(2174,1200,'2020-12-09',0),(2175,1023,'2020-03-04',0),(2176,1466,'2021-03-17',1),(2177,1193,'2020-03-07',1),(2178,1087,'2020-02-13',0),(2179,1431,'2020-05-09',1),(2180,1105,'2020-02-23',1),(2181,1066,'2020-06-25',0),(2182,1372,'2020-09-29',1),(2183,1330,'2020-12-25',0),(2184,1072,'2020-11-12',1),(2185,1436,'2020-01-23',1),(2186,1362,'2020-03-02',0),(2187,1364,'2021-01-04',0),(2188,1420,'2020-11-10',1),(2189,1139,'2020-08-26',1),(2190,1180,'2020-10-26',1),(2191,1183,'2020-09-09',0),(2192,1033,'2021-04-12',0),(2193,1080,'2021-01-21',0),(2194,1358,'2020-11-08',1),(2195,1372,'2020-12-21',1),(2196,1108,'2020-11-22',0),(2197,1119,'2020-08-24',0),(2198,1020,'2020-11-02',1),(2199,1033,'2021-04-06',1),(2200,1414,'2021-04-27',0),(2201,1148,'2020-03-22',1),(2202,1489,'2020-04-17',1),(2203,1268,'2020-02-01',0),(2204,1226,'2020-12-31',0),(2205,1010,'2020-09-02',0),(2206,1457,'2020-12-27',0),(2207,1420,'2021-03-08',1),(2208,1460,'2020-02-23',1),(2209,1168,'2020-11-02',1),(2210,1413,'2021-01-24',1),(2211,1197,'2020-05-31',0),(2212,1472,'2020-06-04',0),(2213,1497,'2020-10-03',1),(2214,1483,'2021-03-21',0),(2215,1276,'2020-07-15',0),(2216,1452,'2021-04-22',1),(2217,1303,'2020-01-13',0),(2218,1336,'2020-10-05',0),(2219,1074,'2020-02-15',0),(2220,1327,'2020-02-03',1),(2221,1408,'2020-03-28',0),(2222,1117,'2020-12-20',1),(2223,1359,'2021-01-11',1),(2224,1146,'2021-01-08',0),(2225,1224,'2020-06-03',0),(2226,1280,'2020-09-07',0),(2227,1309,'2020-10-21',0),(2228,1132,'2020-01-01',1),(2229,1014,'2020-11-07',1),(2230,1272,'2021-04-20',0),(2231,1482,'2021-03-21',0),(2232,1378,'2021-02-11',0),(2233,1025,'2020-12-03',1),(2234,1376,'2021-01-22',1),(2235,1434,'2021-01-04',1),(2236,1362,'2021-01-16',1),(2237,1139,'2021-01-16',1),(2238,1397,'2021-04-15',0),(2239,1013,'2020-05-29',0),(2240,1076,'2021-04-29',0),(2241,1376,'2020-09-27',1),(2242,1107,'2020-11-01',1),(2243,1254,'2021-02-14',1),(2244,1276,'2020-04-19',0),(2245,1353,'2020-12-02',1),(2246,1164,'2021-03-17',0),(2247,1238,'2020-08-09',1),(2248,1019,'2020-10-26',1),(2249,1305,'2020-12-18',0),(2250,1027,'2021-03-03',1),(2251,1498,'2020-01-25',1),(2252,1487,'2020-09-04',0),(2253,1292,'2020-01-30',1),(2254,1211,'2020-01-13',0),(2255,1325,'2021-04-08',0),(2256,1111,'2020-03-10',1),(2257,1184,'2021-01-07',0),(2258,1500,'2020-12-28',1),(2259,1305,'2020-03-16',1),(2260,1308,'2021-02-25',0),(2261,1121,'2020-12-19',0),(2262,1357,'2020-10-19',0),(2263,1035,'2020-10-07',0),(2264,1204,'2020-07-20',1),(2265,1260,'2020-08-24',1),(2266,1209,'2020-07-23',1),(2267,1303,'2021-03-08',0),(2268,1063,'2020-10-25',1),(2269,1418,'2020-11-26',1),(2270,1240,'2020-06-10',0),(2271,1176,'2020-04-03',1),(2272,1098,'2021-04-26',1),(2273,1141,'2020-03-11',0),(2274,1249,'2020-07-04',1),(2275,1121,'2020-09-23',0),(2276,1327,'2020-09-12',0),(2277,1358,'2020-12-30',1),(2278,1196,'2020-09-04',0),(2279,1017,'2020-10-25',0),(2280,1301,'2020-01-07',1),(2281,1451,'2021-02-07',1),(2282,1272,'2021-01-17',1),(2283,1134,'2020-01-18',0),(2284,1233,'2020-04-14',1),(2285,1198,'2021-01-24',1),(2286,1115,'2021-02-12',1),(2287,1485,'2020-04-08',1),(2288,1133,'2020-07-01',0),(2289,1310,'2020-09-25',0),(2290,1443,'2020-08-03',0),(2291,1156,'2020-04-11',1),(2292,1331,'2020-11-13',0),(2293,1240,'2020-10-17',0),(2294,1164,'2021-03-21',0),(2295,1060,'2020-10-25',1),(2296,1362,'2021-01-07',1),(2297,1206,'2020-12-21',1),(2298,1222,'2020-01-22',0),(2299,1299,'2021-01-12',1),(2300,1237,'2021-04-29',0),(2301,1027,'2021-03-27',1),(2302,1504,'2020-03-10',0),(2303,1114,'2021-01-11',0),(2304,1117,'2020-10-17',0),(2305,1326,'2020-12-12',1),(2306,1228,'2020-04-20',1),(2307,1486,'2020-09-15',0),(2308,1379,'2021-03-20',1),(2309,1255,'2020-09-23',0),(2310,1110,'2020-09-17',0),(2311,1369,'2020-06-26',0),(2312,1359,'2020-04-24',0),(2313,1498,'2020-09-27',1),(2314,1309,'2020-01-10',0),(2315,1112,'2021-04-06',1),(2316,1309,'2020-08-08',1),(2317,1397,'2020-03-04',0),(2318,1466,'2020-04-28',1),(2319,1438,'2021-03-01',0),(2320,1394,'2020-09-13',1),(2321,1261,'2021-04-09',0),(2322,1289,'2020-08-10',0),(2323,1156,'2020-08-07',1),(2324,1144,'2020-01-16',1),(2325,1440,'2020-09-10',1),(2326,1091,'2020-05-16',1),(2327,1238,'2020-11-02',1),(2328,1054,'2020-08-06',1),(2329,1303,'2021-04-19',0),(2330,1419,'2020-09-06',1),(2331,1228,'2020-02-22',0),(2332,1434,'2021-01-14',0),(2333,1195,'2021-04-04',1),(2334,1387,'2020-03-12',0),(2335,1277,'2020-07-27',1),(2336,1140,'2020-05-28',1),(2337,1110,'2020-11-16',0),(2338,1429,'2021-03-05',1),(2339,1292,'2021-03-20',1),(2340,1424,'2021-04-01',0),(2341,1337,'2020-03-08',0),(2342,1312,'2021-03-19',0),(2343,1194,'2020-12-08',0),(2344,1465,'2020-08-05',0),(2345,1255,'2020-01-19',0),(2346,1273,'2021-03-29',1),(2347,1124,'2020-02-10',0),(2348,1414,'2020-03-07',0),(2349,1076,'2020-02-02',0),(2350,1383,'2020-05-02',0),(2351,1122,'2020-01-28',1),(2352,1372,'2021-02-14',1),(2353,1409,'2020-01-05',0),(2354,1257,'2020-12-19',1),(2355,1124,'2020-04-08',0),(2356,1096,'2020-01-05',1),(2357,1386,'2020-08-19',0),(2358,1494,'2020-08-20',1),(2359,1452,'2021-01-30',0),(2360,1110,'2020-07-02',0),(2361,1269,'2020-10-30',0),(2362,1435,'2021-02-12',0),(2363,1128,'2021-03-03',0),(2364,1415,'2021-02-26',0),(2365,1175,'2020-09-20',0),(2366,1393,'2020-09-06',1),(2367,1039,'2020-03-24',1),(2368,1333,'2020-09-20',1),(2369,1391,'2020-06-29',0),(2370,1296,'2020-03-19',0),(2371,1029,'2020-08-19',0),(2372,1308,'2020-10-04',0),(2373,1379,'2021-02-14',1),(2374,1206,'2020-06-24',0),(2375,1228,'2020-02-14',1),(2376,1276,'2020-11-05',1),(2377,1325,'2020-10-20',1),(2378,1489,'2020-05-01',0),(2379,1221,'2020-10-06',0),(2380,1465,'2021-04-02',1),(2381,1382,'2020-09-21',1),(2382,1121,'2020-03-26',0),(2383,1252,'2020-09-29',1),(2384,1253,'2020-12-02',0),(2385,1489,'2020-12-22',1),(2386,1369,'2020-07-12',1),(2387,1325,'2020-02-21',1),(2388,1074,'2020-03-05',0),(2389,1349,'2021-04-21',1),(2390,1343,'2020-08-25',0),(2391,1496,'2020-09-21',0),(2392,1399,'2020-02-28',1),(2393,1267,'2020-09-27',0),(2394,1317,'2020-07-02',0),(2395,1178,'2020-06-13',1),(2396,1387,'2020-10-13',1),(2397,1193,'2020-05-12',1),(2398,1204,'2020-05-31',1),(2399,1439,'2020-05-11',0),(2400,1354,'2021-04-19',0),(2401,1051,'2020-11-19',1),(2402,1284,'2020-03-08',0),(2403,1124,'2020-03-06',1),(2404,1156,'2020-10-04',0),(2405,1011,'2020-09-28',0),(2406,1292,'2020-04-24',1),(2407,1061,'2021-03-04',0),(2408,1454,'2020-11-01',1),(2409,1107,'2020-09-30',0),(2410,1017,'2020-01-07',0),(2411,1442,'2020-03-30',1),(2412,1016,'2020-10-12',0),(2413,1311,'2020-06-06',0),(2414,1204,'2020-07-29',0),(2415,1468,'2021-04-08',1),(2416,1277,'2020-10-04',0),(2417,1351,'2020-03-27',1),(2418,1153,'2021-02-07',0),(2419,1411,'2021-04-16',0),(2420,1155,'2020-05-28',0),(2421,1375,'2020-09-18',1),(2422,1149,'2020-08-01',0),(2423,1307,'2020-01-17',1),(2424,1207,'2020-10-22',1),(2425,1496,'2021-04-02',0),(2426,1323,'2020-02-28',1),(2427,1472,'2020-03-30',1),(2428,1407,'2020-11-06',1),(2429,1497,'2021-02-17',0),(2430,1462,'2021-02-09',0),(2431,1190,'2020-06-24',1),(2432,1435,'2020-10-13',0),(2433,1470,'2020-05-18',1),(2434,1018,'2020-02-06',0),(2435,1204,'2020-02-06',1),(2436,1469,'2020-04-14',0),(2437,1245,'2020-11-26',1),(2438,1456,'2020-04-26',0),(2439,1256,'2021-02-25',0),(2440,1397,'2020-06-22',0),(2441,1283,'2020-06-03',0),(2442,1033,'2020-03-26',1),(2443,1371,'2020-12-21',0),(2444,1290,'2020-07-12',1),(2445,1303,'2020-08-09',1),(2446,1204,'2020-09-10',1),(2447,1295,'2020-08-01',1),(2448,1354,'2020-09-22',0),(2449,1480,'2020-06-13',1),(2450,1480,'2020-12-01',1),(2451,1416,'2021-02-23',1),(2452,1305,'2020-10-13',0),(2453,1367,'2021-02-28',0),(2454,1231,'2020-12-07',1),(2455,1445,'2020-10-10',1),(2456,1360,'2021-01-18',0),(2457,1289,'2021-02-25',1),(2458,1117,'2021-04-25',0),(2459,1095,'2020-08-21',1),(2460,1502,'2020-10-01',0),(2461,1481,'2020-09-21',1),(2462,1296,'2020-01-18',1),(2463,1178,'2020-01-29',1),(2464,1246,'2020-10-07',1),(2465,1311,'2020-07-16',1),(2466,1224,'2020-11-08',1),(2467,1084,'2020-10-21',0),(2468,1063,'2020-02-27',0),(2469,1043,'2021-01-22',0),(2470,1488,'2020-01-27',0),(2471,1093,'2020-11-18',0),(2472,1202,'2021-04-17',0),(2473,1350,'2020-04-22',0),(2474,1032,'2021-02-27',1),(2475,1207,'2020-02-18',1),(2476,1306,'2020-11-04',1),(2477,1256,'2020-02-12',1),(2478,1056,'2021-01-06',1),(2479,1179,'2020-06-24',1),(2480,1135,'2020-06-08',0),(2481,1024,'2020-04-23',1),(2482,1356,'2021-03-26',0),(2483,1351,'2020-01-20',1),(2484,1142,'2020-10-28',1),(2485,1257,'2021-02-09',0),(2486,1081,'2020-05-21',1),(2487,1181,'2020-01-30',1),(2488,1055,'2020-11-08',1),(2489,1291,'2021-04-19',1),(2490,1425,'2020-10-25',1),(2491,1356,'2020-10-24',1),(2492,1031,'2020-05-15',0),(2493,1294,'2021-02-05',0),(2494,1226,'2020-10-21',0),(2495,1047,'2020-09-01',1),(2496,1241,'2020-04-26',1),(2497,1293,'2020-07-19',1),(2498,1360,'2020-05-13',1),(2499,1497,'2020-04-04',1),(2500,1193,'2021-03-25',0),(2501,1408,'2020-07-18',1),(2502,1156,'2020-08-03',1),(2503,1410,'2020-11-13',1),(2504,1010,'2020-03-02',1),(2505,1221,'2020-05-28',0),(2506,1345,'2021-02-08',1),(2507,1297,'2020-08-02',1),(2508,1153,'2020-01-30',1),(2509,1260,'2021-04-19',1),(2510,1149,'2020-03-21',0),(2511,1240,'2020-06-13',1),(2512,1252,'2021-02-12',0),(2513,1477,'2020-11-08',1),(2514,1280,'2021-03-23',1),(2515,1414,'2021-04-19',0),(2516,1144,'2020-05-13',1),(2517,1119,'2021-02-11',1),(2518,1466,'2021-02-23',1),(2519,1469,'2020-09-30',0),(2520,1249,'2021-02-26',0),(2521,1503,'2020-03-29',0),(2522,1496,'2021-02-04',0),(2523,1099,'2021-03-05',0),(2524,1214,'2020-05-27',0),(2525,1193,'2020-10-13',0),(2526,1423,'2021-03-27',0),(2527,1035,'2020-11-08',0),(2528,1356,'2021-04-16',0),(2529,1378,'2020-01-31',1),(2530,1290,'2020-08-02',1),(2531,1170,'2021-01-22',1),(2532,1398,'2021-02-02',0),(2533,1128,'2020-08-31',0),(2534,1484,'2021-04-19',1),(2535,1087,'2021-02-09',1),(2536,1013,'2021-04-03',0),(2537,1085,'2020-03-13',1),(2538,1159,'2020-05-31',1),(2539,1177,'2020-04-01',1),(2540,1189,'2020-05-01',0),(2541,1098,'2020-09-13',1),(2542,1400,'2020-04-09',0),(2543,1012,'2021-02-01',0),(2544,1369,'2021-01-07',0),(2545,1120,'2021-03-01',0),(2546,1505,'2021-02-07',1),(2547,1199,'2020-02-22',1),(2548,1260,'2020-10-04',0),(2549,1084,'2020-11-14',0),(2550,1388,'2020-05-27',0),(2551,1406,'2021-01-29',0),(2552,1035,'2020-01-25',1),(2553,1308,'2020-12-22',0),(2554,1008,'2020-01-13',0),(2555,1329,'2020-12-30',1),(2556,1373,'2020-08-02',1),(2557,1063,'2020-04-03',0),(2558,1041,'2020-06-25',0),(2559,1400,'2021-02-25',1),(2560,1394,'2020-01-23',1),(2561,1421,'2020-05-15',1),(2562,1161,'2020-09-23',0),(2563,1487,'2020-10-21',1),(2564,1149,'2020-06-20',1),(2565,1200,'2020-04-21',0),(2566,1449,'2020-04-29',0),(2567,1367,'2020-05-11',1),(2568,1028,'2020-01-06',1),(2569,1014,'2020-12-24',0),(2570,1418,'2020-03-19',1),(2571,1011,'2020-01-24',1),(2572,1071,'2021-04-26',0),(2573,1144,'2020-05-18',1),(2574,1301,'2020-11-12',1),(2575,1359,'2020-12-22',0),(2576,1180,'2020-02-22',0),(2577,1331,'2020-05-11',0),(2578,1094,'2020-12-03',1),(2579,1359,'2020-04-27',1),(2580,1462,'2020-10-28',1),(2581,1034,'2020-09-18',0),(2582,1326,'2020-07-08',0),(2583,1103,'2020-06-25',0),(2584,1449,'2021-01-07',0),(2585,1112,'2020-03-11',1),(2586,1456,'2020-12-30',0),(2587,1154,'2021-01-20',1),(2588,1468,'2021-04-25',1),(2589,1306,'2020-01-09',0),(2590,1161,'2020-08-30',0),(2591,1414,'2020-11-05',0),(2592,1173,'2021-01-25',1),(2593,1038,'2020-05-02',0),(2594,1050,'2020-08-22',1),(2595,1391,'2020-09-19',1),(2596,1233,'2020-06-17',1),(2597,1462,'2020-07-10',0),(2598,1234,'2021-02-11',1),(2599,1497,'2020-04-29',1),(2600,1099,'2020-06-16',0),(2601,1148,'2020-10-08',0),(2602,1434,'2020-09-20',0),(2603,1195,'2020-08-15',1),(2604,1415,'2020-05-05',0),(2605,1066,'2021-04-23',0),(2606,1495,'2020-06-04',1),(2607,1388,'2020-01-11',0),(2608,1068,'2020-05-11',0),(2609,1458,'2020-05-14',1),(2610,1032,'2020-07-14',1),(2611,1378,'2021-04-21',1),(2612,1152,'2021-03-02',0),(2613,1463,'2021-03-19',0),(2614,1407,'2020-10-15',1),(2615,1418,'2020-10-07',0),(2616,1414,'2020-02-19',0),(2617,1259,'2020-08-05',0),(2618,1265,'2021-02-18',1),(2619,1324,'2020-07-06',0),(2620,1289,'2020-05-24',1),(2621,1413,'2020-03-07',1),(2622,1475,'2021-03-28',0),(2623,1223,'2020-07-07',0),(2624,1505,'2020-12-20',1),(2625,1356,'2021-01-09',0),(2626,1302,'2020-02-21',0),(2627,1439,'2020-05-21',1),(2628,1095,'2020-11-07',1),(2629,1447,'2020-03-04',1),(2630,1495,'2020-04-22',0),(2631,1277,'2020-11-10',1),(2632,1306,'2020-04-21',1),(2633,1256,'2020-09-17',1),(2634,1364,'2020-01-21',1),(2635,1266,'2020-07-20',1),(2636,1327,'2020-04-09',1),(2637,1250,'2020-05-18',1),(2638,1301,'2020-12-23',0),(2639,1356,'2020-01-12',0),(2640,1017,'2020-02-25',1),(2641,1192,'2021-03-03',1),(2642,1392,'2020-09-07',1),(2643,1438,'2020-08-05',0),(2644,1186,'2021-04-15',0),(2645,1404,'2020-06-16',0),(2646,1231,'2020-09-02',0),(2647,1080,'2020-02-28',1),(2648,1423,'2020-09-13',0),(2649,1306,'2020-01-17',1),(2650,1319,'2021-03-22',0),(2651,1325,'2020-10-16',1),(2652,1351,'2020-02-23',1),(2653,1215,'2020-04-30',1),(2654,1407,'2020-03-02',0),(2655,1461,'2021-01-04',0),(2656,1275,'2020-03-04',1),(2657,1498,'2020-12-29',0),(2658,1156,'2020-01-31',0),(2659,1493,'2020-03-11',1),(2660,1069,'2020-11-07',0),(2661,1041,'2021-03-22',1),(2662,1314,'2020-05-14',0),(2663,1417,'2020-01-05',1),(2664,1451,'2020-10-30',1),(2665,1184,'2020-01-12',1),(2666,1467,'2020-07-14',0),(2667,1267,'2021-04-27',1),(2668,1426,'2020-08-23',0),(2669,1021,'2020-10-13',1),(2670,1185,'2020-10-16',0),(2671,1349,'2020-05-28',1),(2672,1437,'2021-03-15',0),(2673,1437,'2021-02-19',1),(2674,1234,'2020-01-31',0),(2675,1149,'2020-04-09',0),(2676,1476,'2020-02-26',0),(2677,1155,'2020-07-05',0),(2678,1024,'2020-07-15',1),(2679,1493,'2020-04-23',0),(2680,1397,'2021-02-19',1),(2681,1342,'2020-07-10',1),(2682,1289,'2020-12-31',0),(2683,1127,'2020-01-11',0),(2684,1422,'2020-11-21',0),(2685,1029,'2021-04-15',0),(2686,1492,'2020-12-10',1),(2687,1154,'2021-03-06',1),(2688,1050,'2021-01-21',1),(2689,1275,'2020-05-17',0),(2690,1246,'2020-04-18',1),(2691,1031,'2020-07-10',0),(2692,1318,'2020-10-18',0),(2693,1473,'2020-06-26',0),(2694,1142,'2021-03-24',1),(2695,1292,'2021-01-06',1),(2696,1142,'2020-02-10',0),(2697,1497,'2020-02-10',1),(2698,1024,'2020-06-19',1),(2699,1191,'2020-05-25',0),(2700,1304,'2021-01-04',0),(2701,1381,'2020-02-01',0),(2702,1295,'2020-08-09',1),(2703,1386,'2021-01-10',1),(2704,1437,'2020-04-25',0),(2705,1260,'2020-07-13',1),(2706,1308,'2021-02-06',0),(2707,1072,'2020-07-11',0),(2708,1297,'2020-05-13',1),(2709,1303,'2020-11-12',1),(2710,1507,'2020-10-29',1),(2711,1507,'2021-02-25',1),(2712,1495,'2020-08-23',1),(2713,1072,'2020-01-21',1),(2714,1146,'2020-03-06',1),(2715,1237,'2020-10-05',1),(2716,1386,'2021-01-09',0),(2717,1121,'2020-08-24',1),(2718,1111,'2020-07-02',1),(2719,1401,'2020-10-30',0),(2720,1501,'2020-03-12',1),(2721,1100,'2020-01-20',1),(2722,1306,'2020-06-30',0),(2723,1131,'2021-03-25',1),(2724,1335,'2021-04-12',1),(2725,1203,'2020-01-21',1),(2726,1021,'2020-10-10',1),(2727,1411,'2020-12-03',0),(2728,1052,'2020-04-13',0),(2729,1157,'2020-04-01',1),(2730,1501,'2020-08-04',1),(2731,1353,'2020-03-01',0),(2732,1442,'2021-02-06',0),(2733,1408,'2020-02-29',1),(2734,1294,'2020-05-12',0),(2735,1433,'2021-01-26',0),(2736,1203,'2020-03-28',1),(2737,1375,'2020-04-24',0),(2738,1181,'2020-03-02',0),(2739,1101,'2020-02-26',0),(2740,1263,'2021-02-22',1),(2741,1369,'2020-07-26',0),(2742,1128,'2021-02-25',0),(2743,1218,'2021-02-06',1),(2744,1225,'2020-03-23',0),(2745,1442,'2020-10-29',1),(2746,1340,'2021-04-01',0),(2747,1280,'2021-04-02',0),(2748,1416,'2020-07-09',0),(2749,1120,'2020-05-16',1),(2750,1026,'2021-03-05',0),(2751,1347,'2020-07-23',0),(2752,1344,'2020-01-12',1),(2753,1426,'2020-06-05',1),(2754,1084,'2021-03-14',1),(2755,1412,'2020-04-12',1),(2756,1026,'2020-10-30',0),(2757,1327,'2020-10-01',0),(2758,1037,'2021-01-21',0),(2759,1331,'2021-04-26',1),(2760,1277,'2020-11-24',1),(2761,1473,'2020-06-12',1),(2762,1014,'2020-02-12',0),(2763,1219,'2020-07-08',1),(2764,1257,'2020-04-18',1),(2765,1413,'2020-01-27',0),(2766,1470,'2020-01-11',1),(2767,1470,'2020-11-10',1),(2768,1010,'2020-01-08',1),(2769,1084,'2020-05-19',1),(2770,1280,'2020-06-11',0),(2771,1265,'2020-03-27',1),(2772,1051,'2021-01-03',0),(2773,1103,'2020-03-01',1),(2774,1142,'2020-03-27',1),(2775,1195,'2020-02-26',1),(2776,1239,'2020-06-26',1),(2777,1086,'2021-03-23',0),(2778,1394,'2020-11-23',1),(2779,1281,'2020-08-11',1),(2780,1446,'2020-11-20',1),(2781,1406,'2020-12-09',0),(2782,1020,'2020-02-07',1),(2783,1360,'2021-04-20',0),(2784,1057,'2020-06-22',0),(2785,1421,'2020-12-15',0),(2786,1105,'2021-01-28',1),(2787,1197,'2021-03-03',0),(2788,1472,'2020-12-06',0),(2789,1323,'2020-03-13',1),(2790,1233,'2021-02-15',1),(2791,1474,'2020-08-01',0),(2792,1068,'2021-03-20',0),(2793,1245,'2020-07-11',1),(2794,1367,'2020-09-25',1),(2795,1045,'2020-02-13',1),(2796,1048,'2020-03-16',0),(2797,1407,'2021-04-27',1),(2798,1161,'2021-01-28',1),(2799,1353,'2020-09-06',1),(2800,1207,'2020-02-27',1),(2801,1340,'2021-01-24',1),(2802,1082,'2020-06-29',1),(2803,1224,'2020-05-03',1),(2804,1211,'2020-04-30',0),(2805,1398,'2020-08-12',1),(2806,1399,'2020-05-25',1),(2807,1330,'2020-04-13',0),(2808,1388,'2020-07-18',0),(2809,1199,'2020-11-08',1),(2810,1434,'2020-10-16',0),(2811,1072,'2020-04-22',1),(2812,1104,'2020-11-22',1),(2813,1280,'2021-03-23',0),(2814,1009,'2020-10-20',0),(2815,1423,'2020-10-05',1),(2816,1049,'2020-08-03',0),(2817,1034,'2020-06-27',0),(2818,1166,'2020-02-10',1),(2819,1226,'2020-01-21',1),(2820,1410,'2020-09-23',1),(2821,1289,'2020-03-31',1),(2822,1126,'2020-04-19',0),(2823,1295,'2020-10-01',0),(2824,1279,'2020-08-31',0),(2825,1014,'2021-02-14',0),(2826,1175,'2020-11-10',0),(2827,1294,'2020-05-19',0),(2828,1317,'2020-06-16',1),(2829,1315,'2020-06-26',0),(2830,1041,'2020-06-30',1),(2831,1240,'2020-05-28',1),(2832,1334,'2020-02-04',1),(2833,1367,'2020-04-12',1),(2834,1137,'2020-01-13',1),(2835,1232,'2020-03-08',1),(2836,1468,'2020-10-21',1),(2837,1331,'2020-08-09',0),(2838,1431,'2020-03-06',1),(2839,1068,'2020-07-02',1),(2840,1178,'2020-02-26',1),(2841,1129,'2020-09-15',0),(2842,1127,'2020-09-07',1),(2843,1404,'2020-10-27',0),(2844,1035,'2020-01-22',0),(2845,1218,'2020-12-07',0),(2846,1357,'2020-06-18',1),(2847,1165,'2020-10-27',0),(2848,1101,'2020-02-17',1),(2849,1029,'2020-06-27',0),(2850,1316,'2020-04-21',0),(2851,1343,'2020-06-29',0),(2852,1191,'2020-07-27',1),(2853,1384,'2020-02-03',0),(2854,1475,'2021-03-26',0),(2855,1421,'2020-02-16',1),(2856,1430,'2020-11-04',0),(2857,1382,'2020-09-13',0),(2858,1313,'2021-04-03',0),(2859,1314,'2020-05-15',0),(2860,1395,'2020-08-14',0),(2861,1059,'2020-11-05',1),(2862,1368,'2020-12-19',0),(2863,1325,'2021-04-23',1),(2864,1407,'2020-11-04',0),(2865,1257,'2020-09-24',0),(2866,1326,'2020-01-01',1),(2867,1107,'2020-01-15',1),(2868,1440,'2020-04-02',0),(2869,1360,'2021-03-04',1),(2870,1370,'2020-10-28',1),(2871,1345,'2020-03-29',1),(2872,1021,'2021-01-24',0),(2873,1215,'2020-08-10',0),(2874,1507,'2020-03-05',1),(2875,1420,'2021-01-22',0),(2876,1255,'2020-07-11',1),(2877,1382,'2020-12-06',0),(2878,1502,'2020-08-04',0),(2879,1420,'2021-04-17',1),(2880,1065,'2020-07-01',1),(2881,1494,'2021-03-08',0),(2882,1216,'2020-07-20',0),(2883,1191,'2020-09-19',1),(2884,1028,'2020-09-29',1),(2885,1272,'2021-03-03',1),(2886,1292,'2020-06-18',1),(2887,1220,'2020-06-29',1),(2888,1030,'2020-02-03',1),(2889,1494,'2021-04-22',0),(2890,1088,'2021-01-04',0),(2891,1492,'2020-04-08',1),(2892,1444,'2021-02-18',0),(2893,1113,'2020-11-07',0),(2894,1493,'2020-04-17',1),(2895,1345,'2020-09-29',1),(2896,1195,'2020-01-13',1),(2897,1142,'2020-05-19',0),(2898,1048,'2021-03-26',0),(2899,1139,'2020-08-01',0),(2900,1099,'2020-08-05',1),(2901,1434,'2020-05-27',0),(2902,1446,'2021-02-20',0),(2903,1206,'2020-03-06',0),(2904,1052,'2020-02-19',1),(2905,1130,'2020-04-13',0),(2906,1224,'2020-01-17',1),(2907,1315,'2020-03-18',1),(2908,1290,'2021-03-22',1),(2909,1239,'2020-07-05',1),(2910,1058,'2020-06-25',1),(2911,1443,'2021-01-27',1),(2912,1303,'2020-12-19',1),(2913,1486,'2020-03-23',1),(2914,1363,'2021-02-23',1),(2915,1491,'2020-09-11',0),(2916,1404,'2020-09-30',0),(2917,1265,'2020-05-04',1),(2918,1139,'2021-04-11',0),(2919,1434,'2021-01-16',0),(2920,1195,'2021-04-27',1),(2921,1451,'2021-01-23',1),(2922,1411,'2020-08-23',0),(2923,1169,'2021-03-18',1),(2924,1445,'2020-09-23',1),(2925,1254,'2020-12-13',1),(2926,1425,'2021-02-09',0),(2927,1490,'2020-11-14',0),(2928,1456,'2020-06-24',0),(2929,1416,'2020-07-24',1),(2930,1120,'2020-11-20',0),(2931,1220,'2021-02-08',0),(2932,1050,'2020-01-23',1),(2933,1428,'2020-04-27',0),(2934,1117,'2021-03-16',1),(2935,1454,'2020-04-24',0),(2936,1108,'2020-02-13',1),(2937,1267,'2021-04-01',1),(2938,1349,'2020-09-25',1),(2939,1294,'2020-11-04',1),(2940,1500,'2020-01-09',0),(2941,1226,'2020-12-26',0),(2942,1479,'2020-09-06',1),(2943,1202,'2020-04-07',1),(2944,1447,'2020-04-10',1),(2945,1162,'2020-07-20',1),(2946,1045,'2020-08-29',0),(2947,1424,'2020-03-07',0),(2948,1502,'2020-04-23',1),(2949,1229,'2021-02-24',1),(2950,1249,'2020-01-20',1),(2951,1188,'2020-09-24',1),(2952,1450,'2020-03-02',0),(2953,1057,'2021-01-08',1),(2954,1025,'2020-11-12',1),(2955,1184,'2021-01-29',1),(2956,1215,'2021-02-28',1),(2957,1318,'2020-06-15',0),(2958,1372,'2020-04-06',0),(2959,1300,'2020-10-03',0),(2960,1407,'2020-04-28',0),(2961,1147,'2020-12-28',0),(2962,1335,'2020-01-01',0),(2963,1143,'2021-04-23',0),(2964,1278,'2020-01-27',1),(2965,1071,'2021-03-19',0),(2966,1456,'2020-11-25',1),(2967,1450,'2020-04-14',0),(2968,1053,'2021-02-02',1),(2969,1290,'2020-09-30',1),(2970,1431,'2020-02-28',0),(2971,1288,'2020-07-10',0),(2972,1282,'2021-03-30',0),(2973,1171,'2021-01-21',1),(2974,1302,'2021-02-03',0),(2975,1227,'2020-04-10',0),(2976,1391,'2021-04-11',0),(2977,1211,'2020-05-10',1),(2978,1208,'2020-01-03',0),(2979,1329,'2020-07-04',1),(2980,1229,'2020-11-29',0),(2981,1476,'2020-05-18',0),(2982,1327,'2021-02-19',0),(2983,1244,'2020-08-09',0),(2984,1121,'2020-06-30',1),(2985,1317,'2020-07-05',0),(2986,1117,'2021-02-02',0),(2987,1360,'2020-08-11',0),(2988,1178,'2020-12-18',1),(2989,1139,'2020-09-28',0),(2990,1328,'2020-08-23',0),(2991,1496,'2020-05-03',1),(2992,1166,'2020-09-27',0),(2993,1419,'2020-11-24',0),(2994,1327,'2020-01-27',0),(2995,1188,'2021-01-28',1),(2996,1319,'2021-01-13',1),(2997,1203,'2021-04-04',0),(2998,1311,'2020-03-14',1),(2999,1021,'2020-11-14',1),(3000,1398,'2021-02-09',0),(3001,1167,'2020-11-13',0),(3002,1423,'2021-03-30',1),(3003,1442,'2021-01-05',0),(3004,1270,'2021-04-03',0),(3005,1046,'2020-02-22',1),(3006,1066,'2020-10-10',0),(3007,1027,'2020-08-23',1),(3008,1137,'2020-08-18',0);
/*!40000 ALTER TABLE `commande` ENABLE KEYS */;
UNLOCK TABLES;

--
-- Table structure for table `ligne_commande`
--

DROP TABLE IF EXISTS `ligne_commande`;
/*!40101 SET @saved_cs_client     = @@character_set_client */;
/*!50503 SET character_set_client = utf8mb4 */;
CREATE TABLE `ligne_commande` (
  `id` int NOT NULL AUTO_INCREMENT,
  `commande_id` int NOT NULL,
  `produit_id` int NOT NULL,
  `quantite` int NOT NULL,
  PRIMARY KEY (`id`),
  KEY `fk_commande_produit_produit_idx` (`produit_id`),
  KEY `fk_commande_produit_commande_idx` (`commande_id`),
  CONSTRAINT `fk_commande_produit_commande` FOREIGN KEY (`commande_id`) REFERENCES `commande` (`id`),
  CONSTRAINT `fk_commande_produit_produit` FOREIGN KEY (`produit_id`) REFERENCES `produit` (`id`)
) ENGINE=InnoDB AUTO_INCREMENT=10016 DEFAULT CHARSET=utf8mb4 COLLATE=utf8mb4_0900_ai_ci;
/*!40101 SET character_set_client = @saved_cs_client */;

--
-- Dumping data for table `ligne_commande`
--

LOCK TABLES `ligne_commande` WRITE;
/*!40000 ALTER TABLE `ligne_commande` DISABLE KEYS */;
INSERT INTO `ligne_commande` VALUES (16,1782,461,18),(17,2971,385,29),(18,1531,345,1),(19,1959,482,20),(20,2761,443,12),(21,51,418,1),(22,308,328,6),(23,1384,130,9),(24,89,225,17),(25,1802,67,13),(26,248,260,23),(27,2957,192,20),(28,610,348,7),(29,2449,380,17),(30,1438,379,29),(31,1952,236,12),(32,504,434,34),(33,595,172,31),(34,1849,288,26),(35,1542,262,9),(36,1287,321,9),(37,2013,292,1),(38,389,150,21),(39,260,471,27),(40,287,389,3),(41,1122,251,5),(42,2065,500,34),(43,948,106,11),(44,1522,165,22),(45,2370,133,5),(46,2504,371,26),(47,1933,445,5),(48,1387,361,9),(49,612,298,17),(50,1618,79,5),(51,2245,302,17),(52,1058,449,25),(53,1332,202,15),(54,2052,487,29),(55,654,465,8),(56,905,215,15),(57,1845,389,29),(58,2925,299,6),(59,2743,323,29),(60,2208,466,27),(61,810,340,34),(62,1152,189,17),(63,2899,154,1),(64,1033,438,29),(65,2745,150,9),(66,364,289,12),(67,2284,99,3),(68,261,193,32),(69,2263,148,17),(70,2853,20,8),(71,581,278,8),(72,1327,329,8),(73,1764,155,17),(74,826,282,18),(75,432,280,5),(76,2906,287,26),(77,1169,399,8),(78,1211,16,18),(79,1237,198,13),(80,1322,280,21),(81,1305,16,11),(82,1956,436,20),(83,870,58,34),(84,416,124,28),(85,271,16,11),(86,111,465,2),(87,1799,142,32),(88,2482,467,15),(89,1811,322,33),(90,2969,372,7),(91,2094,434,22),(92,1740,452,26),(93,2961,474,35),(94,770,329,12),(95,130,347,22),(96,792,201,17),(97,1712,301,7),(98,2061,186,29),(99,2940,415,26),(100,2990,48,32),(101,2134,143,28),(102,864,19,26),(103,1543,495,5),(104,1780,228,24),(105,1787,65,35),(106,1207,183,11),(107,1321,23,26),(108,2786,480,1),(109,1641,21,9),(110,913,288,31),(111,2691,400,16),(112,2413,287,3),(113,2265,123,12),(114,2300,106,14),(115,1954,81,15),(116,1575,487,24),(117,339,221,35),(118,758,12,23),(119,1521,420,19),(120,2817,158,16),(121,2155,456,9),(122,2273,482,5),(123,860,333,33),(124,2277,156,6),(125,856,232,26),(126,2436,164,19),(127,2476,188,5),(128,1695,439,8),(129,2919,60,22),(130,2585,79,22),(131,2583,326,12),(132,2124,450,16),(133,2004,40,15),(134,1344,195,3),(135,1486,342,26),(136,249,101,12),(137,1993,363,13),(138,424,33,33),(139,1359,439,34),(140,2859,401,4),(141,1280,216,26),(142,430,37,21),(143,1553,456,6),(144,3008,505,24),(145,937,468,29),(146,939,64,31),(147,1529,394,5),(148,2692,486,14),(149,1971,136,29),(150,2590,329,10),(151,2826,404,32),(152,2866,215,19),(153,2476,44,20),(154,1497,86,18),(155,860,46,22),(156,2220,58,14),(157,2743,257,1),(158,2488,493,12),(159,1660,436,5),(160,619,62,27),(161,633,176,20),(162,2217,455,9),(163,1944,323,1),(164,683,445,17),(165,2399,246,24),(166,812,410,18),(167,2311,487,32),(168,993,468,25),(169,1251,490,35),(170,2674,16,9),(171,2281,378,4),(172,2397,25,24),(173,2012,158,18),(174,1370,449,33),(175,1746,215,1),(176,2974,300,35),(177,1159,22,30),(178,2776,339,30),(179,354,213,35),(180,52,86,19),(181,2004,206,3),(182,775,358,7),(183,1010,472,28),(184,937,134,21),(185,437,267,24),(186,2920,65,7),(187,917,37,14),(188,1963,388,28),(189,3008,354,35),(190,2313,84,31),(191,2757,18,16),(192,2453,456,32),(193,235,354,2),(194,1021,375,29),(195,102,122,13),(196,234,94,24),(197,1904,452,19),(198,1026,264,18),(199,866,367,14),(200,2768,39,32),(201,2361,182,26),(202,1593,420,24),(203,1098,40,6),(204,773,31,12),(205,2125,174,15),(206,1519,245,8),(207,117,279,11),(208,1799,296,29),(209,1048,221,28),(210,602,232,17),(211,3008,67,20),(212,2078,301,23),(213,1747,432,19),(214,2152,46,4),(215,2871,475,31),(216,2792,270,29),(217,2354,417,17),(218,2827,494,6),(219,2291,475,32),(220,1424,19,13),(221,166,176,21),(222,1473,318,28),(223,1764,384,23),(224,259,70,13),(225,1424,493,31),(226,2102,203,23),(227,1242,449,19),(228,2032,333,31),(229,2888,169,29),(230,2006,38,32),(231,2250,481,8),(232,1408,322,25),(233,388,170,12),(234,1258,239,12),(235,278,142,23),(236,775,42,1),(237,2905,468,15),(238,273,402,25),(239,2303,244,27),(240,1981,310,11),(241,165,222,2),(242,973,20,11),(243,271,112,23),(244,548,468,9),(245,326,129,25),(246,590,367,30),(247,385,346,12),(248,997,277,35),(249,1737,405,11),(250,1982,483,1),(251,2054,224,1),(252,1861,313,12),(253,2166,114,23),(254,2155,416,35),(255,261,403,15),(256,2296,374,25),(257,2993,349,21),(258,2930,116,27),(259,891,85,28),(260,38,221,13),(261,3003,260,35),(262,257,154,14),(263,658,46,1),(264,2177,189,8),(265,2407,423,27),(266,1643,129,25),(267,404,406,26),(268,2675,154,7),(269,2405,395,2),(270,816,162,33),(271,952,359,19),(272,115,94,33),(273,1616,350,14),(274,2728,394,6),(275,473,211,10),(276,1318,490,31),(277,2412,93,7),(278,1768,314,8),(279,1341,344,18),(280,1114,435,5),(281,2219,71,7),(282,263,436,25),(283,2469,391,5),(284,240,309,5),(285,1394,388,30),(286,1708,389,10),(287,1643,390,14),(288,1780,60,16),(289,2849,221,9),(290,2302,30,3),(291,921,433,6),(292,2928,176,8),(293,686,424,16),(294,1851,114,6),(295,320,336,20),(296,115,351,18),(297,1744,403,18),(298,2647,233,2),(299,1090,184,22),(300,2686,395,13),(301,2167,464,29),(302,1573,71,17),(303,1638,411,22),(304,1226,236,4),(305,2258,380,14),(306,2193,52,21),(307,2228,192,25),(308,1857,414,14),(309,340,492,7),(310,1161,49,18),(311,319,179,20),(312,925,219,31),(313,2167,174,29),(314,2825,407,16),(315,334,213,20),(316,839,168,29),(317,2737,33,18),(318,1822,10,9),(319,915,94,13),(320,282,282,13),(321,498,65,13),(322,1387,17,4),(323,2501,373,19),(324,2634,124,14),(325,2239,314,21),(326,2514,14,26),(327,2298,223,28),(328,2507,98,16),(329,558,301,6),(330,1249,48,6),(331,2815,43,28),(332,589,386,11),(333,925,172,4),(334,578,140,14),(335,2277,81,30),(336,1728,80,4),(337,1780,406,6),(338,2656,270,13),(339,150,359,2),(340,2693,299,29),(341,1740,503,6),(342,644,100,9),(343,2933,180,15),(344,1616,332,4),(345,2611,75,20),(346,2162,470,34),(347,2535,128,33),(348,1533,116,11),(349,2139,353,34),(350,1300,320,19),(351,924,361,12),(352,1688,189,24),(353,1923,493,16),(354,2477,222,10),(355,2834,393,17),(356,2661,20,8),(357,1285,497,28),(358,663,283,6),(359,163,185,21),(360,2783,348,18),(361,1635,91,23),(362,1410,227,12),(363,553,433,20),(364,2923,467,5),(365,1023,494,9),(366,2610,415,11),(367,2975,367,32),(368,1708,418,7),(369,1784,86,22),(370,404,80,29),(371,2623,271,4),(372,2962,362,11),(373,2056,452,9),(374,522,406,19),(375,421,470,31),(376,2304,80,30),(377,25,212,30),(378,1765,317,3),(379,339,279,33),(380,2150,260,27),(381,1103,472,32),(382,1055,396,12),(383,1520,38,9),(384,2361,350,26),(385,2950,56,26),(386,1242,191,27),(387,468,355,19),(388,1120,377,20),(389,1208,167,11),(390,1463,128,11),(391,1364,440,16),(392,751,159,15),(393,385,290,13),(394,952,321,1),(395,1346,432,18),(396,1568,386,14),(397,1263,246,16),(398,1469,254,16),(399,1432,482,5),(400,17,286,26),(401,278,107,10),(402,2649,66,19),(403,73,460,17),(404,1248,440,19),(405,2269,455,31),(406,1824,197,28),(407,1049,488,16),(408,1970,381,5),(409,304,466,33),(410,1542,21,20),(411,2576,422,32),(412,1763,503,5),(413,1495,19,23),(414,336,279,2),(415,809,145,5),(416,1452,401,5),(417,1224,342,25),(418,330,148,5),(419,717,278,13),(420,1855,117,2),(421,425,473,17),(422,1558,462,4),(423,1150,362,34),(424,1033,303,1),(425,1051,232,1),(426,2556,479,3),(427,247,275,3),(428,369,304,20),(429,806,481,26),(430,2704,298,28),(431,2625,135,21),(432,2201,231,17),(433,2921,38,34),(434,3004,193,30),(435,2736,123,14),(436,1598,282,5),(437,762,375,21),(438,1938,242,31),(439,2618,267,29),(440,170,352,13),(441,2370,436,19),(442,2564,122,17),(443,1930,479,5),(444,2267,363,5),(445,593,311,9),(446,569,67,30),(447,228,26,17),(448,2384,362,16),(449,1222,458,26),(450,2193,402,5),(451,1172,15,19),(452,1763,105,21),(453,543,159,28),(454,2440,328,5),(455,2458,272,22),(456,1585,61,3),(457,1148,81,21),(458,1044,44,7),(459,1255,410,27),(460,860,133,31),(461,1398,125,7),(462,2633,350,14),(463,1525,295,32),(464,29,29,15),(465,1585,330,26),(466,2064,398,29),(467,2919,50,24),(468,910,336,11),(469,878,183,17),(470,2888,306,28),(471,2158,304,19),(472,2537,83,27),(473,1562,444,19),(474,2586,81,29),(475,2930,97,2),(476,282,174,1),(477,148,242,31),(478,2956,245,12),(479,1290,82,11),(480,2871,335,7),(481,2521,26,30),(482,1965,483,25),(483,329,389,19),(484,1369,135,17),(485,1926,351,21),(486,1093,433,23),(487,583,494,15),(488,2307,334,31),(489,2344,353,12),(490,1404,67,25),(491,395,61,8),(492,2372,79,25),(493,2616,507,16),(494,2993,172,4),(495,2922,387,2),(496,1349,313,20),(497,2336,336,11),(498,598,182,10),(499,478,461,33),(500,1262,163,14),(501,766,309,5),(502,255,360,13),(503,852,469,2),(504,2921,402,35),(505,1301,301,6),(506,1746,46,9),(507,1083,36,20),(508,1308,37,29),(509,598,450,34),(510,844,299,15),(511,920,190,5),(512,683,256,12),(513,2441,372,21),(514,1313,431,27),(515,2769,389,32),(516,1075,275,3),(517,2203,372,8),(518,2907,113,31),(519,1711,458,5),(520,2305,344,12),(521,871,445,27),(522,1904,60,1),(523,1737,253,15),(524,431,410,26),(525,1192,117,13),(526,1676,423,4),(527,1752,93,19),(528,506,85,12),(529,2179,192,25),(530,2122,323,24),(531,1337,80,29),(532,2619,328,18),(533,809,277,3),(534,887,62,13),(535,382,253,14),(536,1704,420,1),(537,1320,419,12),(538,2737,298,21),(539,464,377,21),(540,1251,140,30),(541,836,181,21),(542,1067,317,1),(543,758,82,1),(544,251,98,9),(545,2300,12,6),(546,1467,364,3),(547,1424,131,14),(548,266,132,31),(549,1571,424,20),(550,717,296,9),(551,1004,443,10),(552,2663,229,13),(553,2726,83,16),(554,2102,421,29),(555,816,165,10),(556,1871,99,13),(557,529,503,7),(558,348,268,31),(559,2666,37,23),(560,837,158,6),(561,823,207,15),(562,2285,412,3),(563,1456,442,17),(564,2160,501,27),(565,2848,232,8),(566,892,238,23),(567,1238,187,9),(568,1719,319,22),(569,2842,64,12),(570,720,139,33),(571,1243,213,22),(572,835,463,18),(573,193,22,14),(574,2138,233,11),(575,2412,217,7),(576,2528,391,24),(577,2658,111,19),(578,952,429,7),(579,2629,265,18),(580,1779,326,29),(581,146,240,31),(582,198,467,18),(583,144,502,14),(584,593,255,34),(585,1462,290,16),(586,2584,61,6),(587,1872,244,24),(588,1331,77,28),(589,2957,58,23),(590,154,179,11),(591,2424,395,33),(592,517,333,10),(593,113,94,32),(594,1475,240,11),(595,2888,138,2),(596,2187,69,33),(597,672,381,23),(598,1722,134,26),(599,1324,385,20),(600,2013,363,2),(601,342,460,5),(602,911,479,6),(603,2025,32,32),(604,2074,92,14),(605,941,341,2),(606,1911,182,25),(607,1152,259,10),(608,2525,258,19),(609,1189,108,9),(610,698,86,13),(611,79,177,28),(612,313,161,1),(613,648,162,5),(614,2733,59,17),(615,1411,52,16),(616,2681,429,9),(617,330,200,3),(618,2892,397,29),(619,340,133,5),(620,683,229,33),(621,2969,78,4),(622,985,254,14),(623,770,355,28),(624,1895,38,28),(625,2940,453,24),(626,244,147,21),(627,2957,317,21),(628,503,239,15),(629,2631,224,9),(630,585,245,34),(631,1823,16,3),(632,761,487,6),(633,250,417,2),(634,2727,103,35),(635,2682,164,16),(636,1850,359,7),(637,1638,25,9),(638,1323,381,34),(639,10,306,35),(640,258,263,33),(641,2403,376,16),(642,400,243,8),(643,2765,225,18),(644,2625,333,33),(645,1828,303,11),(646,2812,67,26),(647,223,296,2),(648,2280,14,32),(649,2181,201,11),(650,1823,343,18),(651,1458,325,15),(652,1835,68,34),(653,2331,425,15),(654,472,80,33),(655,2538,347,2),(656,1457,417,27),(657,1457,473,16),(658,1475,410,31),(659,2506,345,30),(660,927,113,21),(661,2280,350,32),(662,2539,451,20),(663,1758,363,8),(664,1357,196,30),(665,72,40,7),(666,1439,266,15),(667,1027,294,3),(668,893,62,22),(669,1130,451,29),(670,2672,502,10),(671,1421,502,9),(672,2867,209,9),(673,50,181,22),(674,865,411,29),(675,1188,40,33),(676,893,338,17),(677,1466,367,8),(678,1133,168,6),(679,2975,96,15),(680,2993,158,23),(681,1270,278,33),(682,652,240,20),(683,732,135,3),(684,1123,237,1),(685,740,240,15),(686,329,492,2),(687,109,60,31),(688,2244,213,34),(689,1961,227,18),(690,793,202,15),(691,2595,420,9),(692,510,193,28),(693,2679,507,2),(694,1144,101,15),(695,1712,216,4),(696,532,208,14),(697,2763,491,26),(698,486,70,12),(699,1795,440,16),(700,193,99,5),(701,2712,91,28),(702,1504,153,4),(703,2848,259,15),(704,2021,316,34),(705,930,424,23),(706,2342,30,20),(707,2458,324,8),(708,1209,501,32),(709,2517,176,20),(710,2400,20,13),(711,198,182,17),(712,482,55,6),(713,1440,56,33),(714,2997,496,14),(715,1368,41,20),(716,2535,87,12),(717,1282,126,32),(718,570,292,6),(719,1518,426,21),(720,2629,38,9),(721,1146,311,32),(722,2574,80,2),(723,1919,492,9),(724,97,91,15),(725,1526,88,2),(726,887,343,29),(727,1373,483,13),(728,1379,101,20),(729,898,54,21),(730,1956,187,14),(731,2872,70,10),(732,1214,90,7),(733,574,363,6),(734,234,314,23),(735,243,266,28),(736,833,275,20),(737,2817,319,35),(738,357,379,1),(739,809,49,31),(740,2899,384,31),(741,571,16,21),(742,2032,260,6),(743,1436,290,31),(744,282,461,4),(745,2806,247,3),(746,2394,304,25),(747,2198,340,26),(748,402,346,34),(749,539,438,14),(750,432,477,15),(751,897,340,25),(752,2591,235,8),(753,2019,442,4),(754,1658,230,27),(755,1704,366,10),(756,995,62,9),(757,2738,275,17),(758,982,67,28),(759,889,159,21),(760,922,426,1),(761,798,465,28),(762,2160,297,29),(763,601,408,23),(764,429,484,8),(765,2606,329,19),(766,582,136,14),(767,603,56,28),(768,234,217,28),(769,2062,364,3),(770,607,385,16),(771,213,283,11),(772,2240,348,32),(773,198,97,22),(774,1019,118,32),(775,701,346,32),(776,930,9,13),(777,729,107,24),(778,2225,437,11),(779,910,59,3),(780,2137,38,35),(781,2485,153,25),(782,1989,32,5),(783,2822,134,35),(784,123,429,20),(785,858,200,3),(786,2346,326,34),(787,803,452,34),(788,1184,190,19),(789,143,467,23),(790,2692,410,20),(791,2574,120,30),(792,1312,344,31),(793,2909,371,19),(794,1946,215,22),(795,1285,446,30),(796,2440,265,33),(797,2149,299,30),(798,837,358,26),(799,2033,338,26),(800,1306,507,26),(801,970,368,6),(802,759,46,34),(803,1149,138,4),(804,961,387,35),(805,425,393,16),(806,1625,291,33),(807,2348,415,19),(808,441,269,27),(809,1700,155,10),(810,2866,483,16),(811,2039,393,2),(812,23,282,23),(813,569,421,16),(814,1128,482,7),(815,1486,104,5),(816,2452,470,24),(817,2573,59,4),(818,2291,9,26),(819,1550,115,28),(820,129,428,2),(821,735,341,18),(822,2799,134,19),(823,2497,318,13),(824,2802,310,31),(825,2251,192,10),(826,665,107,3),(827,2036,241,20),(828,282,365,10),(829,65,197,3),(830,2259,276,30),(831,787,259,5),(832,756,54,32),(833,889,413,12),(834,276,319,7),(835,1502,322,27),(836,834,277,4),(837,2235,209,13),(838,2869,140,26),(839,657,303,19),(840,2968,352,33),(841,1291,253,16),(842,881,484,17),(843,2002,179,19),(844,636,373,5),(845,1970,337,34),(846,2185,328,20),(847,1345,260,13),(848,2819,237,26),(849,959,489,27),(850,1546,23,29),(851,2157,389,19),(852,2333,261,25),(853,288,175,22),(854,1247,281,6),(855,482,151,25),(856,482,382,20),(857,2517,143,25),(858,2120,157,24),(859,1536,250,18),(860,977,298,2),(861,2658,287,14),(862,2311,268,8),(863,1391,338,28),(864,1413,483,29),(865,1601,344,21),(866,2123,351,8),(867,2754,98,12),(868,944,221,11),(869,1610,306,35),(870,601,51,8),(871,1061,459,7),(872,1670,132,32),(873,2541,195,8),(874,790,237,1),(875,1696,386,3),(876,1000,347,10),(877,1312,266,13),(878,2698,409,17),(879,1999,458,11),(880,71,99,5),(881,2390,76,21),(882,1114,197,14),(883,238,254,35),(884,2554,233,18),(885,386,220,3),(886,1899,343,17),(887,1153,377,18),(888,834,310,30),(889,1365,29,13),(890,1483,67,8),(891,1627,198,26),(892,1905,282,26),(893,1560,155,25),(894,1047,272,1),(895,2927,74,3),(896,1885,219,18),(897,405,37,2),(898,925,211,1),(899,2244,256,14),(900,2169,441,20),(901,1228,397,6),(902,887,178,30),(903,2668,244,35),(904,26,337,8),(905,430,278,13),(906,312,81,26),(907,1760,477,33),(908,1702,196,4),(909,1169,38,2),(910,626,484,25),(911,2336,143,8),(912,996,217,33),(913,2757,186,27),(914,2969,88,32),(915,2920,481,26),(916,1963,131,19),(917,1862,409,24),(918,1714,251,20),(919,2133,139,15),(920,176,299,4),(921,15,263,4),(922,1295,179,2),(923,1806,259,24),(924,629,91,4),(925,1879,95,15),(926,1375,128,15),(927,2189,216,16),(928,728,434,4),(929,2404,337,7),(930,2175,340,31),(931,1601,215,33),(932,2610,319,30),(933,2933,450,7),(934,502,123,17),(935,439,331,3),(936,1624,406,6),(937,1689,218,33),(938,1621,73,21),(939,2470,44,10),(940,387,450,30),(941,1448,408,1),(942,1428,153,20),(943,614,405,2),(944,1431,150,25),(945,437,157,7),(946,113,231,34),(947,2751,166,13),(948,1305,176,12),(949,2013,478,18),(950,856,352,5),(951,2148,245,14),(952,2017,262,32),(953,2182,209,18),(954,99,436,2),(955,969,143,6),(956,763,164,2),(957,2212,254,14),(958,1594,308,25),(959,622,74,18),(960,1652,242,33),(961,1314,140,3),(962,2599,270,7),(963,1530,343,21),(964,369,86,7),(965,880,70,33),(966,74,482,18),(967,2123,177,21),(968,425,114,27),(969,1448,215,15),(970,1888,165,27),(971,1670,334,13),(972,626,400,25),(973,281,314,24),(974,528,67,33),(975,2241,457,23),(976,2453,13,9),(977,1290,348,17),(978,2754,487,11),(979,2984,369,6),(980,2537,23,15),(981,2413,212,4),(982,164,214,23),(983,665,76,34),(984,283,382,24),(985,2428,173,10),(986,746,93,4),(987,917,500,30),(988,1415,78,29),(989,1637,180,11),(990,1049,27,20),(991,2999,498,26),(992,2685,454,35),(993,1163,373,19),(994,2136,84,23),(995,296,313,25),(996,1516,395,14),(997,1826,337,11),(998,2684,26,30),(999,2012,206,27),(1000,354,97,28),(1001,902,501,5),(1002,504,29,20),(1003,1942,91,8),(1004,847,380,11),(1005,1163,445,35),(1006,1804,146,16),(1007,3005,373,21),(1008,417,9,16),(1009,857,208,17),(1010,639,213,10),(1011,2072,330,6),(1012,2314,371,16),(1013,1092,358,17),(1014,2397,105,21),(1015,630,95,5),(1016,2700,140,20),(1017,2815,414,6),(1018,79,468,13),(1019,2566,61,26),(1020,1219,394,10),(1021,1802,334,14),(1022,1317,398,15),(1023,980,142,35),(1024,699,174,35),(1025,1528,396,15),(1026,1722,478,8),(1027,546,440,21),(1028,2353,285,28),(1029,1649,59,22),(1030,564,410,10),(1031,883,43,10),(1032,1640,347,9),(1033,1191,394,27),(1034,2371,199,5),(1035,648,413,33),(1036,2593,454,21),(1037,1897,60,15),(1038,2687,462,18),(1039,2185,68,20),(1040,1908,484,2),(1041,2875,10,2),(1042,2637,441,19),(1043,2096,59,15),(1044,2345,308,8),(1045,749,503,15),(1046,2756,390,1),(1047,1921,104,5),(1048,399,435,12),(1049,2656,150,10),(1050,2283,373,7),(1051,30,420,13),(1052,344,442,4),(1053,722,47,35),(1054,2664,37,15),(1055,1288,143,14),(1056,2590,210,4),(1057,954,358,15),(1058,261,164,25),(1059,149,123,27),(1060,746,330,14),(1061,2289,231,5),(1062,799,322,4),(1063,1590,355,16),(1064,1162,56,29),(1065,223,264,35),(1066,2292,370,15),(1067,2552,308,6),(1068,2513,204,34),(1069,1247,74,16),(1070,1218,227,33),(1071,881,265,25),(1072,1423,490,14),(1073,2657,421,15),(1074,73,55,31),(1075,1261,361,24),(1076,612,367,20),(1077,770,266,18),(1078,112,503,6),(1079,383,240,34),(1080,1322,361,11),(1081,954,165,15),(1082,201,193,5),(1083,2751,70,24),(1084,1939,476,14),(1085,807,349,21),(1086,2332,52,28),(1087,2125,247,1),(1088,1017,232,8),(1089,1330,399,22),(1090,634,362,10),(1091,669,199,4),(1092,2260,231,13),(1093,2786,107,33),(1094,2620,225,16),(1095,1623,476,33),(1096,541,253,5),(1097,717,88,8),(1098,2258,340,26),(1099,900,116,7),(1100,769,373,15),(1101,2249,38,12),(1102,920,80,25),(1103,1907,415,28),(1104,2532,36,31),(1105,1459,262,20),(1106,602,77,18),(1107,2277,336,33),(1108,276,453,24),(1109,788,174,29),(1110,218,186,19),(1111,2057,225,35),(1112,513,442,24),(1113,1947,254,10),(1114,2427,474,17),(1115,2676,324,18),(1116,2406,427,32),(1117,1923,417,28),(1118,280,116,34),(1119,1827,484,34),(1120,2612,103,20),(1121,451,329,4),(1122,1265,416,33),(1123,2444,251,1),(1124,3003,436,21),(1125,807,131,20),(1126,2157,233,17),(1127,1271,172,21),(1128,1408,258,9),(1129,1809,10,10),(1130,499,71,25),(1131,1190,103,20),(1132,221,318,30),(1133,2428,353,32),(1134,2514,49,32),(1135,362,58,2),(1136,908,316,13),(1137,1061,446,17),(1138,2686,20,21),(1139,2499,159,4),(1140,2832,349,7),(1141,2480,245,2),(1142,1579,269,12),(1143,2766,195,20),(1144,1043,429,26),(1145,537,323,12),(1146,2110,81,21),(1147,2038,277,18),(1148,2868,222,34),(1149,733,477,27),(1150,2806,435,20),(1151,2414,115,6),(1152,1437,54,28),(1153,213,264,10),(1154,244,186,10),(1155,190,429,4),(1156,2669,451,13),(1157,2159,139,24),(1158,2309,212,1),(1159,2737,348,26),(1160,2109,343,35),(1161,2770,32,7),(1162,2080,320,33),(1163,1524,502,31),(1164,2156,438,34),(1165,2239,462,22),(1166,2470,75,21),(1167,1028,62,3),(1168,2224,320,2),(1169,857,483,18),(1170,2832,202,8),(1171,2087,28,14),(1172,2132,487,29),(1173,2324,205,17),(1174,1878,265,25),(1175,1101,114,30),(1176,379,201,23),(1177,462,442,31),(1178,1277,199,21),(1179,59,129,35),(1180,961,14,4),(1181,1627,437,1),(1182,684,220,13),(1183,2018,337,21),(1184,209,283,7),(1185,355,258,17),(1186,1590,374,29),(1187,2220,154,32),(1188,96,73,26),(1189,1433,238,14),(1190,1389,477,26),(1191,2702,493,3),(1192,173,318,22),(1193,2728,286,12),(1194,1222,251,20),(1195,1038,94,12),(1196,1822,12,23),(1197,1791,448,20),(1198,2445,373,8),(1199,2984,226,10),(1200,121,26,30),(1201,2091,255,34),(1202,903,122,23),(1203,426,62,31),(1204,1857,148,16),(1205,1779,395,3),(1206,2597,284,14),(1207,1338,241,1),(1208,962,169,10),(1209,2868,371,7),(1210,2634,8,9),(1211,1173,293,11),(1212,1465,269,26),(1213,113,448,23),(1214,2030,422,26),(1215,1742,280,33),(1216,1970,372,22),(1217,189,256,2),(1218,1973,78,13),(1219,1056,406,22),(1220,842,212,14),(1221,2911,433,21),(1222,358,54,11),(1223,633,486,10),(1224,423,119,24),(1225,285,56,7),(1226,352,42,12),(1227,1148,39,24),(1228,2972,422,13),(1229,1670,482,27),(1230,1806,36,28),(1231,228,127,18),(1232,2733,228,6),(1233,2143,226,27),(1234,1390,91,27),(1235,2923,316,7),(1236,1767,214,35),(1237,2652,270,2),(1238,2714,151,23),(1239,614,66,35),(1240,1083,266,19),(1241,912,284,28),(1242,2260,203,35),(1243,1366,259,33),(1244,1787,20,31),(1245,851,251,1),(1246,907,213,22),(1247,2584,190,6),(1248,1031,221,8),(1249,480,395,10),(1250,2355,143,21),(1251,217,486,7),(1252,2419,362,4),(1253,1249,134,23),(1254,2034,275,28),(1255,1508,498,2),(1256,771,328,11),(1257,187,332,30),(1258,1803,273,30),(1259,2336,330,3),(1260,1315,107,29),(1261,402,456,24),(1262,481,239,26),(1263,374,212,10),(1264,178,224,4),(1265,1928,59,23),(1266,751,52,22),(1267,2193,442,30),(1268,78,389,15),(1269,2252,43,19),(1270,574,246,1),(1271,2162,384,16),(1272,725,19,33),(1273,1334,202,4),(1274,2215,269,30),(1275,2608,235,7),(1276,1783,120,35),(1277,1738,258,26),(1278,2003,61,32),(1279,2294,281,3),(1280,1767,448,3),(1281,2773,341,27),(1282,1043,110,12),(1283,166,273,3),(1284,2602,426,20),(1285,2794,113,9),(1286,2111,192,12),(1287,592,97,21),(1288,2722,221,25),(1289,2541,383,20),(1290,1135,494,13),(1291,471,249,24),(1292,447,127,13),(1293,99,309,19),(1294,1841,289,2),(1295,136,186,10),(1296,917,75,6),(1297,233,255,14),(1298,2104,324,20),(1299,1168,10,23),(1300,1510,394,20),(1301,1610,66,27),(1302,1100,10,27),(1303,1028,207,9),(1304,1869,499,17),(1305,492,209,9),(1306,2818,442,8),(1307,2566,278,14),(1308,87,503,35),(1309,1858,94,6),(1310,829,27,22),(1311,159,484,24),(1312,2374,218,18),(1313,1844,113,23),(1314,1676,19,30),(1315,2363,436,28),(1316,974,267,27),(1317,555,366,16),(1318,2342,134,21),(1319,1917,380,28),(1320,438,162,13),(1321,2496,473,11),(1322,1576,350,28),(1323,1017,251,11),(1324,1762,480,13),(1325,2132,304,15),(1326,2174,85,32),(1327,1321,347,7),(1328,2823,477,27),(1329,569,103,11),(1330,2403,454,24),(1331,2318,462,34),(1332,2921,289,35),(1333,268,243,33),(1334,1218,290,27),(1335,1419,59,30),(1336,95,329,20),(1337,210,498,11),(1338,440,38,33),(1339,1811,285,10),(1340,169,147,21),(1341,306,203,29),(1342,2700,471,34),(1343,1371,30,3),(1344,1505,274,14),(1345,2863,79,10),(1346,1523,431,14),(1347,1176,238,4),(1348,45,324,6),(1349,1172,478,19),(1350,863,15,6),(1351,1325,427,29),(1352,779,354,24),(1353,2727,337,10),(1354,1391,250,25),(1355,1141,451,4),(1356,1148,378,21),(1357,2476,26,7),(1358,2931,101,25),(1359,2334,402,8),(1360,482,281,28),(1361,2301,335,3),(1362,2961,458,17),(1363,1507,71,31),(1364,1125,408,23),(1365,426,444,29),(1366,2452,344,24),(1367,345,294,13),(1368,2951,35,16),(1369,2964,218,11),(1370,154,364,8),(1371,1396,312,9),(1372,410,336,19),(1373,1603,147,10),(1374,489,206,9),(1375,2413,381,3),(1376,2105,337,10),(1377,2790,72,4),(1378,928,458,14),(1379,1695,218,14),(1380,604,30,10),(1381,110,116,1),(1382,1432,225,3),(1383,365,135,18),(1384,2193,191,7),(1385,1883,267,28),(1386,2395,387,6),(1387,2938,107,18),(1388,1435,262,28),(1389,818,476,26),(1390,420,364,31),(1391,1559,430,9),(1392,1990,61,30),(1393,2080,433,6),(1394,795,267,21),(1395,912,321,24),(1396,1816,348,24),(1397,424,306,14),(1398,1965,265,33),(1399,633,373,14),(1400,356,244,29),(1401,1540,119,8),(1402,1791,432,22),(1403,1760,420,2),(1404,956,426,14),(1405,2169,230,1),(1406,349,165,11),(1407,1600,108,27),(1408,242,109,12),(1409,1188,354,3),(1410,709,223,32),(1411,1312,184,9),(1412,2668,407,1),(1413,199,15,23),(1414,1727,123,16),(1415,59,388,8),(1416,236,285,19),(1417,1824,38,9),(1418,2376,243,17),(1419,1466,109,8),(1420,222,219,22),(1421,2301,20,23),(1422,1046,132,6),(1423,2443,24,11),(1424,1596,262,18),(1425,2797,495,29),(1426,1039,487,15),(1427,2711,380,31),(1428,73,39,8),(1429,2271,342,3),(1430,807,214,7),(1431,1859,207,35),(1432,411,264,35),(1433,1140,432,28),(1434,2807,334,14),(1435,2020,332,6),(1436,1584,20,4),(1437,1471,255,13),(1438,2060,485,15),(1439,931,462,3),(1440,1562,120,20),(1441,1212,33,6),(1442,2914,430,25),(1443,1532,320,26),(1444,1227,142,8),(1445,24,9,20),(1446,2504,470,25),(1447,902,497,29),(1448,1697,434,10),(1449,1507,57,5),(1450,1862,174,3),(1451,1565,127,32),(1452,1699,187,21),(1453,2269,57,14),(1454,1509,322,10),(1455,2870,336,6),(1456,1446,39,4),(1457,97,475,26),(1458,1841,282,2),(1459,246,349,30),(1460,1366,156,30),(1461,840,387,17),(1462,2840,81,9),(1463,1003,316,5),(1464,1724,290,24),(1465,448,203,35),(1466,2016,422,34),(1467,2623,328,18),(1468,2799,350,16),(1469,218,241,24),(1470,2519,57,30),(1471,744,65,15),(1472,1222,165,17),(1473,389,427,24),(1474,2534,491,1),(1475,680,126,28),(1476,944,493,4),(1477,1389,476,30),(1478,1697,107,17),(1479,2110,158,22),(1480,2275,68,12),(1481,1031,286,3),(1482,1752,376,4),(1483,2078,161,22),(1484,1783,488,14),(1485,1142,353,30),(1486,1299,501,16),(1487,983,391,30),(1488,2915,166,1),(1489,2251,309,27),(1490,1593,46,13),(1491,760,291,6),(1492,2854,276,12),(1493,2660,448,30),(1494,521,350,19),(1495,2781,283,22),(1496,1147,413,31),(1497,2674,320,25),(1498,2139,455,23),(1499,2430,376,15),(1500,1501,19,18),(1501,1592,245,32),(1502,94,449,12),(1503,692,89,11),(1504,898,275,1),(1505,194,341,27),(1506,64,76,32),(1507,210,11,14),(1508,190,36,24),(1509,719,254,20),(1510,2653,454,5),(1511,2579,75,12),(1512,617,129,7),(1513,1667,312,35),(1514,202,184,19),(1515,1661,477,23),(1516,1878,114,18),(1517,972,100,4),(1518,2105,293,20),(1519,2577,483,4),(1520,2642,186,2),(1521,2057,329,7),(1522,198,250,13),(1523,273,29,13),(1524,2359,205,34),(1525,2590,235,35),(1526,1786,234,35),(1527,2162,161,4),(1528,2329,306,26),(1529,2779,165,19),(1530,1787,362,21),(1531,2449,338,24),(1532,1276,46,23),(1533,179,223,13),(1534,84,197,4),(1535,1206,55,9),(1536,1373,309,24),(1537,2239,87,29),(1538,957,388,10),(1539,915,83,20),(1540,2096,488,2),(1541,1148,507,11),(1542,1474,81,8),(1543,306,82,14),(1544,2428,491,24),(1545,2974,98,25),(1546,970,141,4),(1547,743,173,6),(1548,2700,272,26),(1549,2710,240,18),(1550,2015,201,10),(1551,1240,251,9),(1552,1123,417,12),(1553,242,436,10),(1554,530,110,14),(1555,419,315,1),(1556,2127,18,34),(1557,1456,233,35),(1558,621,406,21),(1559,1680,206,16),(1560,352,52,23),(1561,129,444,30),(1562,2666,247,14),(1563,1539,135,27),(1564,239,129,23),(1565,1116,139,20),(1566,778,496,1),(1567,2531,430,19),(1568,1708,227,8),(1569,2807,40,13),(1570,2650,60,31),(1571,2924,115,16),(1572,2813,315,34),(1573,1484,23,13),(1574,542,146,32),(1575,1832,100,17),(1576,989,233,15),(1577,2327,366,1),(1578,1685,95,8),(1579,684,454,7),(1580,361,163,20),(1581,2643,376,34),(1582,2046,20,14),(1583,1269,84,6),(1584,1929,166,3),(1585,2927,151,32),(1586,2348,433,2),(1587,1361,161,15),(1588,1079,119,11),(1589,505,408,29),(1590,1923,78,15),(1591,2484,157,31),(1592,735,473,30),(1593,733,460,23),(1594,1826,426,35),(1595,1643,366,13),(1596,541,254,2),(1597,2010,71,26),(1598,377,190,5),(1599,957,232,16),(1600,1603,34,24),(1601,1319,304,11),(1602,2794,455,28),(1603,2127,237,1),(1604,2909,450,29),(1605,2793,225,9),(1606,112,466,25),(1607,2392,467,29),(1608,2036,337,34),(1609,2219,447,1),(1610,2652,436,13),(1611,1011,332,13),(1612,1496,19,34),(1613,1341,85,16),(1614,1372,32,24),(1615,2667,401,35),(1616,1387,145,12),(1617,1380,186,28),(1618,472,293,7),(1619,2287,100,12),(1620,1820,394,3),(1621,305,451,9),(1622,782,205,25),(1623,1772,376,2),(1624,934,23,20),(1625,1484,342,22),(1626,875,338,13),(1627,62,60,18),(1628,2501,110,31),(1629,1695,177,28),(1630,2459,188,23),(1631,2322,428,5),(1632,121,370,1),(1633,1908,196,24),(1634,2858,281,30),(1635,1852,50,2),(1636,33,14,32),(1637,2798,357,35),(1638,1171,337,8),(1639,2281,39,13),(1640,1782,75,21),(1641,2261,129,8),(1642,2388,429,34),(1643,977,397,6),(1644,516,173,6),(1645,1827,227,12),(1646,1168,436,21),(1647,2092,81,28),(1648,114,233,34),(1649,955,362,28),(1650,159,464,19),(1651,2760,121,10),(1652,477,385,7),(1653,2191,230,33),(1654,2742,243,10),(1655,1925,428,18),(1656,1562,237,11),(1657,1338,322,29),(1658,41,38,5),(1659,1700,58,34),(1660,814,70,23),(1661,552,109,32),(1662,326,25,27),(1663,2871,343,20),(1664,2051,427,33),(1665,2062,312,13),(1666,726,259,14),(1667,2489,104,27),(1668,2448,178,5),(1669,286,450,3),(1670,933,207,16),(1671,1055,428,4),(1672,2999,459,11),(1673,72,265,26),(1674,496,138,9),(1675,1800,64,5),(1676,946,318,1),(1677,194,290,17),(1678,864,463,16),(1679,1234,319,26),(1680,1564,354,14),(1681,1330,425,15),(1682,1136,485,24),(1683,2812,184,34),(1684,193,49,4),(1685,120,28,24),(1686,131,286,26),(1687,1344,491,31),(1688,334,27,33),(1689,472,44,4),(1690,2749,480,7),(1691,654,482,20),(1692,952,376,6),(1693,2470,61,24),(1694,2019,483,29),(1695,1811,321,13),(1696,789,489,12),(1697,1941,9,23),(1698,746,355,10),(1699,1367,176,7),(1700,285,162,21),(1701,257,234,33),(1702,1984,64,5),(1703,2117,170,1),(1704,285,507,27),(1705,2483,398,24),(1706,704,123,6),(1707,1613,149,23),(1708,949,314,1),(1709,165,341,10),(1710,956,394,7),(1711,1410,163,32),(1712,253,347,11),(1713,374,164,26),(1714,2582,11,25),(1715,1108,211,21),(1716,1780,174,12),(1717,2026,505,34),(1718,452,75,3),(1719,871,461,16),(1720,994,449,15),(1721,2846,263,23),(1722,665,283,33),(1723,766,115,35),(1724,2318,150,31),(1725,2137,204,16),(1726,955,36,6),(1727,2392,424,16),(1728,495,432,16),(1729,1497,204,32),(1730,182,110,2),(1731,1449,398,35),(1732,2543,90,12),(1733,1771,126,14),(1734,1656,69,14),(1735,1294,382,1),(1736,561,79,9),(1737,401,260,1),(1738,298,416,3),(1739,2021,466,1),(1740,1698,452,13),(1741,1825,246,5),(1742,140,55,33),(1743,2993,66,16),(1744,2745,434,1),(1745,779,204,31),(1746,2693,489,3),(1747,2428,152,28),(1748,101,463,19),(1749,373,226,25),(1750,304,189,15),(1751,2538,431,4),(1752,361,34,28),(1753,1868,395,6),(1754,1328,133,10),(1755,1845,371,22),(1756,238,93,22),(1757,1342,289,19),(1758,482,99,17),(1759,793,91,32),(1760,529,377,25),(1761,115,286,31),(1762,2606,127,17),(1763,2375,145,12),(1764,2833,449,33),(1765,835,455,1),(1766,1796,24,5),(1767,124,411,24),(1768,819,365,12),(1769,2240,64,28),(1770,1537,213,9),(1771,1855,375,26),(1772,2086,466,1),(1773,501,49,18),(1774,116,315,14),(1775,2286,318,19),(1776,2204,215,23),(1777,823,364,6),(1778,1320,29,19),(1779,736,361,14),(1780,962,66,12),(1781,2176,303,13),(1782,750,16,4),(1783,2675,162,5),(1784,1619,302,1),(1785,2094,372,33),(1786,773,246,8),(1787,1507,403,31),(1788,1381,496,10),(1789,953,145,26),(1790,449,218,13),(1791,1309,44,33),(1792,2609,369,7),(1793,2640,160,15),(1794,657,275,26),(1795,889,302,27),(1796,1224,302,14),(1797,1590,21,20),(1798,2502,448,23),(1799,1805,12,17),(1800,1405,442,26),(1801,226,283,15),(1802,2241,57,26),(1803,800,113,17),(1804,2041,104,3),(1805,1194,33,29),(1806,1795,185,21),(1807,1647,235,11),(1808,2061,415,23),(1809,852,19,17),(1810,147,441,33),(1811,674,154,21),(1812,2396,105,16),(1813,1417,290,33),(1814,2333,156,18),(1815,2691,224,31),(1816,2866,486,20),(1817,969,364,30),(1818,2534,53,33),(1819,2070,18,26),(1820,896,377,9),(1821,712,111,9),(1822,535,297,22),(1823,3007,50,27),(1824,907,229,30),(1825,1865,468,1),(1826,402,321,21),(1827,153,331,11),(1828,736,445,14),(1829,2982,434,15),(1830,1401,10,16),(1831,695,45,29),(1832,737,337,17),(1833,826,231,11),(1834,1249,471,20),(1835,2281,412,24),(1836,1518,181,22),(1837,649,23,34),(1838,1904,193,30),(1839,2484,108,25),(1840,1762,370,16),(1841,2392,305,14),(1842,2145,372,5),(1843,2561,363,18),(1844,2148,290,6),(1845,682,378,30),(1846,2838,264,13),(1847,2561,341,14),(1848,931,286,20),(1849,663,163,4),(1850,2488,27,15),(1851,454,392,8),(1852,2532,230,14),(1853,2627,421,2),(1854,1551,438,11),(1855,2553,23,15),(1856,1052,150,13),(1857,571,137,17),(1858,1982,161,24),(1859,1014,479,2),(1860,2456,154,17),(1861,583,464,14),(1862,1341,42,13),(1863,591,366,18),(1864,1495,291,23),(1865,2502,177,18),(1866,1422,489,7),(1867,586,502,11),(1868,927,76,27),(1869,278,275,6),(1870,620,93,32),(1871,1274,344,13),(1872,1923,506,26),(1873,2843,45,7),(1874,349,496,3),(1875,1957,387,31),(1876,146,139,11),(1877,1909,365,9),(1878,1875,410,13),(1879,738,65,7),(1880,2651,102,11),(1881,1895,317,32),(1882,654,168,35),(1883,113,418,19),(1884,1436,457,4),(1885,2405,58,29),(1886,612,262,4),(1887,3008,427,20),(1888,2385,464,25),(1889,2643,391,33),(1890,2473,426,24),(1891,2627,209,4),(1892,2547,79,8),(1893,1369,261,33),(1894,307,507,3),(1895,1780,205,26),(1896,2114,171,12),(1897,2785,12,2),(1898,2384,82,25),(1899,2668,412,11),(1900,1075,350,26),(1901,2385,133,32),(1902,513,128,27),(1903,3002,238,7),(1904,715,27,21),(1905,2449,19,7),(1906,2373,504,26),(1907,2286,40,6),(1908,406,272,11),(1909,1285,401,3),(1910,2667,204,31),(1911,2958,192,7),(1912,786,149,22),(1913,736,149,7),(1914,2796,130,10),(1915,783,411,25),(1916,2672,464,31),(1917,435,336,9),(1918,1301,162,7),(1919,2278,229,19),(1920,971,426,29),(1921,2343,286,13),(1922,944,303,14),(1923,1983,462,25),(1924,423,357,17),(1925,1886,87,29),(1926,520,119,15),(1927,1968,419,12),(1928,556,14,14),(1929,1243,233,13),(1930,331,444,6),(1931,1338,367,23),(1932,438,486,30),(1933,1506,168,35),(1934,2221,222,15),(1935,2457,19,22),(1936,2672,231,15),(1937,1376,484,20),(1938,1510,292,6),(1939,1254,63,32),(1940,258,440,30),(1941,2421,181,6),(1942,2915,263,21),(1943,1369,458,29),(1944,2694,273,10),(1945,964,403,28),(1946,1892,197,17),(1947,320,410,7),(1948,2695,216,31),(1949,2190,73,18),(1950,1296,301,26),(1951,43,203,3),(1952,1878,422,29),(1953,2057,121,31),(1954,158,197,35),(1955,1411,190,17),(1956,1254,457,15),(1957,1464,494,27),(1958,987,132,2),(1959,2022,51,9),(1960,2099,86,18),(1961,2549,354,21),(1962,698,293,34),(1963,2612,210,12),(1964,663,220,15),(1965,2995,25,24),(1966,1423,105,15),(1967,2012,339,34),(1968,1251,341,32),(1969,2683,350,28),(1970,2454,440,14),(1971,1442,152,6),(1972,2696,469,27),(1973,2159,98,4),(1974,1588,42,29),(1975,1519,440,23),(1976,450,381,13),(1977,1706,89,5),(1978,991,320,10),(1979,2154,131,15),(1980,3003,153,24),(1981,2643,218,34),(1982,1737,455,7),(1983,2099,234,2),(1984,250,83,7),(1985,928,23,1),(1986,2305,86,15),(1987,390,53,15),(1988,2228,87,32),(1989,2556,391,6),(1990,373,241,17),(1991,2319,338,9),(1992,1453,252,9),(1993,1269,283,2),(1994,945,171,26),(1995,1183,472,11),(1996,1128,320,5),(1997,2211,238,13),(1998,462,442,30),(1999,542,80,13),(2000,1943,217,27),(2001,2596,377,24),(2002,634,322,31),(2003,1192,221,21),(2004,1056,183,3),(2005,223,208,19),(2006,1569,261,26),(2007,418,378,27),(2008,1538,493,34),(2009,2090,216,6),(2010,2968,168,22),(2011,2187,434,31),(2012,2040,325,22),(2013,720,474,14),(2014,2294,481,6),(2015,1483,45,21),(2016,454,12,2),(2017,1038,378,2),(2018,378,232,21),(2019,2836,205,28),(2020,2250,14,14),(2021,2466,218,8),(2022,1201,439,19),(2023,2410,235,18),(2024,478,405,29),(2025,2654,289,17),(2026,2093,309,24),(2027,144,325,17),(2028,1126,227,27),(2029,412,329,29),(2030,1669,155,4),(2031,1020,358,6),(2032,2209,201,16),(2033,156,49,28),(2034,2161,30,17),(2035,349,162,27),(2036,725,347,23),(2037,2085,368,14),(2038,1762,175,2),(2039,2896,284,22),(2040,1607,201,31),(2041,1781,24,20),(2042,912,61,33),(2043,458,485,6),(2044,936,250,21),(2045,2190,501,12),(2046,2955,482,23),(2047,2365,381,13),(2048,1493,350,28),(2049,1653,156,16),(2050,20,399,16),(2051,2017,500,9),(2052,783,50,32),(2053,2543,459,14),(2054,2342,254,25),(2055,377,263,16),(2056,377,99,32),(2057,1795,182,12),(2058,1494,20,21),(2059,2223,331,30),(2060,1291,454,14),(2061,955,76,7),(2062,2311,345,12),(2063,1128,284,23),(2064,1651,112,2),(2065,1251,234,25),(2066,1605,491,13),(2067,2240,84,24),(2068,1855,111,11),(2069,477,450,10),(2070,1576,219,22),(2071,1850,51,3),(2072,2632,491,11),(2073,1117,453,28),(2074,2151,464,4),(2075,2725,316,6),(2076,1985,352,3),(2077,1462,500,23),(2078,2354,469,2),(2079,2937,447,28),(2080,187,407,29),(2081,2460,485,7),(2082,1043,471,15),(2083,1670,499,27),(2084,904,124,35),(2085,993,355,11),(2086,2168,444,21),(2087,2447,70,28),(2088,2267,203,33),(2089,3001,376,33),(2090,75,306,7),(2091,771,185,23),(2092,2822,258,6),(2093,1234,354,12),(2094,1462,181,1),(2095,2900,306,10),(2096,768,367,13),(2097,1969,399,21),(2098,1266,244,29),(2099,895,235,19),(2100,2943,240,6),(2101,2501,133,8),(2102,532,130,26),(2103,1937,502,8),(2104,1071,414,35),(2105,1033,73,32),(2106,381,100,15),(2107,23,18,6),(2108,2375,495,1),(2109,1625,316,17),(2110,257,445,31),(2111,1440,394,24),(2112,732,48,15),(2113,1913,105,15),(2114,1176,242,34),(2115,1346,477,27),(2116,114,435,1),(2117,1358,246,32),(2118,306,40,31),(2119,1655,390,15),(2120,1538,384,32),(2121,687,118,27),(2122,481,291,15),(2123,2318,188,21),(2124,353,39,25),(2125,789,230,21),(2126,1834,116,34),(2127,796,347,12),(2128,294,66,18),(2129,34,450,18),(2130,1974,458,19),(2131,584,281,18),(2132,723,386,19),(2133,1128,267,1),(2134,1724,55,11),(2135,832,487,13),(2136,519,193,13),(2137,1958,300,7),(2138,2008,289,19),(2139,814,390,34),(2140,2996,106,34),(2141,2642,146,19),(2142,2808,312,13),(2143,2641,361,31),(2144,379,64,29),(2145,602,11,23),(2146,1964,10,18),(2147,2666,444,13),(2148,1241,422,3),(2149,604,372,12),(2150,430,226,8),(2151,2304,18,7),(2152,1598,474,4),(2153,2369,444,26),(2154,595,312,32),(2155,2958,188,20),(2156,2908,259,10),(2157,1972,174,23),(2158,804,234,30),(2159,2509,341,5),(2160,153,128,16),(2161,986,466,25),(2162,2598,221,21),(2163,1205,433,23),(2164,1948,377,24),(2165,1060,308,1),(2166,2666,172,6),(2167,2013,354,18),(2168,2237,101,7),(2169,1717,42,24),(2170,1821,198,5),(2171,1558,258,16),(2172,1269,447,22),(2173,928,245,22),(2174,1355,153,26),(2175,749,195,21),(2176,1249,494,10),(2177,746,23,16),(2178,277,80,7),(2179,2113,258,13),(2180,2781,270,32),(2181,1402,52,13),(2182,1471,235,26),(2183,612,481,6),(2184,1320,412,11),(2185,2366,284,23),(2186,1687,387,24),(2187,2686,456,6),(2188,1984,471,31),(2189,2153,269,14),(2190,2258,315,11),(2191,1714,272,14),(2192,505,463,9),(2193,2107,223,10),(2194,2071,239,17),(2195,2687,246,32),(2196,2283,145,3),(2197,689,92,22),(2198,1991,269,23),(2199,630,160,15),(2200,844,19,10),(2201,74,507,16),(2202,753,237,25),(2203,774,150,10),(2204,1849,242,5),(2205,2020,112,12),(2206,925,304,10),(2207,2857,496,28),(2208,304,36,19),(2209,214,35,11),(2210,2396,329,1),(2211,1909,289,2),(2212,1515,139,26),(2213,2643,271,24),(2214,1970,395,16),(2215,352,392,16),(2216,99,232,25),(2217,1469,240,7),(2218,2003,85,23),(2219,634,130,8),(2220,347,378,31),(2221,2201,500,21),(2222,1192,142,18),(2223,142,246,5),(2224,375,462,19),(2225,2187,129,9),(2226,2105,43,24),(2227,876,497,3),(2228,1939,30,17),(2229,2807,219,20),(2230,1332,163,5),(2231,1711,342,7),(2232,2045,356,5),(2233,2873,499,20),(2234,2734,89,24),(2235,2615,237,31),(2236,2112,419,8),(2237,957,470,19),(2238,2521,49,23),(2239,2000,115,24),(2240,1376,214,10),(2241,1145,437,20),(2242,2401,293,17),(2243,1383,266,26),(2244,1505,448,23),(2245,2519,470,25),(2246,1934,417,17),(2247,2062,415,28),(2248,1962,196,26),(2249,1584,300,10),(2250,816,400,27),(2251,2170,439,31),(2252,959,292,21),(2253,1287,138,29),(2254,2686,101,27),(2255,890,498,6),(2256,2742,312,34),(2257,1284,476,3),(2258,239,94,34),(2259,12,139,25),(2260,1180,223,33),(2261,2765,503,17),(2262,587,393,3),(2263,2325,412,25),(2264,2167,318,14),(2265,655,309,27),(2266,2784,432,20),(2267,1277,145,1),(2268,2206,111,28),(2269,1267,477,6),(2270,2233,247,9),(2271,1680,499,32),(2272,1300,250,10),(2273,904,134,23),(2274,2955,466,16),(2275,2853,169,19),(2276,1147,209,21),(2277,159,136,16),(2278,2862,502,19),(2279,2122,353,7),(2280,264,429,32),(2281,2953,267,21),(2282,254,251,7),(2283,920,350,18),(2284,2010,424,34),(2285,68,218,12),(2286,1991,224,17),(2287,2069,211,2),(2288,2577,136,35),(2289,885,44,24),(2290,117,445,19),(2291,598,326,24),(2292,2838,248,24),(2293,1392,139,15),(2294,1949,180,9),(2295,2055,63,25),(2296,216,139,28),(2297,2078,256,29),(2298,2335,443,13),(2299,2899,276,12),(2300,1575,284,4),(2301,2453,427,3),(2302,1948,364,22),(2303,2389,195,33),(2304,266,72,2),(2305,2234,108,27),(2306,2382,462,6),(2307,2355,10,4),(2308,1377,486,8),(2309,1892,262,24),(2310,1479,63,7),(2311,281,316,2),(2312,2947,300,14),(2313,117,313,5),(2314,1745,241,23),(2315,2931,118,17),(2316,2640,344,8),(2317,690,274,28),(2318,1587,204,7),(2319,1595,56,24),(2320,341,48,8),(2321,2843,502,24),(2322,2996,401,19),(2323,2195,22,11),(2324,1314,328,34),(2325,1849,412,33),(2326,601,321,24),(2327,159,34,24),(2328,764,370,5),(2329,615,233,6),(2330,734,162,22),(2331,2134,195,17),(2332,2702,193,32),(2333,1954,263,34),(2334,1193,461,13),(2335,807,18,32),(2336,399,319,18),(2337,2873,409,32),(2338,2968,173,25),(2339,1976,426,33),(2340,2830,28,24),(2341,1356,451,24),(2342,1565,187,9),(2343,1143,101,17),(2344,2279,10,29),(2345,754,202,18),(2346,2462,315,35),(2347,1564,120,4),(2348,1341,501,15),(2349,1440,398,14),(2350,356,305,9),(2351,616,109,6),(2352,2230,258,20),(2353,967,102,18),(2354,918,18,3),(2355,2118,112,27),(2356,1878,125,5),(2357,777,245,8),(2358,1894,147,6),(2359,568,431,18),(2360,1064,211,23),(2361,2875,82,7),(2362,1029,408,15),(2363,2433,132,10),(2364,2952,253,7),(2365,120,177,20),(2366,556,72,6),(2367,523,168,17),(2368,2876,436,2),(2369,1063,442,16),(2370,2358,387,25),(2371,2501,255,19),(2372,336,337,13),(2373,2802,352,32),(2374,675,74,27),(2375,2328,350,15),(2376,1886,357,29),(2377,2660,211,13),(2378,591,372,4),(2379,853,64,26),(2380,525,297,15),(2381,409,126,21),(2382,1224,468,15),(2383,2867,85,1),(2384,1607,293,7),(2385,2625,167,12),(2386,2584,17,18),(2387,2200,393,30),(2388,2381,377,16),(2389,715,91,28),(2390,1018,488,15),(2391,29,279,11),(2392,2530,413,14),(2393,1242,298,9),(2394,2541,24,2),(2395,1365,70,32),(2396,2142,156,26),(2397,606,291,8),(2398,807,163,29),(2399,2589,285,6),(2400,2211,393,27),(2401,765,486,18),(2402,316,268,9),(2403,2133,442,15),(2404,2383,243,9),(2405,880,132,29),(2406,736,358,27),(2407,125,185,2),(2408,341,492,22),(2409,2135,212,3),(2410,288,88,18),(2411,1989,292,5),(2412,1410,153,28),(2413,1519,95,13),(2414,1834,460,23),(2415,2008,252,13),(2416,1179,17,33),(2417,745,443,34),(2418,679,179,1),(2419,405,313,7),(2420,643,49,7),(2421,2585,104,21),(2422,2137,84,35),(2423,1548,64,5),(2424,1825,205,15),(2425,671,305,11),(2426,1758,173,12),(2427,196,447,29),(2428,725,480,21),(2429,955,396,27),(2430,1462,204,5),(2431,1225,405,21),(2432,1075,369,6),(2433,2350,166,5),(2434,103,193,3),(2435,673,345,7),(2436,1873,176,6),(2437,356,301,32),(2438,2576,158,8),(2439,332,44,32),(2440,1584,58,22),(2441,876,385,4),(2442,949,289,22),(2443,1571,444,5),(2444,1583,169,3),(2445,2946,285,4),(2446,725,346,14),(2447,760,275,23),(2448,2962,182,32),(2449,2833,493,20),(2450,1172,370,26),(2451,2116,297,34),(2452,2660,259,20),(2453,83,121,21),(2454,2802,384,26),(2455,2332,52,1),(2456,2923,352,21),(2457,886,371,10),(2458,2940,382,19),(2459,1339,290,1),(2460,1020,460,15),(2461,1122,345,32),(2462,729,344,7),(2463,1357,134,14),(2464,1906,194,18),(2465,1828,432,32),(2466,1449,28,10),(2467,165,227,4),(2468,2691,8,33),(2469,2969,186,13),(2470,2465,96,9),(2471,1302,267,7),(2472,1342,129,19),(2473,1208,178,8),(2474,51,35,18),(2475,1528,332,24),(2476,406,491,30),(2477,2968,173,33),(2478,2945,220,25),(2479,2866,265,8),(2480,1615,355,25),(2481,787,134,26),(2482,1353,50,22),(2483,569,191,3),(2484,1006,231,26),(2485,2788,201,23),(2486,1648,359,16),(2487,3004,360,10),(2488,1853,342,25),(2489,1270,256,8),(2490,879,208,35),(2491,149,416,18),(2492,1851,79,29),(2493,911,301,9),(2494,445,307,11),(2495,443,190,7),(2496,1558,501,17),(2497,648,320,21),(2498,2576,187,22),(2499,575,406,23),(2500,2078,295,31),(2501,502,135,15),(2502,2842,242,14),(2503,2195,458,29),(2504,1577,199,30),(2505,461,129,6),(2506,639,421,10),(2507,863,352,5),(2508,2167,455,20),(2509,989,333,12),(2510,1853,394,12),(2511,2250,69,20),(2512,2275,49,19),(2513,1462,58,31),(2514,2438,327,27),(2515,1690,466,10),(2516,239,61,25),(2517,83,177,33),(2518,831,336,27),(2519,2403,170,14),(2520,366,492,11),(2521,855,394,19),(2522,2929,495,8),(2523,1318,444,15),(2524,822,392,12),(2525,666,85,9),(2526,2876,367,2),(2527,637,54,34),(2528,2307,498,30),(2529,1104,290,2),(2530,2503,413,32),(2531,2695,488,5),(2532,214,376,24),(2533,1320,440,15),(2534,1255,347,12),(2535,383,102,24),(2536,2329,144,19),(2537,2652,13,17),(2538,1382,485,32),(2539,1244,357,28),(2540,717,507,33),(2541,1296,241,33),(2542,394,328,12),(2543,542,78,29),(2544,998,320,24),(2545,1714,242,22),(2546,1476,383,27),(2547,209,389,26),(2548,1127,427,3),(2549,1749,348,15),(2550,1751,332,10),(2551,1998,112,25),(2552,2540,468,35),(2553,2842,238,16),(2554,2334,11,27),(2555,1049,35,17),(2556,2909,312,33),(2557,1903,122,19),(2558,388,173,12),(2559,1783,212,2),(2560,1811,503,25),(2561,1885,412,35),(2562,654,395,35),(2563,2187,182,24),(2564,2944,194,32),(2565,2591,196,31),(2566,447,39,11),(2567,221,367,8),(2568,2073,256,32),(2569,2886,230,6),(2570,1858,323,18),(2571,921,8,1),(2572,2581,419,29),(2573,1502,331,20),(2574,1313,374,27),(2575,2688,506,27),(2576,2312,144,11),(2577,1482,299,7),(2578,225,107,13),(2579,1546,278,32),(2580,93,505,22),(2581,1986,272,24),(2582,1181,36,14),(2583,2514,248,11),(2584,60,71,12),(2585,1590,9,13),(2586,170,459,2),(2587,1218,398,9),(2588,318,208,18),(2589,2742,17,10),(2590,1987,174,34),(2591,1840,196,17),(2592,1235,471,7),(2593,1246,405,24),(2594,317,244,12),(2595,1815,255,2),(2596,1377,67,35),(2597,1396,257,2),(2598,2440,397,26),(2599,453,82,30),(2600,2361,294,15),(2601,2782,142,33),(2602,705,194,11),(2603,639,348,27),(2604,2531,368,31),(2605,1874,464,22),(2606,2229,225,26),(2607,907,459,1),(2608,1071,187,9),(2609,2905,230,33),(2610,679,360,32),(2611,2067,397,4),(2612,1437,230,25),(2613,48,409,8),(2614,1406,216,18),(2615,863,30,29),(2616,1686,188,27),(2617,180,205,26),(2618,2962,223,12),(2619,780,198,15),(2620,2945,315,26),(2621,579,317,30),(2622,1316,360,22),(2623,432,382,5),(2624,1896,285,5),(2625,200,438,16),(2626,2140,267,18),(2627,1825,402,18),(2628,2178,79,12),(2629,2491,26,19),(2630,2621,9,1),(2631,2716,55,20),(2632,2731,140,8),(2633,1691,215,22),(2634,325,407,21),(2635,257,355,3),(2636,575,129,17),(2637,2162,278,22),(2638,1856,495,4),(2639,1774,227,9),(2640,1021,195,1),(2641,453,439,33),(2642,2343,374,2),(2643,1391,497,15),(2644,1302,117,35),(2645,930,395,13),(2646,2911,446,31),(2647,1778,183,10),(2648,690,332,29),(2649,1572,354,10),(2650,2213,483,6),(2651,2321,112,18),(2652,96,324,2),(2653,2056,218,28),(2654,2598,160,11),(2655,1066,16,14),(2656,2455,279,1),(2657,2929,394,23),(2658,1030,360,21),(2659,258,34,19),(2660,1650,232,20),(2661,836,295,13),(2662,283,316,21),(2663,1800,82,35),(2664,2861,324,8),(2665,1221,358,27),(2666,2027,270,6),(2667,687,199,13),(2668,1405,179,4),(2669,2514,475,10),(2670,1944,439,1),(2671,419,222,23),(2672,1823,291,17),(2673,2839,396,11),(2674,1622,218,12),(2675,1301,340,12),(2676,2671,277,33),(2677,1726,409,12),(2678,610,402,1),(2679,617,36,26),(2680,2781,300,23),(2681,553,178,35),(2682,1873,354,34),(2683,2125,256,33),(2684,1366,158,14),(2685,1445,436,9),(2686,225,72,14),(2687,565,149,11),(2688,120,285,34),(2689,1691,144,15),(2690,1710,425,7),(2691,1431,428,11),(2692,108,58,12),(2693,851,354,35),(2694,1379,385,24),(2695,1819,31,17),(2696,2119,409,15),(2697,1383,318,6),(2698,2203,83,16),(2699,2073,175,1),(2700,2243,82,26),(2701,384,43,23),(2702,859,192,1),(2703,2161,148,10),(2704,1857,69,31),(2705,2791,320,4),(2706,2859,456,24),(2707,919,100,31),(2708,2005,294,19),(2709,137,140,31),(2710,39,366,32),(2711,2842,308,13),(2712,1515,270,34),(2713,1676,330,18),(2714,701,375,24),(2715,2049,282,10),(2716,1143,260,10),(2717,1322,211,24),(2718,2250,384,10),(2719,2459,425,8),(2720,1334,186,5),(2721,467,417,4),(2722,1742,338,30),(2723,1597,95,8),(2724,1893,232,19),(2725,1822,119,22),(2726,2641,146,17),(2727,506,412,27),(2728,610,499,25),(2729,2428,364,29),(2730,2932,296,2),(2731,84,472,32),(2732,1195,377,19),(2733,2212,234,4),(2734,337,27,15),(2735,812,418,27),(2736,1697,327,5),(2737,182,486,15),(2738,1587,435,22),(2739,2371,238,9),(2740,1984,332,27),(2741,2150,18,8),(2742,2493,294,26),(2743,515,130,19),(2744,1759,18,5),(2745,2366,61,2),(2746,1654,326,6),(2747,52,104,34),(2748,741,129,31),(2749,346,462,11),(2750,2916,207,5),(2751,2627,342,11),(2752,1683,219,30),(2753,330,55,35),(2754,2522,122,14),(2755,1287,9,33),(2756,2431,205,1),(2757,1404,438,4),(2758,1498,197,2),(2759,2251,226,5),(2760,748,434,13),(2761,907,431,21),(2762,1054,270,30),(2763,1673,488,15),(2764,2528,469,4),(2765,2214,490,8),(2766,460,24,23),(2767,1730,199,24),(2768,543,441,27),(2769,1382,231,14),(2770,2734,68,21),(2771,2510,135,24),(2772,1518,352,30),(2773,865,418,33),(2774,2522,453,3),(2775,2440,367,22),(2776,2629,326,31),(2777,2594,412,6),(2778,94,42,25),(2779,199,273,5),(2780,120,375,35),(2781,422,379,27),(2782,2369,223,20),(2783,1183,189,23),(2784,351,18,29),(2785,1153,151,16),(2786,386,172,15),(2787,2606,335,33),(2788,2498,397,19),(2789,484,106,14),(2790,1373,66,30),(2791,1837,85,17),(2792,1943,294,33),(2793,2460,251,27),(2794,948,381,11),(2795,1736,446,14),(2796,586,137,30),(2797,2327,332,3),(2798,1401,243,3),(2799,1951,345,3),(2800,2719,35,14),(2801,1957,348,8),(2802,2534,440,35),(2803,75,317,25),(2804,614,353,20),(2805,2406,420,21),(2806,359,328,33),(2807,1449,29,26),(2808,2766,219,27),(2809,2521,135,13),(2810,1644,163,10),(2811,701,41,6),(2812,405,165,18),(2813,1839,408,10),(2814,2119,263,2),(2815,467,211,13),(2816,1626,363,15),(2817,1026,272,13),(2818,363,257,7),(2819,1040,460,31),(2820,1154,83,18),(2821,697,52,28),(2822,1111,82,33),(2823,607,267,10),(2824,1659,313,8),(2825,1624,120,28),(2826,1134,345,28),(2827,2612,467,10),(2828,936,368,35),(2829,305,173,29),(2830,2913,58,4),(2831,2070,185,28),(2832,1839,241,25),(2833,216,135,27),(2834,2420,50,25),(2835,776,32,26),(2836,121,265,10),(2837,107,413,17),(2838,1400,68,13),(2839,2922,70,21),(2840,535,466,34),(2841,303,226,10),(2842,1891,258,20),(2843,2767,354,32),(2844,1575,292,31),(2845,141,427,5),(2846,2749,435,30),(2847,1909,503,8),(2848,1400,473,24),(2849,906,112,23),(2850,1082,431,26),(2851,181,322,34),(2852,2109,125,30),(2853,2216,289,31),(2854,1279,430,34),(2855,2104,207,15),(2856,1725,263,18),(2857,1696,350,20),(2858,1892,356,33),(2859,1270,213,13),(2860,2842,153,2),(2861,2483,122,23),(2862,1841,303,27),(2863,1291,454,17),(2864,491,480,4),(2865,707,87,22),(2866,143,483,10),(2867,2467,325,19),(2868,1589,185,4),(2869,55,82,34),(2870,702,130,1),(2871,1031,338,2),(2872,1890,253,30),(2873,715,205,22),(2874,1100,64,19),(2875,79,499,8),(2876,852,417,13),(2877,1188,311,14),(2878,1259,337,31),(2879,594,498,2),(2880,1069,238,7),(2881,1311,275,16),(2882,2218,78,26),(2883,2994,403,5),(2884,2121,69,11),(2885,2777,220,21),(2886,1756,102,35),(2887,1373,485,20),(2888,871,458,17),(2889,2628,275,27),(2890,2714,170,30),(2891,1025,442,1),(2892,920,54,21),(2893,2677,107,22),(2894,969,125,26),(2895,346,102,23),(2896,3005,39,13),(2897,2716,356,22),(2898,1370,174,2),(2899,2640,507,17),(2900,2551,71,26),(2901,1814,40,11),(2902,2466,172,9),(2903,1453,218,21),(2904,2427,255,22),(2905,2876,165,5),(2906,2973,432,16),(2907,2056,436,2),(2908,879,76,27),(2909,1765,431,11),(2910,509,436,31),(2911,1570,257,2),(2912,2150,443,16),(2913,358,179,15),(2914,2102,317,12),(2915,318,184,31),(2916,2206,20,16),(2917,1363,491,4),(2918,615,497,6),(2919,1926,63,32),(2920,142,476,17),(2921,1530,337,12),(2922,2099,82,31),(2923,2905,338,30),(2924,2846,354,24),(2925,561,493,3),(2926,2311,404,22),(2927,560,261,6),(2928,575,452,24),(2929,1245,176,18),(2930,933,233,5),(2931,1688,33,2),(2932,1250,194,22),(2933,747,366,18),(2934,1459,226,2),(2935,535,361,35),(2936,2641,38,17),(2937,730,490,25),(2938,1351,384,13),(2939,1998,395,19),(2940,1054,195,12),(2941,1240,63,17),(2942,2207,322,11),(2943,1700,238,16),(2944,2416,159,17),(2945,179,477,35),(2946,260,249,27),(2947,2881,318,1),(2948,2034,345,29),(2949,2312,60,4),(2950,2792,282,14),(2951,1688,258,14),(2952,2882,392,27),(2953,2362,105,34),(2954,1354,45,5),(2955,1622,321,18),(2956,1512,274,29),(2957,640,454,8),(2958,2493,461,29),(2959,1310,412,13),(2960,2995,93,15),(2961,1510,98,28),(2962,453,160,1),(2963,2541,210,33),(2964,1811,497,35),(2965,2038,336,23),(2966,1708,140,2),(2967,2504,66,31),(2968,867,139,6),(2969,2649,329,2),(2970,2188,202,15),(2971,2527,320,23),(2972,348,297,33),(2973,2546,171,30),(2974,922,202,17),(2975,2824,385,6),(2976,1637,307,2),(2977,568,450,35),(2978,2913,196,28),(2979,1478,110,31),(2980,1937,62,33),(2981,2276,111,21),(2982,117,287,26),(2983,1074,129,33),(2984,225,67,22),(2985,354,175,33),(2986,2500,434,17),(2987,252,460,21),(2988,670,21,10),(2989,1416,332,29),(2990,2975,62,3),(2991,2782,337,31),(2992,250,289,10),(2993,1260,201,26),(2994,2296,444,33),(2995,1563,206,11),(2996,833,413,17),(2997,513,279,35),(2998,1340,65,13),(2999,1556,299,33),(3000,1668,12,31),(3001,727,365,9),(3002,1761,496,6),(3003,1277,274,7),(3004,2031,392,32),(3005,26,216,35),(3006,363,448,25),(3007,355,461,1),(3008,65,305,21),(3009,2314,62,33),(3010,1666,203,9),(3011,1717,352,31),(3012,2605,428,4),(3013,900,352,7),(3014,746,197,3),(3015,121,163,11),(3016,81,136,27),(3017,2001,449,2),(3018,2302,31,3),(3019,2151,281,19),(3020,1769,426,15),(3021,1634,235,26),(3022,1502,345,30),(3023,954,172,25),(3024,2910,308,21),(3025,19,422,17),(3026,2228,71,15),(3027,1399,390,34),(3028,2920,169,31),(3029,742,434,22),(3030,885,273,17),(3031,1238,442,30),(3032,1529,475,13),(3033,2588,21,34),(3034,603,275,11),(3035,2601,504,24),(3036,2131,421,10),(3037,1794,481,8),(3038,269,262,16),(3039,2394,408,29),(3040,704,134,34),(3041,1730,235,29),(3042,2205,348,22),(3043,1400,208,1),(3044,1491,15,20),(3045,540,328,7),(3046,1237,15,17),(3047,857,117,12),(3048,1244,229,19),(3049,194,362,2),(3050,2911,44,21),(3051,1952,340,21),(3052,1167,75,20),(3053,1742,362,16),(3054,325,136,17),(3055,842,19,6),(3056,2240,303,7),(3057,2896,393,31),(3058,1339,17,9),(3059,750,116,25),(3060,2749,238,31),(3061,1508,82,6),(3062,1679,165,5),(3063,2783,405,29),(3064,562,245,19),(3065,496,153,3),(3066,2390,422,19),(3067,376,9,8),(3068,2839,386,13),(3069,1748,459,35),(3070,2111,271,23),(3071,1723,161,18),(3072,2696,408,34),(3073,2703,260,33),(3074,1758,488,11),(3075,1734,55,14),(3076,717,43,7),(3077,1452,220,9),(3078,1568,134,9),(3079,1266,311,27),(3080,2814,493,24),(3081,2059,265,34),(3082,21,268,15),(3083,831,452,31),(3084,1883,203,19),(3085,1800,339,33),(3086,1302,467,13),(3087,2930,21,9),(3088,2014,41,16),(3089,968,193,15),(3090,640,435,6),(3091,2224,404,8),(3092,2595,407,19),(3093,1404,268,3),(3094,583,61,13),(3095,1324,247,35),(3096,1905,483,31),(3097,1585,368,8),(3098,1837,472,23),(3099,1665,331,35),(3100,1031,210,35),(3101,2623,144,24),(3102,1300,393,15),(3103,1508,305,10),(3104,1476,450,35),(3105,2948,413,2),(3106,2561,169,27),(3107,1846,276,6),(3108,1355,497,17),(3109,1821,280,25),(3110,2793,248,19),(3111,2475,228,21),(3112,766,469,27),(3113,988,328,27),(3114,1990,9,28),(3115,2584,339,6),(3116,2424,271,27),(3117,953,159,21),(3118,1706,64,26),(3119,1512,171,25),(3120,543,250,33),(3121,2178,353,34),(3122,860,346,14),(3123,3001,132,17),(3124,1583,392,28),(3125,1788,79,18),(3126,447,381,27),(3127,285,312,27),(3128,800,96,19),(3129,2221,498,6),(3130,349,120,1),(3131,951,58,18),(3132,1686,106,15),(3133,707,246,23),(3134,257,504,16),(3135,2812,161,10),(3136,1144,327,21),(3137,2759,323,24),(3138,1675,272,14),(3139,2440,208,14),(3140,557,243,23),(3141,878,94,3),(3142,1768,323,13),(3143,1250,137,6),(3144,180,38,12),(3145,2245,362,27),(3146,1156,140,28),(3147,60,128,3),(3148,1160,393,13),(3149,2509,440,24),(3150,1631,176,16),(3151,2659,378,3),(3152,887,85,18),(3153,2992,145,12),(3154,2470,492,7),(3155,80,181,9),(3156,295,95,1),(3157,1108,466,12),(3158,934,409,10),(3159,614,85,5),(3160,2744,166,3),(3161,1188,363,23),(3162,2891,492,9),(3163,2016,331,35),(3164,2586,354,26),(3165,2597,29,28),(3166,2496,100,15),(3167,2662,411,7),(3168,415,376,29),(3169,312,139,10),(3170,2317,268,4),(3171,76,116,34),(3172,2939,215,35),(3173,170,93,4),(3174,983,302,20),(3175,2931,485,1),(3176,452,89,11),(3177,1407,233,2),(3178,1963,110,21),(3179,2677,123,32),(3180,2515,141,35),(3181,1238,207,13),(3182,295,104,14),(3183,1376,53,6),(3184,2135,143,34),(3185,2418,410,6),(3186,2725,304,26),(3187,1868,122,10),(3188,1531,443,35),(3189,1595,72,21),(3190,2832,451,2),(3191,1714,492,23),(3192,737,334,3),(3193,266,414,14),(3194,835,368,21),(3195,806,332,34),(3196,1629,159,9),(3197,2194,214,1),(3198,2848,22,4),(3199,1818,496,31),(3200,1452,441,32),(3201,1776,358,24),(3202,1439,268,31),(3203,175,507,12),(3204,314,501,2),(3205,802,20,7),(3206,1047,120,5),(3207,2140,277,19),(3208,2182,27,16),(3209,504,401,24),(3210,1150,188,32),(3211,505,86,17),(3212,1513,210,4),(3213,2555,214,5),(3214,2361,24,17),(3215,1486,270,21),(3216,741,414,18),(3217,1238,84,7),(3218,2358,456,34),(3219,197,11,27),(3220,2330,100,34),(3221,2167,285,33),(3222,2461,32,3),(3223,1267,158,16),(3224,1226,202,27),(3225,2804,117,24),(3226,1713,100,33),(3227,2923,446,4),(3228,2742,475,34),(3229,2730,241,35),(3230,871,182,5),(3231,1300,195,16),(3232,2468,416,26),(3233,1006,478,4),(3234,898,203,18),(3235,1429,33,12),(3236,2906,215,30),(3237,43,236,24),(3238,507,277,20),(3239,2230,199,7),(3240,2370,57,1),(3241,760,437,5),(3242,771,184,35),(3243,270,27,33),(3244,951,121,8),(3245,811,392,32),(3246,1713,306,34),(3247,937,410,6),(3248,2555,243,23),(3249,2022,122,30),(3250,2068,459,30),(3251,1670,367,27),(3252,1128,181,35),(3253,874,56,3),(3254,1409,420,27),(3255,1488,402,3),(3256,767,23,8),(3257,2326,448,11),(3258,244,258,21),(3259,2593,441,24),(3260,2568,340,3),(3261,1946,276,29),(3262,1375,418,29),(3263,1305,146,9),(3264,1517,157,25),(3265,2414,99,21),(3266,1950,104,29),(3267,502,12,21),(3268,832,431,18),(3269,302,96,29),(3270,1851,183,28),(3271,77,343,25),(3272,1724,266,5),(3273,2516,169,18),(3274,274,23,5),(3275,845,485,26),(3276,100,119,28),(3277,2327,94,30),(3278,1868,13,21),(3279,2743,52,12),(3280,1267,297,22),(3281,2666,313,1),(3282,1965,88,18),(3283,2216,391,6),(3284,471,204,15),(3285,2570,494,12),(3286,145,18,33),(3287,2685,204,25),(3288,1804,72,13),(3289,1140,16,23),(3290,1823,394,33),(3291,487,335,23),(3292,2418,353,1),(3293,2202,182,15),(3294,137,401,25),(3295,1030,301,16),(3296,2880,376,31),(3297,2636,477,14),(3298,216,407,10),(3299,797,260,21),(3300,840,42,24),(3301,1059,309,10),(3302,70,402,7),(3303,1606,88,19),(3304,1257,22,32),(3305,2115,361,7),(3306,690,139,4),(3307,842,240,28),(3308,2941,139,35),(3309,122,17,16),(3310,348,253,23),(3311,1761,128,31),(3312,924,310,10),(3313,2257,88,23),(3314,206,262,5),(3315,407,457,30),(3316,123,156,3),(3317,1112,26,25),(3318,1776,183,22),(3319,1347,426,17),(3320,829,258,21),(3321,1358,61,16),(3322,1181,57,29),(3323,2759,366,11),(3324,2368,44,11),(3325,1303,195,24),(3326,2195,363,30),(3327,833,459,27),(3328,950,293,3),(3329,2994,110,32),(3330,2010,116,31),(3331,2566,227,25),(3332,2805,165,13),(3333,1078,127,16),(3334,1602,341,30),(3335,2339,307,19),(3336,2897,147,15),(3337,371,80,15),(3338,146,131,13),(3339,1624,219,11),(3340,2203,141,8),(3341,1394,261,18),(3342,127,131,35),(3343,666,145,9),(3344,2111,455,13),(3345,1213,47,8),(3346,1500,234,25),(3347,2220,445,19),(3348,1941,319,27),(3349,1713,418,31),(3350,259,57,4),(3351,506,428,13),(3352,1474,463,4),(3353,2479,354,4),(3354,2969,225,1),(3355,1323,227,34),(3356,1803,185,31),(3357,2582,409,3),(3358,2887,280,33),(3359,1262,203,6),(3360,2815,490,33),(3361,2494,497,26),(3362,2318,130,11),(3363,1029,427,15),(3364,2053,288,32),(3365,1439,251,13),(3366,862,232,31),(3367,1012,44,14),(3368,2964,106,34),(3369,2376,102,12),(3370,1220,477,31),(3371,2155,132,30),(3372,363,36,7),(3373,200,56,31),(3374,1154,454,24),(3375,2399,160,30),(3376,47,378,27),(3377,108,92,19),(3378,579,124,28),(3379,902,320,31),(3380,2222,231,17),(3381,1025,241,19),(3382,624,304,14),(3383,2516,118,30),(3384,515,129,8),(3385,1158,344,26),(3386,1256,249,12),(3387,1307,72,19),(3388,1029,292,32),(3389,628,196,13),(3390,135,58,29),(3391,2529,76,11),(3392,72,291,17),(3393,377,248,3),(3394,325,268,23),(3395,2065,264,8),(3396,1301,329,28),(3397,2145,117,17),(3398,718,506,25),(3399,2009,174,3),(3400,906,335,9),(3401,1556,248,27),(3402,2127,435,19),(3403,1677,47,4),(3404,1047,274,33),(3405,1071,228,2),(3406,2740,42,17),(3407,202,298,35),(3408,353,339,24),(3409,369,113,32),(3410,2690,309,13),(3411,1962,259,28),(3412,356,232,12),(3413,1779,438,9),(3414,211,333,26),(3415,124,491,14),(3416,2220,42,10),(3417,452,17,19),(3418,1631,28,3),(3419,1992,144,29),(3420,1977,339,35),(3421,1010,150,11),(3422,2499,168,33),(3423,2961,482,32),(3424,1376,481,34),(3425,2083,121,29),(3426,1159,243,16),(3427,1410,459,13),(3428,1798,424,22),(3429,1420,266,21),(3430,2390,245,5),(3431,1750,198,28),(3432,1861,444,8),(3433,1124,449,12),(3434,2875,339,35),(3435,1507,250,27),(3436,2032,456,17),(3437,2009,387,1),(3438,499,298,13),(3439,2421,36,20),(3440,2333,471,11),(3441,917,456,34),(3442,2619,77,5),(3443,615,451,8),(3444,1214,73,8),(3445,2723,153,33),(3446,435,263,33),(3447,985,106,21),(3448,1354,367,16),(3449,2952,344,16),(3450,1349,323,18),(3451,2277,121,27),(3452,2560,196,20),(3453,1361,96,30),(3454,907,351,10),(3455,2940,72,2),(3456,1730,223,26),(3457,978,65,10),(3458,161,401,26),(3459,2061,323,6),(3460,2451,313,21),(3461,1037,393,4),(3462,381,146,23),(3463,2922,394,4),(3464,1654,254,17),(3465,2398,483,4),(3466,323,398,31),(3467,2660,25,27),(3468,2930,175,31),(3469,2401,268,6),(3470,1464,173,18),(3471,2699,349,3),(3472,1595,241,33),(3473,2500,118,16),(3474,2342,161,29),(3475,1169,254,15),(3476,776,435,34),(3477,115,367,20),(3478,2135,126,8),(3479,2125,399,21),(3480,2524,84,17),(3481,1598,424,2),(3482,1939,393,34),(3483,2609,245,26),(3484,202,500,2),(3485,602,230,10),(3486,1468,321,20),(3487,2722,449,18),(3488,1074,172,31),(3489,1861,478,15),(3490,1847,14,33),(3491,836,410,21),(3492,1360,202,34),(3493,2798,462,16),(3494,606,252,26),(3495,2232,482,10),(3496,260,250,34),(3497,2010,244,32),(3498,2747,310,13),(3499,1543,333,23),(3500,2087,342,20),(3501,786,434,7),(3502,2618,9,12),(3503,521,284,8),(3504,1526,390,11),(3505,1291,407,14),(3506,259,330,27),(3507,1173,254,22),(3508,1996,67,12),(3509,1049,163,19),(3510,1794,70,18),(3511,913,369,7),(3512,681,15,2),(3513,2913,160,26),(3514,2420,198,28),(3515,2047,18,29),(3516,2437,325,25),(3517,261,155,1),(3518,2825,26,13),(3519,258,488,18),(3520,773,172,16),(3521,1604,351,23),(3522,1192,243,19),(3523,2836,375,4),(3524,2204,53,5),(3525,1621,491,13),(3526,1188,195,26),(3527,2101,424,26),(3528,593,66,21),(3529,2552,235,20),(3530,2467,455,22),(3531,359,19,29),(3532,2764,271,10),(3533,2037,195,7),(3534,1068,314,25),(3535,295,334,15),(3536,2688,72,23),(3537,2604,34,34),(3538,2191,64,31),(3539,1576,390,7),(3540,436,194,35),(3541,2383,56,21),(3542,2593,310,31),(3543,1498,350,28),(3544,2566,155,28),(3545,2977,102,25),(3546,2881,469,26),(3547,2256,313,9),(3548,2047,29,24),(3549,1215,165,13),(3550,424,390,17),(3551,2000,49,12),(3552,2318,142,22),(3553,228,289,3),(3554,2469,403,32),(3555,237,133,18),(3556,1899,154,16),(3557,2332,52,21),(3558,682,391,29),(3559,1189,66,6),(3560,1394,33,1),(3561,1177,262,33),(3562,1395,373,26),(3563,2726,67,32),(3564,2671,112,12),(3565,707,506,27),(3566,25,89,21),(3567,2024,45,9),(3568,1559,309,4),(3569,2389,329,11),(3570,1248,252,7),(3571,565,447,30),(3572,1840,465,30),(3573,1963,177,19),(3574,2842,422,9),(3575,1754,249,18),(3576,137,499,11),(3577,1722,184,13),(3578,35,83,26),(3579,309,401,19),(3580,65,143,30),(3581,660,113,23),(3582,2280,358,8),(3583,1565,187,17),(3584,2176,236,20),(3585,1519,439,11),(3586,594,137,5),(3587,553,345,2),(3588,703,191,20),(3589,1301,415,21),(3590,643,185,10),(3591,490,384,29),(3592,2925,246,1),(3593,2519,463,34),(3594,1998,222,12),(3595,2002,498,24),(3596,1848,353,8),(3597,1078,210,32),(3598,2165,484,31),(3599,1350,339,14),(3600,811,310,14),(3601,2636,456,23),(3602,1142,118,30),(3603,1054,60,3),(3604,1614,21,31),(3605,742,142,31),(3606,53,40,19),(3607,1464,89,22),(3608,2497,57,33),(3609,876,285,31),(3610,1087,297,31),(3611,1546,214,5),(3612,2743,467,31),(3613,967,188,10),(3614,2367,283,34),(3615,2344,488,2),(3616,2349,196,31),(3617,2295,220,31),(3618,2010,117,28),(3619,2556,399,7),(3620,68,17,35),(3621,723,12,29),(3622,511,474,9),(3623,44,460,10),(3624,1109,433,12),(3625,2136,329,32),(3626,1470,64,5),(3627,717,312,29),(3628,783,424,17),(3629,2888,127,9),(3630,2911,13,4),(3631,346,433,33),(3632,133,493,2),(3633,2494,62,2),(3634,2429,85,19),(3635,257,479,31),(3636,1979,395,13),(3637,2705,261,27),(3638,2978,360,14),(3639,1542,336,21),(3640,73,178,19),(3641,89,239,24),(3642,769,491,19),(3643,1166,381,33),(3644,1819,102,32),(3645,9,241,16),(3646,106,209,16),(3647,2695,445,18),(3648,1937,111,28),(3649,1268,102,14),(3650,1074,400,24),(3651,704,398,21),(3652,1230,489,19),(3653,1249,465,2),(3654,2470,103,18),(3655,2094,99,28),(3656,182,488,32),(3657,2619,292,15),(3658,2630,60,35),(3659,1327,341,16),(3660,2042,408,33),(3661,2541,216,15),(3662,2066,218,7),(3663,2439,495,24),(3664,28,8,30),(3665,1656,428,20),(3666,1224,387,30),(3667,1733,434,24),(3668,1951,100,11),(3669,2009,319,20),(3670,789,234,9),(3671,1567,246,18),(3672,219,149,15),(3673,1178,183,22),(3674,1851,343,14),(3675,2240,247,12),(3676,1113,343,25),(3677,1494,507,26),(3678,680,239,14),(3679,2157,297,24),(3680,1158,122,4),(3681,1012,335,10),(3682,145,20,1),(3683,1314,219,9),(3684,998,81,19),(3685,42,231,19),(3686,2179,438,15),(3687,1763,166,17),(3688,751,387,2),(3689,331,160,19),(3690,2528,234,16),(3691,2723,273,18),(3692,1776,321,5),(3693,2297,288,9),(3694,2542,302,14),(3695,418,196,5),(3696,844,120,17),(3697,986,197,2),(3698,1046,179,27),(3699,1056,480,12),(3700,2842,87,20),(3701,2853,151,6),(3702,879,490,33),(3703,2046,383,28),(3704,2120,373,30),(3705,2671,220,1),(3706,2036,157,1),(3707,1506,315,3),(3708,2628,445,24),(3709,2074,381,21),(3710,2755,399,25),(3711,2482,47,2),(3712,135,239,31),(3713,333,16,24),(3714,2218,452,5),(3715,1004,90,23),(3716,243,413,34),(3717,1591,112,14),(3718,1505,164,18),(3719,2656,223,11),(3720,49,422,35),(3721,2034,8,8),(3722,778,84,26),(3723,224,504,9),(3724,1558,229,30),(3725,109,411,7),(3726,2511,401,23),(3727,2660,288,21),(3728,1894,150,11),(3729,54,315,11),(3730,3008,200,24),(3731,857,246,32),(3732,1141,76,34),(3733,491,77,33),(3734,281,334,34),(3735,2530,29,1),(3736,2083,339,4),(3737,2161,279,8),(3738,1472,120,30),(3739,1303,74,15),(3740,2796,289,13),(3741,1376,297,28),(3742,2799,291,23),(3743,2424,101,19),(3744,1853,384,20),(3745,1162,79,25),(3746,1869,451,4),(3747,498,477,30),(3748,425,224,22),(3749,2265,20,10),(3750,300,424,21),(3751,2673,202,3),(3752,502,165,32),(3753,1866,169,8),(3754,1036,415,3),(3755,2918,478,19),(3756,558,324,2),(3757,704,423,22),(3758,1243,439,28),(3759,1239,256,7),(3760,2919,270,16),(3761,2197,274,14),(3762,500,265,7),(3763,638,481,24),(3764,264,151,9),(3765,1139,310,30),(3766,1836,170,11),(3767,919,455,31),(3768,1389,109,20),(3769,612,292,33),(3770,268,422,9),(3771,729,174,11),(3772,40,365,1),(3773,379,85,18),(3774,643,224,18),(3775,2984,456,10),(3776,2292,474,24),(3777,2320,475,35),(3778,1186,89,32),(3779,792,302,31),(3780,686,115,7),(3781,3001,352,14),(3782,2526,253,13),(3783,1913,359,16),(3784,2573,415,9),(3785,1669,42,25),(3786,297,44,6),(3787,2188,355,4),(3788,2857,26,34),(3789,1445,203,30),(3790,2230,67,29),(3791,2467,97,9),(3792,1273,385,19),(3793,1634,223,2),(3794,547,84,8),(3795,1252,480,20),(3796,1773,75,10),(3797,1185,493,33),(3798,2727,65,33),(3799,1431,323,35),(3800,1165,145,12),(3801,1938,484,32),(3802,2594,84,35),(3803,2886,158,33),(3804,1048,458,30),(3805,1908,500,34),(3806,684,90,27),(3807,1096,132,3),(3808,1526,242,22),(3809,2871,149,34),(3810,708,304,28),(3811,2052,150,20),(3812,2536,193,22),(3813,2494,236,1),(3814,1800,89,26),(3815,525,487,20),(3816,2174,191,3),(3817,1281,44,13),(3818,887,379,35),(3819,612,240,18),(3820,1937,355,13),(3821,2831,255,2),(3822,1780,502,21),(3823,75,144,21),(3824,2271,84,27),(3825,1770,255,19),(3826,30,77,3),(3827,2771,118,28),(3828,206,20,8),(3829,2425,307,25),(3830,1400,471,17),(3831,1254,44,19),(3832,1056,481,33),(3833,2533,500,18),(3834,2694,120,6),(3835,1955,203,14),(3836,297,373,34),(3837,578,144,18),(3838,1076,477,6),(3839,2032,464,12),(3840,1759,130,15),(3841,2437,444,25),(3842,405,159,18),(3843,2352,118,33),(3844,1801,120,22),(3845,1658,60,30),(3846,2313,295,15),(3847,130,436,22),(3848,894,405,18),(3849,1711,54,27),(3850,1041,110,16),(3851,1889,30,21),(3852,385,92,11),(3853,1421,482,17),(3854,1445,264,14),(3855,1530,448,19),(3856,56,332,17),(3857,991,156,13),(3858,2217,505,34),(3859,35,89,31),(3860,2873,361,22),(3861,2070,507,31),(3862,2889,348,26),(3863,2691,70,16),(3864,2826,276,2),(3865,1313,374,19),(3866,749,71,12),(3867,1839,282,10),(3868,810,336,17),(3869,448,417,18),(3870,1251,185,4),(3871,2883,25,30),(3872,1805,167,22),(3873,849,276,17),(3874,1621,190,5),(3875,2485,101,1),(3876,1387,435,1),(3877,787,257,27),(3878,1253,255,6),(3879,1088,213,34),(3880,2790,496,25),(3881,1990,365,5),(3882,2950,289,14),(3883,222,173,30),(3884,1018,118,21),(3885,2571,96,5),(3886,1281,439,20),(3887,132,77,10),(3888,1647,52,17),(3889,283,344,16),(3890,2118,135,9),(3891,124,172,1),(3892,1049,401,18),(3893,1490,329,26),(3894,600,350,16),(3895,1335,232,23),(3896,658,17,31),(3897,2022,140,30),(3898,2143,45,29),(3899,2211,146,8),(3900,1382,262,32),(3901,2196,162,31),(3902,768,281,17),(3903,944,437,2),(3904,2454,393,24),(3905,2973,270,23),(3906,769,112,25),(3907,1874,128,15),(3908,2549,216,34),(3909,1104,268,17),(3910,1602,316,19),(3911,1039,10,11),(3912,2879,208,29),(3913,2102,155,10),(3914,2078,125,32),(3915,745,207,27),(3916,2269,204,21),(3917,261,437,7),(3918,1332,207,35),(3919,1944,49,11),(3920,2948,318,20),(3921,2138,225,1),(3922,435,239,35),(3923,2898,17,5),(3924,2469,122,16),(3925,2854,176,32),(3926,1364,324,17),(3927,1720,239,25),(3928,1196,372,21),(3929,2943,308,10),(3930,433,433,34),(3931,2427,291,4),(3932,2901,65,27),(3933,261,379,23),(3934,2452,358,25),(3935,1525,375,15),(3936,147,69,30),(3937,2627,246,23),(3938,2396,352,13),(3939,636,404,28),(3940,157,32,20),(3941,1533,324,6),(3942,1358,65,27),(3943,1844,41,25),(3944,3006,136,15),(3945,2849,169,24),(3946,74,384,18),(3947,1804,232,5),(3948,2946,495,30),(3949,188,165,1),(3950,151,293,33),(3951,2616,491,9),(3952,1685,406,30),(3953,551,397,17),(3954,505,485,27),(3955,1051,437,21),(3956,1795,410,28),(3957,244,94,11),(3958,2622,496,21),(3959,1981,294,23),(3960,1804,176,19),(3961,2278,135,15),(3962,1696,376,7),(3963,868,446,31),(3964,2221,48,9),(3965,1356,206,19),(3966,1336,457,9),(3967,2052,289,9),(3968,778,156,4),(3969,350,263,30),(3970,2910,91,20),(3971,2206,401,20),(3972,2023,331,27),(3973,317,228,17),(3974,357,121,13),(3975,1706,407,19),(3976,2870,410,7),(3977,2972,40,19),(3978,712,93,26),(3979,1728,334,6),(3980,1867,350,8),(3981,2363,92,21),(3982,1844,474,6),(3983,2019,450,5),(3984,1077,170,20),(3985,2830,363,10),(3986,498,138,25),(3987,2445,342,6),(3988,2430,77,4),(3989,1631,143,10),(3990,2779,69,16),(3991,2949,174,14),(3992,1719,389,33),(3993,2136,115,32),(3994,2444,89,27),(3995,113,156,12),(3996,2663,286,10),(3997,951,43,32),(3998,570,34,20),(3999,608,352,8),(4000,1779,326,5),(4001,2910,47,16),(4002,607,159,4),(4003,1337,448,14),(4004,2506,145,29),(4005,413,449,19),(4006,2706,329,2),(4007,2724,446,16),(4008,811,202,28),(4009,2599,434,4),(4010,1677,375,10),(4011,1045,182,2),(4012,2652,473,17),(4013,1279,229,16),(4014,1126,112,34),(4015,466,172,20),(4016,930,384,15),(4017,295,452,7),(4018,1148,505,18),(4019,40,269,35),(4020,2019,474,14),(4021,1434,466,35),(4022,2946,489,24),(4023,2859,485,19),(4024,2301,269,11),(4025,404,364,21),(4026,147,470,12),(4027,2605,97,13),(4028,1375,387,24),(4029,329,363,13),(4030,1971,288,6),(4031,2921,442,12),(4032,2373,58,26),(4033,2370,349,13),(4034,991,10,3),(4035,1796,271,8),(4036,1571,390,25),(4037,1835,501,4),(4038,125,127,15),(4039,1150,328,1),(4040,1029,169,32),(4041,2376,306,23),(4042,1859,309,34),(4043,2542,152,27),(4044,495,196,13),(4045,1632,58,18),(4046,381,105,35),(4047,2761,77,3),(4048,926,182,8),(4049,2017,472,8),(4050,111,165,11),(4051,2457,479,21),(4052,2154,23,5),(4053,2196,477,7),(4054,2233,227,4),(4055,1069,43,27),(4056,769,228,19),(4057,804,453,4),(4058,279,61,12),(4059,2017,350,35),(4060,113,228,28),(4061,2621,14,6),(4062,626,416,24),(4063,935,208,11),(4064,1451,155,6),(4065,464,203,9),(4066,1590,306,9),(4067,2642,496,14),(4068,246,359,26),(4069,1516,17,27),(4070,2889,202,9),(4071,588,23,15),(4072,1916,214,28),(4073,1423,277,22),(4074,361,180,10),(4075,1504,212,22),(4076,2710,493,24),(4077,320,289,6),(4078,2349,8,30),(4079,1714,211,27),(4080,947,205,32),(4081,2954,139,21),(4082,980,186,2),(4083,2818,73,29),(4084,1072,72,5),(4085,2619,176,19),(4086,2603,338,8),(4087,1499,370,31),(4088,2675,474,30),(4089,1706,349,6),(4090,1958,289,21),(4091,2640,397,27),(4092,968,253,30),(4093,1257,477,24),(4094,2761,394,5),(4095,1817,109,27),(4096,2663,176,18),(4097,534,242,6),(4098,1019,401,19),(4099,26,371,4),(4100,2204,128,21),(4101,360,56,2),(4102,2796,328,25),(4103,1768,13,28),(4104,559,355,27),(4105,1107,80,35),(4106,867,410,6),(4107,1109,127,6),(4108,429,119,3),(4109,558,494,1),(4110,799,62,25),(4111,685,93,6),(4112,1465,267,5),(4113,795,166,35),(4114,2044,239,26),(4115,1919,63,32),(4116,1512,491,34),(4117,250,452,32),(4118,1124,20,4),(4119,316,264,7),(4120,1599,122,15),(4121,2106,172,30),(4122,2032,302,5),(4123,551,235,4),(4124,1029,100,8),(4125,531,312,22),(4126,377,22,21),(4127,1411,79,20),(4128,2998,8,29),(4129,1629,44,5),(4130,2688,314,29),(4131,621,302,8),(4132,1544,388,34),(4133,857,67,30),(4134,1129,470,13),(4135,1262,94,13),(4136,2260,115,21),(4137,2855,185,23),(4138,116,15,24),(4139,541,223,27),(4140,678,268,19),(4141,728,10,4),(4142,2874,171,28),(4143,1916,93,26),(4144,2897,405,33),(4145,1459,96,15),(4146,2504,190,30),(4147,1399,314,23),(4148,1188,33,11),(4149,1524,350,13),(4150,1917,446,11),(4151,617,389,22),(4152,2093,54,7),(4153,1034,378,19),(4154,1278,406,22),(4155,921,75,30),(4156,2966,301,29),(4157,2099,325,5),(4158,2770,290,21),(4159,778,412,22),(4160,2169,150,8),(4161,1964,9,10),(4162,1532,433,2),(4163,2110,310,29),(4164,1079,201,27),(4165,603,396,10),(4166,1546,352,8),(4167,1185,91,32),(4168,927,273,14),(4169,1730,91,10),(4170,2298,79,35),(4171,1001,411,12),(4172,2705,473,20),(4173,2326,84,30),(4174,2696,187,6),(4175,2373,122,5),(4176,871,462,15),(4177,368,491,3),(4178,279,397,33),(4179,76,338,2),(4180,543,62,5),(4181,1861,246,4),(4182,2881,98,30),(4183,2892,112,7),(4184,56,156,10),(4185,247,462,15),(4186,1552,259,18),(4187,1373,254,10),(4188,2051,438,26),(4189,2034,141,15),(4190,2271,48,21),(4191,676,437,22),(4192,461,40,18),(4193,2064,458,35),(4194,870,377,32),(4195,191,360,19),(4196,1890,175,5),(4197,2980,69,21),(4198,891,295,5),(4199,1577,9,3),(4200,443,230,30),(4201,1773,430,1),(4202,2013,255,31),(4203,2352,44,22),(4204,893,38,1),(4205,2580,60,26),(4206,93,192,30),(4207,127,124,11),(4208,948,409,12),(4209,199,77,19),(4210,70,381,17),(4211,2249,121,33),(4212,2985,247,30),(4213,394,394,31),(4214,1661,71,9),(4215,1933,108,15),(4216,2961,407,33),(4217,1301,248,24),(4218,2646,396,25),(4219,1147,429,16),(4220,2267,243,28),(4221,45,211,5),(4222,146,195,27),(4223,2129,457,4),(4224,230,231,15),(4225,2595,399,12),(4226,2342,381,10),(4227,159,189,13),(4228,1524,128,10),(4229,2528,479,34),(4230,418,399,10),(4231,618,425,8),(4232,1182,90,20),(4233,1352,292,7),(4234,1773,488,32),(4235,1861,54,28),(4236,1687,98,30),(4237,1004,45,4),(4238,2248,439,20),(4239,97,90,17),(4240,1724,185,35),(4241,126,354,22),(4242,191,507,32),(4243,2804,333,13),(4244,829,29,33),(4245,1610,267,9),(4246,1390,140,21),(4247,2491,373,1),(4248,693,428,33),(4249,1360,274,15),(4250,114,35,16),(4251,117,382,14),(4252,692,426,18),(4253,2798,412,12),(4254,1143,236,12),(4255,2413,491,30),(4256,1398,227,1),(4257,167,30,3),(4258,1843,139,24),(4259,2412,270,33),(4260,646,174,25),(4261,1641,163,5),(4262,140,395,30),(4263,775,452,20),(4264,907,346,12),(4265,527,268,12),(4266,2807,205,7),(4267,2374,184,6),(4268,758,268,3),(4269,972,335,8),(4270,1751,102,17),(4271,2242,232,2),(4272,955,299,15),(4273,1008,134,31),(4274,897,404,30),(4275,2748,167,34),(4276,431,100,22),(4277,1199,324,15),(4278,2222,309,2),(4279,2635,329,29),(4280,1347,200,18),(4281,20,175,17),(4282,2473,485,9),(4283,1602,297,19),(4284,2755,328,12),(4285,684,459,20),(4286,2178,365,1),(4287,2765,45,32),(4288,684,53,5),(4289,1963,429,1),(4290,2448,172,20),(4291,1490,447,20),(4292,1980,239,4),(4293,2233,10,11),(4294,210,302,3),(4295,563,307,5),(4296,1356,383,10),(4297,1218,130,12),(4298,1479,79,23),(4299,2573,244,8),(4300,38,384,12),(4301,2864,161,26),(4302,59,316,14),(4303,2489,317,23),(4304,1204,344,26),(4305,2718,289,20),(4306,1931,137,19),(4307,1964,263,10),(4308,2531,281,32),(4309,789,61,6),(4310,1579,11,22),(4311,1004,125,26),(4312,1686,88,4),(4313,482,192,16),(4314,139,172,25),(4315,1967,365,8),(4316,2882,348,11),(4317,2919,257,3),(4318,2806,386,21),(4319,1017,195,1),(4320,477,98,25),(4321,521,290,5),(4322,1460,483,32),(4323,2153,130,12),(4324,486,248,27),(4325,1761,456,7),(4326,79,202,28),(4327,444,78,6),(4328,1102,179,35),(4329,280,432,15),(4330,1880,444,19),(4331,568,227,30),(4332,2825,451,25),(4333,1652,55,17),(4334,551,350,12),(4335,2369,423,17),(4336,2310,147,34),(4337,2199,447,26),(4338,2246,298,20),(4339,2559,77,30),(4340,382,273,12),(4341,2114,306,35),(4342,2827,339,1),(4343,2960,98,32),(4344,2668,489,7),(4345,2383,263,1),(4346,196,182,1),(4347,1313,282,33),(4348,1948,230,25),(4349,2271,139,33),(4350,1459,119,21),(4351,2023,419,9),(4352,2491,148,18),(4353,690,493,12),(4354,255,46,28),(4355,2628,293,30),(4356,465,23,15),(4357,664,357,15),(4358,712,60,33),(4359,525,465,30),(4360,1641,494,29),(4361,2461,495,29),(4362,2991,502,19),(4363,942,56,33),(4364,10,400,30),(4365,2418,446,23),(4366,1520,268,6),(4367,1355,179,30),(4368,2817,204,17),(4369,851,334,14),(4370,2808,465,19),(4371,40,64,18),(4372,218,152,14),(4373,108,441,11),(4374,1441,189,33),(4375,63,487,25),(4376,765,285,13),(4377,2020,37,6),(4378,2367,187,31),(4379,2314,14,19),(4380,2721,287,22),(4381,2955,159,19),(4382,2157,425,25),(4383,1323,115,3),(4384,1040,312,1),(4385,1024,439,1),(4386,1349,319,2),(4387,1831,417,31),(4388,2383,469,35),(4389,1656,267,16),(4390,1284,377,4),(4391,1146,35,34),(4392,2415,238,13),(4393,1740,278,8),(4394,561,216,8),(4395,2836,236,9),(4396,824,304,17),(4397,286,500,19),(4398,1170,392,11),(4399,1780,398,30),(4400,2921,226,15),(4401,2662,112,15),(4402,2584,161,28),(4403,504,169,25),(4404,1999,367,31),(4405,2175,228,18),(4406,1807,418,27),(4407,776,273,23),(4408,508,306,5),(4409,2666,96,28),(4410,435,181,32),(4411,261,129,29),(4412,283,383,31),(4413,601,138,27),(4414,1748,133,33),(4415,1645,136,16),(4416,377,270,33),(4417,12,144,19),(4418,1691,99,21),(4419,583,92,9),(4420,1222,333,3),(4421,647,460,26),(4422,2428,297,9),(4423,255,491,28),(4424,710,93,18),(4425,2752,79,32),(4426,525,234,19),(4427,810,62,10),(4428,760,130,4),(4429,516,422,15),(4430,573,326,19),(4431,2022,426,5),(4432,2710,359,13),(4433,1407,33,26),(4434,1758,458,34),(4435,1517,307,24),(4436,2061,269,7),(4437,2320,39,34),(4438,2259,36,28),(4439,791,164,20),(4440,130,213,8),(4441,2817,33,20),(4442,1671,443,7),(4443,877,346,30),(4444,2809,27,4),(4445,2593,115,2),(4446,1297,505,10),(4447,1922,400,7),(4448,1852,231,6),(4449,488,472,27),(4450,1800,67,8),(4451,355,265,24),(4452,2874,275,30),(4453,479,474,19),(4454,2552,69,29),(4455,2587,335,20),(4456,801,295,24),(4457,367,433,18),(4458,483,146,6),(4459,962,104,11),(4460,342,286,12),(4461,98,94,3),(4462,2717,460,11),(4463,720,219,30),(4464,2320,324,4),(4465,1337,41,9),(4466,1725,272,29),(4467,2502,92,8),(4468,1790,269,27),(4469,1628,314,22),(4470,2511,309,15),(4471,971,428,16),(4472,2110,444,17),(4473,2629,254,29),(4474,506,363,24),(4475,2711,171,7),(4476,117,175,2),(4477,1480,92,31),(4478,691,374,7),(4479,845,491,25),(4480,1309,490,30),(4481,2647,379,19),(4482,1552,342,6),(4483,2605,73,6),(4484,1754,328,26),(4485,890,36,35),(4486,1907,349,16),(4487,336,337,27),(4488,1389,398,17),(4489,1404,499,12),(4490,2652,369,7),(4491,1982,124,34),(4492,1024,404,26),(4493,905,190,31),(4494,2068,382,35),(4495,123,155,28),(4496,2811,371,11),(4497,2066,198,8),(4498,44,83,4),(4499,947,21,24),(4500,1543,234,6),(4501,822,137,2),(4502,1346,322,26),(4503,2985,466,12),(4504,617,248,19),(4505,869,477,2),(4506,557,425,29),(4507,851,166,29),(4508,1048,401,9),(4509,1848,363,20),(4510,644,456,1),(4511,2606,464,31),(4512,2297,198,10),(4513,1220,43,1),(4514,1942,276,35),(4515,2450,284,13),(4516,2529,331,13),(4517,15,352,35),(4518,2365,100,7),(4519,229,206,15),(4520,100,425,34),(4521,2561,394,1),(4522,1711,125,25),(4523,519,361,8),(4524,1095,12,28),(4525,1415,360,3),(4526,2259,26,19),(4527,2519,455,18),(4528,2256,190,4),(4529,2309,212,15),(4530,1339,205,24),(4531,320,70,5),(4532,780,279,30),(4533,86,274,4),(4534,584,314,33),(4535,2527,103,14),(4536,595,208,10),(4537,2442,256,32),(4538,1174,184,12),(4539,2030,331,11),(4540,1545,423,25),(4541,1738,282,18),(4542,1429,92,3),(4543,1499,404,25),(4544,1982,465,14),(4545,1422,69,23),(4546,2609,117,23),(4547,2142,424,30),(4548,556,397,17),(4549,1391,214,12),(4550,1380,434,5),(4551,1634,86,26),(4552,245,298,3),(4553,194,113,13),(4554,2548,379,8),(4555,77,381,3),(4556,1034,147,21),(4557,2932,138,23),(4558,1462,333,2),(4559,687,417,11),(4560,1253,184,19),(4561,720,114,31),(4562,2972,19,23),(4563,1482,196,26),(4564,191,343,20),(4565,628,290,26),(4566,1563,247,31),(4567,1878,374,34),(4568,2741,506,5),(4569,1957,370,12),(4570,2209,341,13),(4571,601,455,23),(4572,1797,368,27),(4573,2163,109,28),(4574,2922,76,17),(4575,703,364,27),(4576,1071,225,9),(4577,326,62,31),(4578,1508,272,11),(4579,2773,408,28),(4580,1178,418,18),(4581,378,160,10),(4582,2533,17,28),(4583,1667,388,9),(4584,167,127,5),(4585,1855,28,11),(4586,2084,48,35),(4587,1222,194,31),(4588,442,31,35),(4589,132,48,9),(4590,2203,218,22),(4591,2624,288,12),(4592,268,298,28),(4593,543,73,34),(4594,2241,43,21),(4595,167,58,15),(4596,2357,258,11),(4597,2121,490,15),(4598,2887,375,1),(4599,1282,26,11),(4600,1986,396,31),(4601,2759,422,30),(4602,1417,238,32),(4603,202,185,28),(4604,2246,380,14),(4605,1042,266,28),(4606,2764,148,9),(4607,1294,9,33),(4608,2697,271,19),(4609,2049,401,30),(4610,1692,417,22),(4611,2825,474,33),(4612,95,18,14),(4613,729,50,13),(4614,590,92,30),(4615,2797,453,28),(4616,2285,35,19),(4617,154,36,31),(4618,854,490,6),(4619,528,281,3),(4620,704,255,8),(4621,503,118,33),(4622,351,99,19),(4623,1264,272,6),(4624,1222,174,6),(4625,2478,185,21),(4626,700,238,10),(4627,1948,218,6),(4628,2228,120,7),(4629,278,282,7),(4630,1222,466,12),(4631,1196,444,27),(4632,1961,424,14),(4633,113,122,4),(4634,2714,261,14),(4635,2178,377,17),(4636,2421,144,14),(4637,1619,140,28),(4638,2735,373,29),(4639,1524,468,20),(4640,1380,215,19),(4641,839,14,7),(4642,2632,169,3),(4643,1448,51,7),(4644,822,38,11),(4645,2131,213,8),(4646,463,288,25),(4647,778,476,21),(4648,499,136,10),(4649,2691,315,5),(4650,1049,40,7),(4651,2579,93,3),(4652,560,384,11),(4653,2805,100,16),(4654,2890,300,2),(4655,1866,425,6),(4656,2502,446,28),(4657,297,393,6),(4658,1401,180,12),(4659,374,29,30),(4660,2924,17,22),(4661,2620,333,21),(4662,2376,327,8),(4663,2179,193,1),(4664,895,231,11),(4665,925,269,30),(4666,1257,422,22),(4667,230,345,12),(4668,1434,454,17),(4669,2859,398,8),(4670,1214,461,23),(4671,1508,411,28),(4672,109,364,17),(4673,1381,36,22),(4674,1855,55,16),(4675,2314,427,7),(4676,985,506,26),(4677,1123,172,12),(4678,1127,86,15),(4679,1168,227,33),(4680,2245,423,20),(4681,1617,194,19),(4682,2727,26,3),(4683,125,29,32),(4684,2284,431,12),(4685,803,469,3),(4686,2938,501,10),(4687,1931,10,10),(4688,1433,400,27),(4689,1841,52,12),(4690,1236,335,7),(4691,571,397,17),(4692,2440,461,8),(4693,2282,416,3),(4694,102,442,8),(4695,2085,145,15),(4696,2344,306,5),(4697,2521,355,29),(4698,1375,26,2),(4699,1741,362,2),(4700,57,209,20),(4701,2179,56,17),(4702,2220,133,4),(4703,1070,397,8),(4704,2221,35,6),(4705,2699,500,34),(4706,1143,96,6),(4707,1137,200,34),(4708,441,233,32),(4709,1553,33,6),(4710,2728,51,14),(4711,1240,92,15),(4712,1628,461,18),(4713,947,223,6),(4714,1025,196,28),(4715,433,191,31),(4716,590,318,14),(4717,393,207,34),(4718,1923,448,8),(4719,2137,282,28),(4720,370,462,1),(4721,958,504,25),(4722,177,86,9),(4723,2164,438,6),(4724,2546,33,27),(4725,1243,256,4),(4726,1464,120,13),(4727,2498,473,29),(4728,621,343,4),(4729,2005,373,18),(4730,845,85,14),(4731,2736,206,18),(4732,118,479,31),(4733,2257,236,4),(4734,2649,156,6),(4735,1998,213,28),(4736,841,102,7),(4737,180,290,8),(4738,1512,394,2),(4739,1404,352,27),(4740,1601,454,18),(4741,2573,263,31),(4742,2198,69,24),(4743,2056,143,17),(4744,2416,301,19),(4745,920,279,8),(4746,2990,229,23),(4747,1347,35,14),(4748,2738,113,30),(4749,2168,348,28),(4750,2350,88,31),(4751,2934,225,8),(4752,2492,428,9),(4753,1639,214,19),(4754,2891,334,22),(4755,618,111,8),(4756,1965,95,21),(4757,193,35,3),(4758,2082,242,1),(4759,2216,334,13),(4760,1873,487,1),(4761,719,452,17),(4762,2677,91,17),(4763,1041,320,18),(4764,2518,382,28),(4765,2387,366,17),(4766,1951,494,28),(4767,846,155,29),(4768,1546,239,21),(4769,2387,98,22),(4770,26,180,27),(4771,1045,382,33),(4772,2159,103,33),(4773,2372,504,10),(4774,1821,230,6),(4775,226,181,5),(4776,2519,446,30),(4777,1463,350,23),(4778,631,150,10),(4779,1124,275,15),(4780,620,372,27),(4781,627,248,9),(4782,187,152,19),(4783,2857,245,2),(4784,2328,211,3),(4785,290,329,19),(4786,2941,506,25),(4787,12,351,11),(4788,703,19,32),(4789,2279,276,32),(4790,954,305,4),(4791,703,299,28),(4792,2157,236,19),(4793,940,107,8),(4794,527,168,23),(4795,1546,414,12),(4796,1932,336,7),(4797,853,124,13),(4798,1186,364,19),(4799,2360,167,31),(4800,950,243,2),(4801,358,269,35),(4802,758,21,7),(4803,2628,64,23),(4804,2509,157,25),(4805,20,308,34),(4806,1501,201,9),(4807,856,179,30),(4808,258,80,23),(4809,918,408,1),(4810,2382,263,32),(4811,341,285,28),(4812,2345,333,27),(4813,320,281,25),(4814,941,435,11),(4815,2565,200,18),(4816,76,417,10),(4817,2266,220,25),(4818,2825,79,29),(4819,74,91,27),(4820,2283,309,9),(4821,1375,206,23),(4822,143,415,12),(4823,1023,297,19),(4824,38,232,32),(4825,1958,221,12),(4826,1306,19,31),(4827,606,290,24),(4828,2365,107,25),(4829,1552,65,29),(4830,2156,459,5),(4831,142,371,15),(4832,782,381,20),(4833,510,250,24),(4834,799,138,34),(4835,2311,68,1),(4836,1922,282,12),(4837,719,102,7),(4838,511,133,8),(4839,1948,98,9),(4840,2017,215,34),(4841,2443,237,3),(4842,2993,334,13),(4843,2662,361,14),(4844,1029,279,9),(4845,2874,407,32),(4846,1340,383,15),(4847,593,199,33),(4848,372,431,15),(4849,151,31,27),(4850,1625,133,11),(4851,1577,185,30),(4852,1387,262,12),(4853,2266,223,34),(4854,2475,216,2),(4855,1592,189,15),(4856,2524,335,32),(4857,1442,48,7),(4858,792,85,25),(4859,1747,364,23),(4860,2286,274,3),(4861,1330,502,6),(4862,2404,475,2),(4863,585,20,25),(4864,803,362,6),(4865,1114,418,28),(4866,151,302,7),(4867,1097,370,34),(4868,1799,345,20),(4869,223,390,8),(4870,2740,360,10),(4871,1670,196,2),(4872,2280,387,22),(4873,1316,146,22),(4874,2428,35,34),(4875,277,90,4),(4876,799,255,5),(4877,1946,87,30),(4878,1738,232,29),(4879,717,129,4),(4880,2791,307,28),(4881,1770,349,3),(4882,2391,494,33),(4883,937,483,35),(4884,729,72,3),(4885,2704,167,16),(4886,2767,110,32),(4887,1221,507,9),(4888,260,253,7),(4889,1030,292,26),(4890,1452,455,31),(4891,971,420,13),(4892,241,124,8),(4893,1465,375,30),(4894,2309,392,33),(4895,2297,255,26),(4896,634,201,16),(4897,1484,345,6),(4898,2434,249,26),(4899,466,378,14),(4900,1778,408,13),(4901,2478,256,15),(4902,383,29,20),(4903,2708,256,3),(4904,2969,291,3),(4905,1742,207,10),(4906,991,38,2),(4907,342,371,17),(4908,2589,273,26),(4909,187,390,5),(4910,696,179,22),(4911,2465,104,35),(4912,168,467,31),(4913,220,137,35),(4914,1934,248,18),(4915,732,337,1),(4916,2432,322,14),(4917,950,153,33),(4918,1839,499,31),(4919,758,208,32),(4920,2990,423,4),(4921,2978,98,3),(4922,672,390,20),(4923,2260,437,27),(4924,899,128,8),(4925,2768,81,26),(4926,2749,262,25),(4927,970,507,1),(4928,2781,383,34),(4929,2482,210,1),(4930,1374,499,18),(4931,2919,33,12),(4932,582,91,8),(4933,932,320,4),(4934,696,111,12),(4935,1009,80,33),(4936,1420,234,31),(4937,799,323,30),(4938,2148,445,15),(4939,372,147,2),(4940,315,240,32),(4941,1208,420,1),(4942,1151,222,13),(4943,215,359,1),(4944,2296,49,23),(4945,63,493,16),(4946,492,426,29),(4947,2028,446,23),(4948,2385,282,33),(4949,1808,170,11),(4950,755,59,24),(4951,2242,365,13),(4952,2775,463,26),(4953,2845,481,26),(4954,234,156,30),(4955,988,322,19),(4956,2399,183,19),(4957,2847,203,20),(4958,256,438,15),(4959,1748,450,29),(4960,911,33,10),(4961,1813,178,16),(4962,2690,109,27),(4963,560,331,1),(4964,2862,164,9),(4965,1346,292,29),(4966,2198,266,8),(4967,2815,135,22),(4968,1183,366,1),(4969,698,504,26),(4970,2936,323,29),(4971,1635,367,21),(4972,2241,145,9),(4973,1638,353,10),(4974,1878,146,6),(4975,1202,375,7),(4976,549,232,25),(4977,173,447,11),(4978,468,216,20),(4979,2419,450,7),(4980,2045,160,33),(4981,938,412,12),(4982,1823,59,1),(4983,1948,444,20),(4984,918,10,9),(4985,2687,91,22),(4986,2637,237,14),(4987,1299,437,2),(4988,1489,295,16),(4989,484,243,12),(4990,2638,118,33),(4991,2204,473,30),(4992,2294,199,33),(4993,1160,240,26),(4994,2513,153,33),(4995,2669,247,12),(4996,2462,294,14),(4997,2187,374,34),(4998,834,106,4),(4999,1823,336,2),(5000,1773,112,33),(5001,791,312,32),(5002,2699,305,25),(5003,1546,416,19),(5004,2728,463,14),(5005,624,383,14),(5006,1620,28,9),(5007,2502,328,33),(5008,2907,429,6),(5009,619,363,16),(5010,1891,41,2),(5011,739,343,10),(5012,209,212,22),(5013,878,215,25),(5014,2183,485,17),(5015,569,376,27),(5016,916,454,12),(5017,2730,184,35),(5018,3003,264,24),(5019,1349,445,26),(5020,362,197,10),(5021,449,83,4),(5022,1854,213,4),(5023,2635,96,6),(5024,1378,358,6),(5025,2654,50,19),(5026,363,175,34),(5027,485,154,21),(5028,1060,110,13),(5029,1824,373,26),(5030,2638,405,26),(5031,322,57,23),(5032,1099,274,19),(5033,1934,49,15),(5034,1778,258,12),(5035,532,489,26),(5036,803,425,34),(5037,2283,27,4),(5038,715,378,15),(5039,1860,8,14),(5040,1438,460,3),(5041,2200,179,3),(5042,1196,377,16),(5043,877,205,13),(5044,2398,401,10),(5045,2446,58,11),(5046,269,157,25),(5047,2629,73,17),(5048,1018,403,18),(5049,1023,275,4),(5050,2022,31,2),(5051,3006,160,33),(5052,2787,126,14),(5053,2468,358,21),(5054,238,192,16),(5055,1181,461,20),(5056,1906,426,9),(5057,1416,380,28),(5058,1516,286,3),(5059,970,317,22),(5060,1842,401,15),(5061,469,141,12),(5062,2060,44,19),(5063,2973,309,21),(5064,342,297,4),(5065,2599,413,35),(5066,1332,327,32),(5067,2631,64,19),(5068,71,426,8),(5069,2858,144,10),(5070,3001,233,23),(5071,98,232,28),(5072,1088,162,3),(5073,976,447,26),(5074,2609,301,24),(5075,1605,239,29),(5076,2185,177,21),(5077,2127,80,8),(5078,271,116,1),(5079,159,389,29),(5080,475,481,12),(5081,1681,84,27),(5082,2516,262,19),(5083,1782,36,27),(5084,2871,474,10),(5085,1264,470,14),(5086,1884,204,17),(5087,203,83,7),(5088,2731,147,27),(5089,2287,88,18),(5090,2586,488,21),(5091,259,163,8),(5092,2226,489,26),(5093,740,442,23),(5094,2032,123,27),(5095,1739,300,28),(5096,535,412,14),(5097,1183,419,25),(5098,105,382,14),(5099,753,278,5),(5100,769,262,34),(5101,2126,204,8),(5102,2748,382,34),(5103,1709,116,16),(5104,1208,488,28),(5105,1910,76,7),(5106,1782,191,17),(5107,2461,137,5),(5108,2591,204,23),(5109,1991,19,13),(5110,1112,266,24),(5111,983,159,26),(5112,808,490,25),(5113,600,311,18),(5114,524,303,33),(5115,137,323,25),(5116,1686,123,27),(5117,261,440,35),(5118,68,12,9),(5119,330,45,11),(5120,934,350,2),(5121,1866,139,25),(5122,618,362,14),(5123,2139,469,1),(5124,1774,75,30),(5125,2207,295,6),(5126,2093,371,34),(5127,2002,378,9),(5128,699,121,34),(5129,2189,114,1),(5130,394,115,6),(5131,1940,135,21),(5132,180,497,6),(5133,231,316,6),(5134,2123,153,22),(5135,1425,441,25),(5136,2147,356,9),(5137,2476,481,23),(5138,2418,486,4),(5139,2317,337,6),(5140,1367,129,2),(5141,283,29,9),(5142,1982,269,16),(5143,643,196,27),(5144,2762,254,26),(5145,299,23,1),(5146,127,154,3),(5147,2445,37,34),(5148,638,63,14),(5149,1508,470,14),(5150,313,475,27),(5151,448,199,29),(5152,67,377,9),(5153,819,329,1),(5154,1857,287,35),(5155,712,127,13),(5156,2087,308,35),(5157,1072,376,6),(5158,2609,412,35),(5159,2394,301,7),(5160,65,435,5),(5161,1902,336,27),(5162,263,224,13),(5163,418,479,25),(5164,1035,269,20),(5165,1409,16,23),(5166,1586,232,24),(5167,494,270,24),(5168,1857,492,20),(5169,995,11,4),(5170,625,50,21),(5171,2523,106,4),(5172,189,362,14),(5173,540,417,34),(5174,530,293,33),(5175,1870,464,18),(5176,1562,256,22),(5177,2830,480,11),(5178,496,280,33),(5179,900,497,20),(5180,2579,490,25),(5181,2350,428,23),(5182,2071,473,1),(5183,104,382,32),(5184,2217,211,7),(5185,49,435,8),(5186,11,304,8),(5187,1248,257,24),(5188,766,212,24),(5189,137,81,30),(5190,2184,269,20),(5191,1123,333,21),(5192,669,237,27),(5193,2079,80,4),(5194,2017,490,35),(5195,92,23,11),(5196,187,495,29),(5197,1084,131,2),(5198,2378,488,23),(5199,2297,328,16),(5200,1148,460,2),(5201,2520,118,13),(5202,2015,46,27),(5203,1431,479,14),(5204,143,389,3),(5205,52,189,13),(5206,12,494,13),(5207,1191,335,27),(5208,1289,148,30),(5209,51,414,31),(5210,9,373,13),(5211,1955,410,33),(5212,233,117,27),(5213,2181,211,28),(5214,2626,338,14),(5215,2401,400,27),(5216,139,426,5),(5217,2327,184,9),(5218,1089,181,22),(5219,1513,60,22),(5220,1939,406,14),(5221,1341,330,13),(5222,2789,105,9),(5223,2230,452,16),(5224,1458,172,35),(5225,2605,452,3),(5226,1128,99,4),(5227,1672,341,17),(5228,30,378,35),(5229,2714,445,6),(5230,1748,233,34),(5231,2166,462,20),(5232,2747,69,27),(5233,1889,175,21),(5234,2110,355,1),(5235,1178,245,2),(5236,16,279,5),(5237,2754,365,22),(5238,735,45,29),(5239,1532,272,32),(5240,1268,326,2),(5241,1531,28,14),(5242,2412,69,10),(5243,556,290,11),(5244,768,326,2),(5245,2212,131,32),(5246,2966,179,5),(5247,1373,146,25),(5248,1456,106,29),(5249,1431,472,6),(5250,321,338,29),(5251,2145,74,6),(5252,725,217,29),(5253,677,16,16),(5254,667,222,18),(5255,2995,362,24),(5256,2079,41,34),(5257,1616,294,14),(5258,1096,422,29),(5259,536,293,29),(5260,1564,445,14),(5261,753,187,17),(5262,1052,65,21),(5263,449,316,35),(5264,1620,138,5),(5265,379,283,24),(5266,1005,178,10),(5267,1128,307,29),(5268,2074,419,28),(5269,1293,298,11),(5270,236,120,24),(5271,2224,427,30),(5272,1312,116,1),(5273,1486,346,22),(5274,883,124,12),(5275,2703,435,32),(5276,2302,152,12),(5277,2914,221,17),(5278,1082,186,19),(5279,2067,99,35),(5280,513,185,12),(5281,2162,120,27),(5282,310,334,32),(5283,143,53,34),(5284,2857,39,29),(5285,1641,365,34),(5286,926,122,5),(5287,468,430,2),(5288,1767,156,12),(5289,1735,317,32),(5290,2226,66,20),(5291,2851,418,22),(5292,849,76,30),(5293,799,504,2),(5294,958,153,35),(5295,2749,379,8),(5296,1171,307,2),(5297,646,178,31),(5298,1726,493,6),(5299,1163,30,15),(5300,615,175,6),(5301,25,298,18),(5302,1109,249,20),(5303,1527,292,27),(5304,315,409,6),(5305,1744,71,5),(5306,2088,128,28),(5307,2422,295,31),(5308,1235,342,4),(5309,2951,306,17),(5310,269,106,21),(5311,213,75,25),(5312,1291,342,7),(5313,2080,45,15),(5314,2428,119,14),(5315,359,370,16),(5316,817,348,11),(5317,491,81,25),(5318,2943,428,31),(5319,1681,116,5),(5320,10,309,18),(5321,1259,189,31),(5322,261,46,21),(5323,2118,95,18),(5324,2384,85,9),(5325,1078,124,19),(5326,842,341,28),(5327,210,338,16),(5328,2028,98,23),(5329,2733,107,27),(5330,1898,463,3),(5331,1521,97,27),(5332,705,383,18),(5333,569,373,2),(5334,1315,415,13),(5335,2134,301,19),(5336,279,282,10),(5337,2337,17,23),(5338,1600,206,25),(5339,290,296,29),(5340,279,406,15),(5341,2909,305,17),(5342,2380,96,18),(5343,2251,418,32),(5344,1280,476,13),(5345,910,422,9),(5346,683,219,10),(5347,1707,445,22),(5348,1746,79,22),(5349,2344,382,23),(5350,887,235,34),(5351,2979,90,24),(5352,2838,306,5),(5353,923,155,20),(5354,2261,92,35),(5355,2233,417,2),(5356,512,137,20),(5357,1338,208,32),(5358,34,468,32),(5359,430,12,3),(5360,1552,298,2),(5361,1342,130,25),(5362,193,438,13),(5363,2270,289,15),(5364,1004,25,31),(5365,151,346,15),(5366,481,183,23),(5367,2598,242,34),(5368,1979,123,25),(5369,1342,136,18),(5370,2084,292,12),(5371,2458,24,31),(5372,261,39,11),(5373,122,304,28),(5374,1575,176,16),(5375,2192,314,18),(5376,1758,369,30),(5377,550,288,4),(5378,638,382,33),(5379,2843,141,20),(5380,432,380,14),(5381,1960,103,12),(5382,57,279,23),(5383,2167,176,18),(5384,2773,56,10),(5385,960,92,33),(5386,1035,291,7),(5387,2861,493,26),(5388,92,63,28),(5389,1772,318,4),(5390,2042,38,11),(5391,559,168,12),(5392,1042,338,20),(5393,86,486,13),(5394,2056,159,23),(5395,1613,24,22),(5396,825,397,26),(5397,1843,459,27),(5398,1341,47,31),(5399,585,291,10),(5400,2980,85,22),(5401,62,331,10),(5402,2450,354,29),(5403,411,331,8),(5404,2305,293,10),(5405,1222,265,14),(5406,2457,259,32),(5407,712,375,17),(5408,2008,316,3),(5409,2098,28,27),(5410,2994,303,19),(5411,2723,95,7),(5412,1469,448,27),(5413,2887,270,16),(5414,1695,440,14),(5415,2776,394,31),(5416,1361,443,19),(5417,23,211,25),(5418,2694,79,9),(5419,2083,435,33),(5420,1938,429,2),(5421,2286,70,27),(5422,1024,248,20),(5423,2908,226,9),(5424,322,294,33),(5425,1347,36,11),(5426,1828,139,18),(5427,2120,73,31),(5428,2393,350,35),(5429,1487,408,8),(5430,279,472,32),(5431,2342,27,3),(5432,447,348,8),(5433,1237,436,15),(5434,1820,220,31),(5435,1906,84,5),(5436,2761,413,4),(5437,1200,310,13),(5438,26,163,22),(5439,2399,313,29),(5440,333,182,19),(5441,1074,166,4),(5442,1817,128,25),(5443,634,421,25),(5444,1338,219,24),(5445,787,200,25),(5446,2018,32,27),(5447,2356,342,18),(5448,295,175,10),(5449,1437,441,33),(5450,288,80,22),(5451,1562,28,8),(5452,2065,426,29),(5453,2846,100,18),(5454,873,185,9),(5455,1707,61,27),(5456,1998,160,18),(5457,937,449,27),(5458,1570,372,17),(5459,2291,45,25),(5460,248,264,28),(5461,221,152,34),(5462,442,297,21),(5463,2034,183,34),(5464,2282,376,17),(5465,2272,208,34),(5466,2320,449,26),(5467,2415,212,11),(5468,360,405,10),(5469,1725,350,25),(5470,1995,136,8),(5471,2411,362,33),(5472,793,271,34),(5473,670,198,11),(5474,1062,306,19),(5475,1222,315,30),(5476,1883,275,25),(5477,1941,444,5),(5478,1350,293,32),(5479,2583,447,5),(5480,1230,279,28),(5481,43,42,4),(5482,1919,157,7),(5483,612,404,24),(5484,558,26,6),(5485,2803,196,16),(5486,2961,80,32),(5487,2203,92,25),(5488,1648,89,8),(5489,2972,451,16),(5490,321,123,32),(5491,1653,43,1),(5492,1620,90,12),(5493,1847,79,32),(5494,2713,199,4),(5495,112,61,10),(5496,1041,374,26),(5497,584,135,16),(5498,508,54,35),(5499,9,314,26),(5500,1544,288,7),(5501,1812,371,11),(5502,2196,113,5),(5503,345,33,32),(5504,1730,281,12),(5505,256,503,12),(5506,2584,194,25),(5507,2292,390,13),(5508,219,471,24),(5509,25,306,28),(5510,1806,180,3),(5511,1552,410,1),(5512,1466,43,20),(5513,2273,27,24),(5514,621,379,15),(5515,2639,442,15),(5516,1747,13,16),(5517,958,426,12),(5518,2736,280,32),(5519,2654,325,28),(5520,147,304,11),(5521,2701,334,19),(5522,1326,78,23),(5523,1735,397,23),(5524,1165,457,19),(5525,1474,196,32),(5526,2135,478,18),(5527,2620,282,12),(5528,2263,462,31),(5529,2235,285,12),(5530,187,232,11),(5531,1508,253,12),(5532,2135,195,24),(5533,1652,28,19),(5534,1726,409,28),(5535,902,264,14),(5536,2792,365,31),(5537,37,322,28),(5538,2435,305,13),(5539,1488,470,27),(5540,908,275,1),(5541,2765,169,7),(5542,676,147,2),(5543,1562,164,11),(5544,1263,245,6),(5545,682,421,14),(5546,2125,431,20),(5547,1814,315,26),(5548,1612,128,10),(5549,2785,109,28),(5550,1950,124,31),(5551,2523,88,25),(5552,2890,46,22),(5553,678,121,34),(5554,2113,266,3),(5555,1234,203,34),(5556,1338,437,7),(5557,2813,401,21),(5558,1568,272,25),(5559,1366,177,11),(5560,1842,168,21),(5561,495,74,27),(5562,1950,325,17),(5563,812,24,26),(5564,2289,196,22),(5565,2134,319,34),(5566,2889,359,22),(5567,1854,505,6),(5568,719,461,27),(5569,2073,38,21),(5570,1488,376,22),(5571,2163,150,25),(5572,2697,427,32),(5573,463,449,23),(5574,400,346,25),(5575,138,472,3),(5576,2388,171,30),(5577,122,149,35),(5578,1268,104,31),(5579,381,445,35),(5580,675,346,17),(5581,2533,440,14),(5582,2805,227,22),(5583,1864,251,12),(5584,1686,42,34),(5585,1589,465,32),(5586,695,481,22),(5587,2468,281,24),(5588,592,316,16),(5589,341,235,28),(5590,2062,441,17),(5591,1846,473,32),(5592,985,502,24),(5593,1577,481,26),(5594,13,243,25),(5595,2288,337,15),(5596,1984,180,3),(5597,585,78,7),(5598,2904,212,25),(5599,1757,255,10),(5600,1426,464,32),(5601,2412,438,4),(5602,2682,394,26),(5603,1886,299,28),(5604,1547,491,21),(5605,1881,43,22),(5606,2964,43,35),(5607,2548,328,22),(5608,1452,110,20),(5609,812,403,31),(5610,2787,34,14),(5611,2889,347,3),(5612,554,208,13),(5613,2848,130,31),(5614,963,309,25),(5615,1798,99,14),(5616,2358,231,5),(5617,1134,274,7),(5618,1232,72,35),(5619,1294,266,28),(5620,2191,156,11),(5621,164,80,25),(5622,1563,92,14),(5623,1354,184,16),(5624,1197,317,21),(5625,1231,257,7),(5626,123,417,23),(5627,2837,419,28),(5628,2149,135,24),(5629,2388,416,33),(5630,2133,160,20),(5631,878,476,29),(5632,263,295,4),(5633,568,166,22),(5634,2139,465,21),(5635,1893,174,19),(5636,1954,485,33),(5637,153,313,21),(5638,287,413,10),(5639,1519,306,7),(5640,725,437,8),(5641,158,339,29),(5642,1569,89,3),(5643,712,121,20),(5644,858,162,19),(5645,790,278,35),(5646,998,373,19),(5647,2024,401,34),(5648,876,25,31),(5649,1972,18,29),(5650,204,289,29),(5651,979,179,35),(5652,2184,157,20),(5653,2357,133,20),(5654,2419,395,32),(5655,1616,99,7),(5656,455,381,14),(5657,712,354,7),(5658,2826,191,5),(5659,1264,355,28),(5660,1209,456,4),(5661,217,250,34),(5662,2557,196,11),(5663,1128,481,19),(5664,1329,169,15),(5665,1413,504,14),(5666,1180,26,13),(5667,495,301,15),(5668,255,153,34),(5669,237,223,22),(5670,2929,183,13),(5671,1365,357,25),(5672,2265,420,27),(5673,736,370,26),(5674,1191,342,27),(5675,1061,56,29),(5676,1965,388,6),(5677,965,218,18),(5678,1888,234,34),(5679,2015,413,2),(5680,950,256,24),(5681,943,297,6),(5682,2562,43,31),(5683,719,464,25),(5684,1481,353,31),(5685,599,256,15),(5686,2723,275,24),(5687,1336,504,25),(5688,2859,452,11),(5689,2219,208,34),(5690,1385,176,7),(5691,470,88,8),(5692,2277,320,26),(5693,263,70,10),(5694,213,284,10),(5695,1975,39,3),(5696,1152,269,5),(5697,1656,68,21),(5698,1854,157,14),(5699,814,120,18),(5700,2221,213,28),(5701,1569,229,31),(5702,2415,16,21),(5703,1739,31,26),(5704,1622,396,7),(5705,2801,361,24),(5706,1309,217,25),(5707,772,340,11),(5708,630,436,24),(5709,1363,180,35),(5710,649,211,28),(5711,474,35,8),(5712,2328,319,3),(5713,2331,65,20),(5714,2700,425,20),(5715,2086,469,12),(5716,1335,465,33),(5717,1733,116,25),(5718,2176,297,15),(5719,360,319,33),(5720,535,182,23),(5721,2816,30,30),(5722,202,324,22),(5723,2077,302,16),(5724,2325,483,8),(5725,2887,202,10),(5726,1655,504,16),(5727,1297,281,20),(5728,1752,328,13),(5729,1374,91,28),(5730,116,449,16),(5731,1340,329,15),(5732,1730,75,31),(5733,346,232,25),(5734,2082,135,22),(5735,56,137,33),(5736,507,294,18),(5737,2410,23,27),(5738,2191,288,31),(5739,1707,93,32),(5740,2569,276,23),(5741,512,174,16),(5742,1016,110,35),(5743,399,413,5),(5744,218,120,16),(5745,2324,140,17),(5746,1535,50,2),(5747,941,410,3),(5748,810,16,24),(5749,877,294,5),(5750,1284,418,22),(5751,1161,255,6),(5752,2308,31,34),(5753,227,55,12),(5754,2708,66,29),(5755,2430,62,17),(5756,785,259,22),(5757,979,18,28),(5758,2888,142,6),(5759,939,348,26),(5760,854,347,17),(5761,2536,40,14),(5762,2383,179,2),(5763,319,191,25),(5764,373,415,15),(5765,2901,251,20),(5766,1547,150,20),(5767,819,288,8),(5768,167,419,1),(5769,1060,100,11),(5770,720,170,13),(5771,810,118,15),(5772,2516,297,13),(5773,2492,318,30),(5774,2666,255,34),(5775,1124,192,33),(5776,1078,370,18),(5777,1824,16,20),(5778,1347,302,28),(5779,2577,377,19),(5780,2709,129,34),(5781,852,283,1),(5782,1035,289,2),(5783,708,296,16),(5784,2424,198,15),(5785,257,42,24),(5786,523,246,29),(5787,992,216,8),(5788,2179,268,4),(5789,2610,267,34),(5790,48,147,1),(5791,2502,241,32),(5792,2149,251,4),(5793,285,112,23),(5794,929,60,29),(5795,2876,313,6),(5796,2708,463,9),(5797,398,294,19),(5798,2262,230,5),(5799,2483,210,33),(5800,545,444,33),(5801,13,46,3),(5802,1904,202,10),(5803,944,262,18),(5804,742,160,10),(5805,2968,57,21),(5806,221,397,26),(5807,1658,449,17),(5808,3008,50,31),(5809,1992,324,26),(5810,1605,452,23),(5811,295,467,20),(5812,932,497,31),(5813,2363,112,31),(5814,2650,469,24),(5815,725,368,14),(5816,2558,387,23),(5817,2039,443,10),(5818,31,20,19),(5819,280,488,6),(5820,786,369,21),(5821,566,161,2),(5822,580,456,26),(5823,863,279,21),(5824,1947,77,16),(5825,671,420,10),(5826,1372,260,2),(5827,346,306,21),(5828,1869,268,11),(5829,2066,294,18),(5830,895,252,27),(5831,2968,265,2),(5832,437,451,26),(5833,2433,246,12),(5834,524,48,18),(5835,1779,128,22),(5836,2978,10,11),(5837,2551,273,29),(5838,2926,162,21),(5839,2766,486,28),(5840,2567,143,11),(5841,2946,38,27),(5842,2914,68,13),(5843,1388,56,20),(5844,58,125,11),(5845,334,77,16),(5846,2137,319,34),(5847,2579,226,8),(5848,2679,49,35),(5849,321,252,33),(5850,225,479,16),(5851,505,277,2),(5852,2738,416,26),(5853,1800,467,2),(5854,500,500,6),(5855,901,505,15),(5856,2017,126,7),(5857,1955,15,21),(5858,910,71,23),(5859,22,281,10),(5860,103,309,11),(5861,2281,415,24),(5862,440,458,9),(5863,1648,67,3),(5864,1220,306,29),(5865,2439,312,21),(5866,2339,390,34),(5867,460,267,6),(5868,2381,243,29),(5869,1895,183,28),(5870,959,48,6),(5871,1914,356,19),(5872,2673,96,4),(5873,1815,215,25),(5874,1407,423,26),(5875,640,120,11),(5876,1132,202,6),(5877,2942,19,6),(5878,1535,371,9),(5879,1234,178,8),(5880,533,338,34),(5881,347,147,21),(5882,857,267,21),(5883,2774,252,11),(5884,965,391,30),(5885,756,91,11),(5886,1164,423,19),(5887,2918,308,25),(5888,1110,326,29),(5889,1457,179,14),(5890,2988,142,1),(5891,2763,203,16),(5892,1145,72,10),(5893,2283,84,20),(5894,1390,26,3),(5895,2866,244,12),(5896,228,122,26),(5897,2140,360,16),(5898,1103,149,32),(5899,702,249,35),(5900,1306,269,20),(5901,482,255,8),(5902,1627,469,4),(5903,2114,207,10),(5904,801,111,9),(5905,1118,389,22),(5906,2954,35,32),(5907,349,481,11),(5908,1164,305,1),(5909,1676,131,5),(5910,2481,268,29),(5911,387,339,28),(5912,1975,68,23),(5913,1470,57,12),(5914,2112,407,21),(5915,406,56,4),(5916,1765,497,27),(5917,1394,388,17),(5918,733,89,23),(5919,2261,422,5),(5920,2395,241,4),(5921,723,236,32),(5922,567,150,6),(5923,225,392,12),(5924,459,318,24),(5925,58,29,19),(5926,340,22,10),(5927,553,187,17),(5928,232,145,30),(5929,280,354,30),(5930,2888,113,22),(5931,2620,157,2),(5932,2006,66,32),(5933,265,87,24),(5934,1279,438,12),(5935,1889,44,27),(5936,1862,141,28),(5937,253,331,35),(5938,707,91,21),(5939,459,394,22),(5940,879,101,20),(5941,2356,76,18),(5942,2124,187,29),(5943,892,169,31),(5944,2221,135,6),(5945,2034,190,30),(5946,1943,418,14),(5947,2030,283,19),(5948,781,45,12),(5949,328,223,18),(5950,1145,278,33),(5951,1805,211,34),(5952,1996,453,18),(5953,2434,120,6),(5954,1331,292,18),(5955,905,22,13),(5956,2182,504,26),(5957,2977,435,32),(5958,2140,265,33),(5959,1594,323,17),(5960,230,361,11),(5961,515,487,34),(5962,2632,402,4),(5963,662,419,10),(5964,2418,492,23),(5965,78,64,31),(5966,690,12,33),(5967,639,27,10),(5968,670,139,25),(5969,1982,254,10),(5970,1324,230,34),(5971,150,23,25),(5972,2290,392,15),(5973,2863,358,28),(5974,658,386,26),(5975,764,181,3),(5976,444,120,9),(5977,754,109,10),(5978,2077,270,28),(5979,889,417,13),(5980,1755,502,26),(5981,2594,181,2),(5982,2838,12,12),(5983,647,440,23),(5984,1898,257,31),(5985,1425,65,2),(5986,1752,28,17),(5987,1304,174,3),(5988,2757,159,4),(5989,1759,324,10),(5990,2452,132,31),(5991,2396,30,15),(5992,1535,227,10),(5993,1459,420,9),(5994,1193,202,22),(5995,2300,489,34),(5996,1708,156,28),(5997,2566,135,16),(5998,2529,273,19),(5999,1722,247,12),(6000,1472,137,11),(6001,1944,46,29),(6002,460,314,12),(6003,1649,461,20),(6004,2684,408,16),(6005,1304,184,29),(6006,1336,176,8),(6007,2002,503,14),(6008,1539,161,30),(6009,736,59,27),(6010,955,322,19),(6011,2868,471,9),(6012,2431,298,25),(6013,1481,25,23),(6014,884,226,16),(6015,480,332,14),(6016,1248,73,15),(6017,1747,367,23),(6018,1529,125,28),(6019,696,126,30),(6020,2226,275,9),(6021,2568,14,34),(6022,1291,40,35),(6023,2458,41,30),(6024,1006,427,6),(6025,70,259,33),(6026,514,15,1),(6027,1894,12,20),(6028,1722,259,9),(6029,1729,317,31),(6030,2125,29,28),(6031,2557,12,20),(6032,2385,325,27),(6033,722,212,14),(6034,528,23,30),(6035,2334,497,5),(6036,90,54,25),(6037,367,53,20),(6038,74,400,20),(6039,281,198,7),(6040,1501,33,23),(6041,1944,275,17),(6042,1071,349,16),(6043,2952,45,34),(6044,1154,159,16),(6045,1931,255,22),(6046,497,474,34),(6047,74,348,31),(6048,1594,119,28),(6049,1865,375,8),(6050,1553,277,7),(6051,311,265,19),(6052,2610,468,28),(6053,2252,348,7),(6054,2402,176,24),(6055,825,258,18),(6056,2744,110,3),(6057,2939,403,33),(6058,1534,494,29),(6059,1035,292,33),(6060,2031,178,22),(6061,1416,28,2),(6062,1327,396,22),(6063,635,481,24),(6064,1651,55,2),(6065,2770,56,11),(6066,2302,163,32),(6067,1113,213,13),(6068,22,467,16),(6069,1198,148,18),(6070,940,444,18),(6071,1988,349,24),(6072,1768,399,28),(6073,557,77,15),(6074,2878,443,23),(6075,1466,390,25),(6076,842,119,10),(6077,1722,231,34),(6078,1789,265,17),(6079,1946,109,29),(6080,1624,362,18),(6081,1764,105,33),(6082,2227,283,5),(6083,2494,222,5),(6084,2198,228,2),(6085,1164,225,11),(6086,2148,118,4),(6087,623,419,16),(6088,1483,444,23),(6089,198,320,25),(6090,1585,306,9),(6091,2939,352,32),(6092,1578,127,16),(6093,2646,220,30),(6094,1931,473,11),(6095,2040,148,6),(6096,528,460,5),(6097,1952,443,15),(6098,1100,410,4),(6099,328,105,12),(6100,2704,122,20),(6101,1066,117,30),(6102,1955,381,18),(6103,2182,244,3),(6104,1458,348,31),(6105,636,179,8),(6106,1537,378,12),(6107,830,352,27),(6108,1539,318,23),(6109,542,502,9),(6110,965,184,17),(6111,1992,355,35),(6112,2419,182,22),(6113,555,172,26),(6114,2271,414,29),(6115,116,417,33),(6116,653,43,16),(6117,2578,342,31),(6118,195,138,12),(6119,2922,484,22),(6120,2800,187,33),(6121,966,215,18),(6122,147,77,15),(6123,2223,435,25),(6124,1492,77,35),(6125,674,392,34),(6126,456,306,19),(6127,309,237,20),(6128,576,436,18),(6129,1760,348,6),(6130,2822,322,18),(6131,394,216,19),(6132,1156,46,28),(6133,2957,139,35),(6134,2165,52,19),(6135,2421,83,29),(6136,1015,270,6),(6137,759,354,9),(6138,578,162,29),(6139,2196,443,9),(6140,2109,482,30),(6141,1618,373,12),(6142,1210,16,21),(6143,234,454,23),(6144,1485,263,32),(6145,2760,389,13),(6146,168,307,34),(6147,1535,77,9),(6148,2747,398,34),(6149,2205,129,9),(6150,683,207,3),(6151,1481,486,29),(6152,930,385,27),(6153,1829,32,29),(6154,529,199,22),(6155,11,310,25),(6156,2926,202,12),(6157,502,72,22),(6158,1479,340,23),(6159,2299,415,10),(6160,2474,365,34),(6161,2237,231,11),(6162,294,338,17),(6163,2413,292,10),(6164,36,251,16),(6165,2377,333,16),(6166,2873,372,12),(6167,931,30,17),(6168,1128,134,26),(6169,1495,395,31),(6170,2770,221,14),(6171,1602,78,8),(6172,2670,455,15),(6173,1124,253,19),(6174,1412,184,18),(6175,723,29,33),(6176,574,399,9),(6177,2632,72,27),(6178,2624,61,21),(6179,2838,288,5),(6180,2651,302,9),(6181,1656,309,11),(6182,2721,112,11),(6183,2281,10,30),(6184,559,216,28),(6185,2219,161,19),(6186,2637,501,33),(6187,2651,414,22),(6188,129,277,14),(6189,2793,400,24),(6190,1691,362,30),(6191,1914,469,14),(6192,1237,471,10),(6193,2242,435,17),(6194,1594,428,17),(6195,255,128,34),(6196,101,95,13),(6197,1997,254,10),(6198,2367,500,13),(6199,1500,151,4),(6200,2624,474,35),(6201,623,20,11),(6202,2944,344,30),(6203,2786,244,33),(6204,1015,470,26),(6205,271,359,17),(6206,1634,358,1),(6207,2513,94,17),(6208,2541,329,22),(6209,2429,241,9),(6210,2322,389,33),(6211,2775,300,17),(6212,1494,137,28),(6213,1027,146,21),(6214,897,139,7),(6215,2764,140,16),(6216,1133,222,5),(6217,2705,196,31),(6218,707,373,6),(6219,2175,53,4),(6220,910,222,9),(6221,2884,204,9),(6222,1296,54,16),(6223,2456,172,3),(6224,804,437,29),(6225,618,45,10),(6226,2593,79,2),(6227,1093,131,9),(6228,106,46,1),(6229,1863,100,12),(6230,2645,444,1),(6231,1819,331,35),(6232,1569,197,21),(6233,2104,62,22),(6234,154,450,35),(6235,2261,187,19),(6236,1659,154,11),(6237,3004,129,8),(6238,903,461,13),(6239,2582,347,30),(6240,2337,187,3),(6241,1029,268,30),(6242,2190,53,17),(6243,392,297,26),(6244,425,505,18),(6245,1305,366,21),(6246,1945,335,29),(6247,1988,194,10),(6248,2739,108,5),(6249,1248,103,18),(6250,1383,446,31),(6251,557,445,19),(6252,2029,165,21),(6253,872,379,10),(6254,2040,208,32),(6255,1473,11,28),(6256,693,205,14),(6257,1511,134,33),(6258,1098,239,29),(6259,1330,350,28),(6260,722,450,15),(6261,1274,60,8),(6262,856,261,6),(6263,1093,384,25),(6264,1626,361,1),(6265,2775,336,4),(6266,1850,33,15),(6267,1110,350,4),(6268,95,503,19),(6269,604,131,11),(6270,1291,474,23),(6271,1457,53,2),(6272,1647,365,10),(6273,2037,434,22),(6274,83,14,13),(6275,538,465,30),(6276,502,430,9),(6277,1521,258,17),(6278,1471,181,1),(6279,2667,241,17),(6280,2334,77,24),(6281,1111,213,21),(6282,281,131,8),(6283,2204,458,34),(6284,2226,306,25),(6285,312,235,25),(6286,1691,460,2),(6287,2165,99,31),(6288,1591,453,21),(6289,2310,385,9),(6290,2431,486,16),(6291,1010,206,26),(6292,2239,231,23),(6293,1538,414,23),(6294,2302,157,20),(6295,644,352,29),(6296,2268,80,1),(6297,2603,41,22),(6298,895,432,11),(6299,2254,474,13),(6300,2303,155,24),(6301,2975,258,18),(6302,601,300,32),(6303,1209,451,31),(6304,1035,96,18),(6305,1910,489,20),(6306,1090,355,27),(6307,1572,480,15),(6308,2298,327,35),(6309,1905,440,3),(6310,2521,134,22),(6311,169,458,13),(6312,2522,390,29),(6313,1478,293,34),(6314,100,180,4),(6315,68,430,18),(6316,826,283,9),(6317,1700,378,2),(6318,13,468,20),(6319,2339,427,7),(6320,2981,420,8),(6321,2620,33,18),(6322,2468,10,15),(6323,2165,415,12),(6324,1344,270,4),(6325,2102,256,30),(6326,880,432,4),(6327,1380,305,23),(6328,111,120,9),(6329,284,53,6),(6330,761,69,35),(6331,1940,218,20),(6332,2830,487,21),(6333,1152,503,23),(6334,2862,169,19),(6335,679,251,14),(6336,1590,420,33),(6337,956,262,34),(6338,2397,125,29),(6339,296,57,20),(6340,1409,332,32),(6341,2103,397,10),(6342,2680,229,21),(6343,1957,336,23),(6344,1118,185,31),(6345,1792,420,25),(6346,1027,172,14),(6347,2411,130,34),(6348,315,492,3),(6349,2762,325,6),(6350,959,307,29),(6351,2732,323,21),(6352,326,408,10),(6353,2022,158,13),(6354,2679,319,33),(6355,2117,74,6),(6356,1294,60,31),(6357,312,123,3),(6358,1465,387,34),(6359,1680,376,17),(6360,1206,319,28),(6361,751,384,26),(6362,1985,337,5),(6363,731,211,2),(6364,2587,401,25),(6365,314,24,27),(6366,2765,453,21),(6367,772,136,2),(6368,411,158,23),(6369,1295,363,5),(6370,3002,454,18),(6371,205,337,25),(6372,1074,105,18),(6373,1959,497,2),(6374,729,344,14),(6375,1597,323,2),(6376,1355,493,24),(6377,1754,102,10),(6378,2209,92,23),(6379,1763,189,7),(6380,341,157,32),(6381,320,331,9),(6382,2636,503,16),(6383,2637,16,35),(6384,2794,236,9),(6385,84,104,30),(6386,2832,337,8),(6387,1096,147,4),(6388,1879,41,18),(6389,2276,94,34),(6390,1593,132,8),(6391,767,150,34),(6392,2994,65,18),(6393,473,83,15),(6394,1039,502,32),(6395,1833,44,7),(6396,2761,77,9),(6397,1445,369,25),(6398,2196,143,10),(6399,2528,215,6),(6400,363,65,3),(6401,2055,505,15),(6402,1064,290,18),(6403,117,417,31),(6404,2167,446,24),(6405,2048,168,9),(6406,2765,143,12),(6407,477,195,17),(6408,1832,338,10),(6409,2696,153,21),(6410,2410,269,10),(6411,964,312,34),(6412,554,188,31),(6413,1297,143,34),(6414,2315,499,20),(6415,715,431,27),(6416,585,385,9),(6417,2606,299,23),(6418,937,434,22),(6419,2682,282,28),(6420,2325,439,22),(6421,1273,195,10),(6422,2910,92,33),(6423,2156,476,13),(6424,2040,44,19),(6425,747,160,22),(6426,1849,81,17),(6427,22,14,16),(6428,1148,401,25),(6429,1682,345,32),(6430,1488,17,10),(6431,568,90,19),(6432,584,229,27),(6433,91,304,28),(6434,341,218,26),(6435,223,152,9),(6436,2318,482,4),(6437,1197,419,27),(6438,2265,489,10),(6439,424,363,8),(6440,2638,38,12),(6441,81,137,25),(6442,1948,363,18),(6443,586,379,28),(6444,1948,189,20),(6445,92,290,9),(6446,620,38,25),(6447,877,463,15),(6448,666,9,21),(6449,1960,368,16),(6450,2065,384,35),(6451,95,208,6),(6452,311,390,19),(6453,1351,238,10),(6454,2315,302,4),(6455,2344,169,4),(6456,895,30,9),(6457,1632,445,17),(6458,2871,10,14),(6459,2775,247,13),(6460,2428,421,10),(6461,1422,154,21),(6462,1449,194,11),(6463,361,110,20),(6464,176,243,22),(6465,2987,415,8),(6466,560,419,6),(6467,2507,245,35),(6468,2345,395,25),(6469,1009,400,19),(6470,98,487,27),(6471,515,38,25),(6472,736,248,34),(6473,1834,32,7),(6474,257,353,10),(6475,2339,498,1),(6476,2491,126,23),(6477,476,125,32),(6478,1894,477,18),(6479,1919,448,35),(6480,225,198,29),(6481,2929,498,35),(6482,309,256,30),(6483,2381,434,23),(6484,1706,464,23),(6485,2077,417,30),(6486,2921,51,35),(6487,2543,106,24),(6488,2344,183,1),(6489,532,366,9),(6490,645,438,28),(6491,2043,489,24),(6492,1825,82,27),(6493,624,122,29),(6494,1847,120,31),(6495,2273,376,24),(6496,1195,346,9),(6497,1094,503,9),(6498,1845,466,16),(6499,2836,13,23),(6500,709,152,22),(6501,923,334,26),(6502,1548,491,1),(6503,1071,310,8),(6504,121,467,17),(6505,514,354,31),(6506,2338,410,34),(6507,248,434,15),(6508,614,435,6),(6509,754,242,12),(6510,682,490,21),(6511,2694,254,12),(6512,1724,302,10),(6513,2477,418,18),(6514,1745,246,21),(6515,52,482,19),(6516,1857,445,1),(6517,2683,387,1),(6518,1853,128,31),(6519,2635,439,16),(6520,1733,194,25),(6521,2523,100,27),(6522,205,300,29),(6523,2896,255,11),(6524,2027,439,32),(6525,1627,431,20),(6526,1105,473,7),(6527,1328,495,25),(6528,1130,47,7),(6529,1361,441,4),(6530,480,148,3),(6531,2779,390,20),(6532,80,322,32),(6533,2962,234,32),(6534,2485,287,2),(6535,2949,429,2),(6536,1355,449,29),(6537,1923,318,22),(6538,235,472,5),(6539,2349,503,12),(6540,1790,151,21),(6541,2455,185,32),(6542,2265,491,14),(6543,1115,200,9),(6544,2973,117,33),(6545,2830,323,23),(6546,2459,280,25),(6547,2149,110,20),(6548,824,381,12),(6549,28,484,14),(6550,645,323,28),(6551,288,46,5),(6552,341,334,34),(6553,2216,422,22),(6554,932,284,26),(6555,2302,188,15),(6556,1387,248,23),(6557,2576,51,21),(6558,2779,109,34),(6559,124,405,20),(6560,2380,216,5),(6561,1283,186,7),(6562,1581,409,2),(6563,2998,84,11),(6564,1708,463,20),(6565,194,119,21),(6566,2106,192,19),(6567,2667,411,12),(6568,100,483,20),(6569,1582,425,15),(6570,1938,419,28),(6571,14,111,3),(6572,1080,377,9),(6573,1451,407,12),(6574,1557,38,35),(6575,2379,112,34),(6576,1072,403,7),(6577,2061,32,17),(6578,224,402,25),(6579,692,187,15),(6580,1900,67,33),(6581,766,467,9),(6582,2163,232,11),(6583,281,168,17),(6584,1408,53,10),(6585,1079,165,2),(6586,748,333,27),(6587,508,212,5),(6588,678,362,4),(6589,65,17,35),(6590,610,376,13),(6591,1308,134,29),(6592,768,446,31),(6593,1797,250,3),(6594,1010,410,33),(6595,478,352,8),(6596,707,162,5),(6597,127,101,16),(6598,1474,302,21),(6599,1818,480,12),(6600,1312,388,4),(6601,407,165,34),(6602,2776,214,28),(6603,2093,131,23),(6604,27,81,28),(6605,2756,80,8),(6606,1956,109,5),(6607,2785,270,14),(6608,2284,487,3),(6609,339,430,13),(6610,43,67,2),(6611,438,397,9),(6612,1939,108,4),(6613,2133,173,17),(6614,2412,303,25),(6615,2750,188,35),(6616,2883,228,10),(6617,1919,15,8),(6618,1640,353,13),(6619,1123,67,16),(6620,1505,308,18),(6621,667,289,17),(6622,2967,40,26),(6623,1133,401,21),(6624,367,303,10),(6625,1992,505,16),(6626,1465,440,24),(6627,876,258,28),(6628,1192,300,4),(6629,1881,236,5),(6630,2863,205,30),(6631,334,62,30),(6632,1572,507,2),(6633,2960,290,25),(6634,1490,240,17),(6635,1583,484,35),(6636,527,446,17),(6637,2084,223,9),(6638,1414,468,24),(6639,167,162,14),(6640,1737,362,10),(6641,1425,373,6),(6642,2567,99,7),(6643,1467,72,17),(6644,1786,328,8),(6645,2027,9,13),(6646,2067,417,12),(6647,2204,115,9),(6648,129,329,6),(6649,2103,82,25),(6650,1754,437,25),(6651,280,193,19),(6652,1913,280,16),(6653,2946,497,6),(6654,1950,337,3),(6655,1667,323,35),(6656,1290,292,35),(6657,1672,247,14),(6658,692,22,27),(6659,1322,317,7),(6660,2263,327,7),(6661,1982,470,18),(6662,1218,82,15),(6663,1748,293,27),(6664,1952,355,27),(6665,670,474,30),(6666,1628,19,27),(6667,356,459,13),(6668,2140,107,9),(6669,801,387,35),(6670,418,175,20),(6671,2955,335,9),(6672,1677,334,25),(6673,41,10,17),(6674,998,297,13),(6675,593,270,10),(6676,1241,14,5),(6677,763,105,11),(6678,1454,272,24),(6679,1624,391,19),(6680,296,507,22),(6681,2999,368,20),(6682,11,68,13),(6683,806,55,28),(6684,762,404,4),(6685,775,209,28),(6686,2348,288,23),(6687,474,215,7),(6688,493,217,14),(6689,554,31,2),(6690,1404,152,11),(6691,2600,295,18),(6692,871,42,7),(6693,705,300,12),(6694,2827,326,28),(6695,1387,474,35),(6696,1005,368,23),(6697,1709,73,22),(6698,875,242,19),(6699,422,269,29),(6700,1957,10,31),(6701,2215,452,34),(6702,1056,492,19),(6703,1944,165,28),(6704,534,98,35),(6705,2016,315,3),(6706,2068,319,21),(6707,479,284,26),(6708,607,161,19),(6709,186,133,19),(6710,1198,295,20),(6711,2618,402,15),(6712,1174,370,20),(6713,908,104,3),(6714,2281,345,10),(6715,2384,41,30),(6716,746,91,23),(6717,940,84,29),(6718,927,310,21),(6719,2156,463,8),(6720,2017,317,35),(6721,2106,473,33),(6722,438,20,35),(6723,2947,50,2),(6724,688,367,18),(6725,350,481,16),(6726,823,471,18),(6727,1467,478,32),(6728,78,133,31),(6729,2145,364,6),(6730,2142,303,29),(6731,1129,438,28),(6732,1740,71,11),(6733,2585,441,30),(6734,1730,33,24),(6735,1652,300,3),(6736,925,502,8),(6737,460,310,13),(6738,1810,140,26),(6739,1038,252,30),(6740,2114,343,34),(6741,1156,303,10),(6742,914,134,12),(6743,2809,141,25),(6744,583,232,19),(6745,1743,312,12),(6746,3003,467,8),(6747,1853,417,34),(6748,1884,148,26),(6749,1817,254,2),(6750,2424,275,12),(6751,648,144,9),(6752,2298,76,34),(6753,539,245,28),(6754,2507,231,13),(6755,1186,310,15),(6756,332,146,18),(6757,2549,9,35),(6758,2424,175,19),(6759,1801,444,22),(6760,1265,253,11),(6761,2524,452,5),(6762,417,229,13),(6763,2049,195,17),(6764,1810,248,5),(6765,1453,186,32),(6766,330,277,32),(6767,887,428,19),(6768,376,447,1),(6769,2949,91,35),(6770,640,504,4),(6771,278,359,20),(6772,2868,104,4),(6773,526,119,14),(6774,1629,78,7),(6775,2403,418,3),(6776,2906,420,33),(6777,2815,163,28),(6778,290,170,30),(6779,1973,216,24),(6780,1972,336,17),(6781,2986,214,1),(6782,1970,22,21),(6783,91,350,25),(6784,2316,309,19),(6785,1431,431,30),(6786,364,58,15),(6787,1935,331,23),(6788,1017,139,10),(6789,2710,199,6),(6790,717,273,2),(6791,2570,161,24),(6792,1904,76,31),(6793,477,56,30),(6794,2693,388,8),(6795,2877,130,15),(6796,1594,308,23),(6797,2186,370,22),(6798,1580,294,2),(6799,2948,424,14),(6800,157,329,7),(6801,2081,38,8),(6802,1863,121,12),(6803,62,46,13),(6804,2076,24,28),(6805,1157,83,17),(6806,2714,272,9),(6807,2763,98,23),(6808,838,314,2),(6809,1754,10,28),(6810,1514,111,10),(6811,2634,504,4),(6812,834,438,7),(6813,2365,503,15),(6814,686,474,8),(6815,129,90,2),(6816,1102,399,28),(6817,357,261,2),(6818,648,424,17),(6819,1332,411,11),(6820,1947,90,24),(6821,410,491,20),(6822,159,316,16),(6823,2099,114,35),(6824,2471,57,32),(6825,2566,471,26),(6826,63,239,26),(6827,825,411,32),(6828,52,123,13),(6829,2899,170,13),(6830,1743,477,20),(6831,2591,328,28),(6832,1563,249,30),(6833,2805,345,29),(6834,408,333,29),(6835,1807,472,35),(6836,1021,219,27),(6837,1077,180,3),(6838,1035,22,33),(6839,1869,77,33),(6840,526,169,13),(6841,1690,339,23),(6842,2231,214,13),(6843,912,213,1),(6844,248,112,32),(6845,185,37,16),(6846,2712,74,12),(6847,2860,338,33),(6848,769,314,11),(6849,1452,249,17),(6850,873,55,9),(6851,1518,367,5),(6852,243,369,3),(6853,2602,120,5),(6854,1438,370,16),(6855,1998,155,35),(6856,267,198,19),(6857,196,170,9),(6858,1517,154,25),(6859,1909,468,27),(6860,120,165,15),(6861,2002,368,16),(6862,2418,65,27),(6863,931,74,5),(6864,1837,140,6),(6865,2162,315,35),(6866,1796,93,9),(6867,728,260,3),(6868,2154,317,1),(6869,670,91,10),(6870,889,350,23),(6871,567,338,18),(6872,2721,381,30),(6873,2830,16,29),(6874,441,59,25),(6875,1065,482,33),(6876,2533,447,32),(6877,1603,81,25),(6878,1591,336,11),(6879,1801,346,35),(6880,1373,126,24),(6881,2712,304,29),(6882,2352,115,5),(6883,1848,22,18),(6884,2141,313,17),(6885,126,323,29),(6886,1287,161,28),(6887,1838,430,27),(6888,2087,46,29),(6889,1695,507,8),(6890,71,302,32),(6891,2441,161,19),(6892,2840,453,9),(6893,1465,506,35),(6894,2593,437,31),(6895,168,48,32),(6896,2693,472,11),(6897,2205,330,8),(6898,390,8,33),(6899,254,372,11),(6900,1589,88,15),(6901,2659,245,35),(6902,2203,397,10),(6903,467,349,20),(6904,890,308,25),(6905,1716,385,8),(6906,1460,102,28),(6907,481,38,33),(6908,351,320,9),(6909,1499,414,7),(6910,2196,194,26),(6911,2175,318,2),(6912,523,113,21),(6913,1283,202,29),(6914,383,221,6),(6915,318,409,4),(6916,2141,269,1),(6917,1246,160,26),(6918,1847,161,26),(6919,2661,138,8),(6920,2457,123,15),(6921,2718,166,13),(6922,1395,87,8),(6923,2594,491,6),(6924,2127,452,8),(6925,2495,54,20),(6926,1353,482,11),(6927,768,497,12),(6928,735,171,33),(6929,2580,278,34),(6930,2730,237,24),(6931,1711,44,22),(6932,1983,32,3),(6933,1604,401,21),(6934,1088,44,16),(6935,1061,251,9),(6936,666,406,10),(6937,2842,113,16),(6938,1879,302,28),(6939,2773,38,11),(6940,1388,447,32),(6941,304,69,21),(6942,1947,301,27),(6943,187,440,10),(6944,60,134,35),(6945,2176,408,23),(6946,54,222,35),(6947,1803,216,1),(6948,1132,164,6),(6949,1908,77,10),(6950,742,340,11),(6951,1233,108,10),(6952,61,429,31),(6953,1704,229,7),(6954,389,196,26),(6955,993,58,1),(6956,1061,75,35),(6957,1185,80,34),(6958,890,488,33),(6959,2148,471,30),(6960,2351,365,34),(6961,1219,292,14),(6962,1401,390,6),(6963,1155,374,24),(6964,858,74,32),(6965,2612,172,29),(6966,2519,55,8),(6967,1542,182,25),(6968,2317,51,4),(6969,1623,228,17),(6970,2971,472,32),(6971,2521,242,33),(6972,2241,192,29),(6973,1886,361,20),(6974,2745,97,20),(6975,1351,174,24),(6976,1558,65,9),(6977,1256,314,27),(6978,477,266,14),(6979,1495,234,12),(6980,324,155,22),(6981,296,456,28),(6982,2318,458,29),(6983,2030,40,3),(6984,2162,150,28),(6985,2631,57,31),(6986,1840,166,29),(6987,2897,417,27),(6988,887,383,18),(6989,1822,57,29),(6990,750,305,31),(6991,489,78,28),(6992,2433,369,25),(6993,2174,504,8),(6994,416,211,7),(6995,2237,259,1),(6996,1036,242,17),(6997,2040,185,14),(6998,1578,160,11),(6999,2549,390,7),(7000,1303,301,25),(7001,1046,219,25),(7002,1170,327,17),(7003,563,179,25),(7004,464,289,25),(7005,2573,19,16),(7006,2518,480,19),(7007,603,143,29),(7008,1409,334,33),(7009,1282,88,5),(7010,1701,89,14),(7011,1644,47,34),(7012,1107,390,7),(7013,497,50,16),(7014,674,234,33),(7015,361,488,17),(7016,388,376,21),(7017,942,247,6),(7018,137,115,12),(7019,151,317,13),(7020,873,19,2),(7021,2025,50,34),(7022,38,496,26),(7023,1925,305,19),(7024,1823,440,10),(7025,2299,175,17),(7026,1791,24,21),(7027,2341,77,28),(7028,1481,482,32),(7029,1886,452,21),(7030,2250,394,32),(7031,1940,296,33),(7032,2418,375,28),(7033,399,96,3),(7034,2078,158,5),(7035,2812,462,31),(7036,589,470,1),(7037,2111,343,1),(7038,671,282,1),(7039,2293,192,22),(7040,2399,86,32),(7041,2876,219,8),(7042,127,410,31),(7043,789,274,13),(7044,2541,351,14),(7045,351,446,13),(7046,2690,221,4),(7047,1125,202,30),(7048,1663,278,7),(7049,371,250,12),(7050,1161,464,35),(7051,152,16,23),(7052,2615,473,18),(7053,602,190,6),(7054,2546,177,5),(7055,2624,245,11),(7056,2636,133,17),(7057,2376,393,5),(7058,1858,141,8),(7059,616,216,1),(7060,167,338,19),(7061,2745,153,8),(7062,2450,416,35),(7063,1543,199,7),(7064,2529,35,23),(7065,1658,8,3),(7066,2937,382,31),(7067,2078,444,11),(7068,2809,279,31),(7069,2155,339,5),(7070,1629,131,4),(7071,842,19,34),(7072,2118,501,9),(7073,1115,332,19),(7074,123,373,14),(7075,838,334,3),(7076,2525,81,10),(7077,2682,250,22),(7078,1748,415,21),(7079,2073,360,15),(7080,244,229,30),(7081,1734,291,10),(7082,2631,370,25),(7083,1214,432,12),(7084,2645,424,20),(7085,1120,489,29),(7086,739,164,20),(7087,2190,464,3),(7088,674,166,31),(7089,95,289,22),(7090,2732,200,8),(7091,1862,279,23),(7092,2782,171,4),(7093,974,343,13),(7094,1589,187,25),(7095,867,68,11),(7096,110,384,18),(7097,2007,440,16),(7098,600,503,26),(7099,2732,336,22),(7100,2122,437,26),(7101,644,193,14),(7102,2000,242,33),(7103,2443,481,22),(7104,251,359,8),(7105,771,164,18),(7106,50,124,26),(7107,1642,371,28),(7108,785,503,11),(7109,2418,247,29),(7110,615,16,18),(7111,2531,364,1),(7112,1728,470,10),(7113,1902,375,35),(7114,524,267,3),(7115,1878,87,35),(7116,2197,175,11),(7117,1547,182,4),(7118,2190,149,11),(7119,169,193,22),(7120,2556,88,33),(7121,931,119,20),(7122,2096,351,13),(7123,2477,148,16),(7124,1655,436,26),(7125,2412,229,4),(7126,1394,503,30),(7127,408,50,8),(7128,212,314,8),(7129,1844,426,4),(7130,2012,152,13),(7131,2711,483,20),(7132,2255,27,15),(7133,707,344,19),(7134,857,183,27),(7135,1457,253,16),(7136,220,285,27),(7137,2538,308,15),(7138,622,158,27),(7139,2454,299,15),(7140,1981,506,26),(7141,2967,161,32),(7142,920,41,7),(7143,2730,85,18),(7144,212,45,22),(7145,627,499,4),(7146,2567,30,29),(7147,2361,478,18),(7148,1482,301,2),(7149,2230,404,34),(7150,2014,61,28),(7151,2408,317,34),(7152,2581,122,4),(7153,1339,302,5),(7154,934,59,12),(7155,2531,347,6),(7156,535,105,35),(7157,2917,239,16),(7158,45,39,29),(7159,345,316,29),(7160,450,107,6),(7161,1336,106,12),(7162,976,16,33),(7163,2417,129,27),(7164,1465,485,1),(7165,2710,280,19),(7166,2649,425,32),(7167,2008,172,33),(7168,2518,298,21),(7169,2660,177,11),(7170,2535,19,32),(7171,2793,348,29),(7172,238,177,1),(7173,1227,24,27),(7174,2453,37,20),(7175,710,56,22),(7176,2883,105,33),(7177,1868,181,34),(7178,1274,30,3),(7179,2389,291,15),(7180,914,103,12),(7181,2086,489,28),(7182,1848,269,11),(7183,915,460,30),(7184,2161,373,35),(7185,343,435,20),(7186,1642,117,20),(7187,1832,191,4),(7188,920,501,27),(7189,1940,107,10),(7190,2711,340,12),(7191,1166,202,11),(7192,1844,229,9),(7193,312,113,6),(7194,2998,310,3),(7195,1647,108,14),(7196,706,495,35),(7197,2508,315,1),(7198,2695,307,9),(7199,2871,144,4),(7200,11,95,27),(7201,492,330,1),(7202,1869,400,26),(7203,2428,326,11),(7204,2586,327,25),(7205,1663,231,3),(7206,1299,212,26),(7207,1008,210,15),(7208,2890,385,11),(7209,2739,173,22),(7210,1706,263,30),(7211,2210,201,35),(7212,946,479,25),(7213,718,344,6),(7214,2303,454,26),(7215,2539,67,33),(7216,2696,84,8),(7217,2521,129,15),(7218,1558,347,14),(7219,999,312,19),(7220,2892,237,22),(7221,2319,387,13),(7222,2341,47,35),(7223,507,301,9),(7224,1767,367,2),(7225,1482,462,24),(7226,848,337,6),(7227,2477,435,8),(7228,19,108,22),(7229,1637,274,21),(7230,1041,149,28),(7231,2351,356,34),(7232,2485,398,28),(7233,2103,22,14),(7234,489,86,29),(7235,1333,297,11),(7236,1558,395,30),(7237,458,339,26),(7238,1826,450,28),(7239,2363,484,28),(7240,1992,234,29),(7241,1677,136,10),(7242,2018,238,3),(7243,593,404,9),(7244,169,216,4),(7245,118,417,13),(7246,2226,142,33),(7247,1542,74,23),(7248,1691,305,33),(7249,351,146,11),(7250,2111,206,32),(7251,99,141,15),(7252,2826,261,1),(7253,740,42,4),(7254,2113,53,16),(7255,809,498,19),(7256,2214,144,1),(7257,1132,268,32),(7258,1954,258,20),(7259,263,10,2),(7260,470,192,3),(7261,2585,52,16),(7262,232,78,8),(7263,2393,101,30),(7264,2370,170,31),(7265,1320,74,30),(7266,1638,203,16),(7267,2078,297,30),(7268,1252,388,19),(7269,1638,138,7),(7270,2926,406,18),(7271,43,63,15),(7272,2509,173,18),(7273,2236,87,35),(7274,838,179,6),(7275,639,375,16),(7276,2238,148,11),(7277,2912,320,31),(7278,2231,125,14),(7279,2924,208,24),(7280,2920,248,1),(7281,2073,167,18),(7282,2503,283,32),(7283,365,115,28),(7284,1666,368,33),(7285,1882,30,31),(7286,255,216,23),(7287,1422,154,17),(7288,2443,506,26),(7289,2639,117,17),(7290,851,367,13),(7291,791,267,34),(7292,1009,270,35),(7293,255,274,34),(7294,1254,76,21),(7295,74,446,28),(7296,2651,270,1),(7297,2042,289,24),(7298,2319,251,7),(7299,416,359,34),(7300,974,387,28),(7301,1587,359,29),(7302,1255,124,8),(7303,1548,315,11),(7304,2707,250,4),(7305,1951,218,12),(7306,671,162,20),(7307,1826,215,21),(7308,84,97,35),(7309,2358,164,9),(7310,2238,45,31),(7311,1165,176,18),(7312,1428,350,4),(7313,1868,148,8),(7314,1271,295,11),(7315,2442,304,26),(7316,1770,23,26),(7317,1403,353,25),(7318,999,374,9),(7319,2622,322,35),(7320,2276,262,3),(7321,663,227,34),(7322,93,402,1),(7323,1389,264,6),(7324,2407,267,27),(7325,2976,89,14),(7326,2110,292,28),(7327,397,320,30),(7328,1995,118,27),(7329,2826,95,22),(7330,2235,333,13),(7331,229,62,30),(7332,2045,208,11),(7333,1300,180,13),(7334,1124,451,20),(7335,2336,125,5),(7336,2980,418,1),(7337,1352,224,9),(7338,761,234,11),(7339,425,411,2),(7340,1577,276,27),(7341,2879,194,32),(7342,1812,37,14),(7343,1580,445,19),(7344,2818,79,27),(7345,718,403,15),(7346,320,392,17),(7347,2296,494,14),(7348,588,225,33),(7349,2429,19,21),(7350,11,42,26),(7351,2189,497,8),(7352,2426,258,10),(7353,1901,107,19),(7354,138,363,24),(7355,1124,273,12),(7356,2856,233,26),(7357,1797,81,26),(7358,272,65,2),(7359,2033,498,23),(7360,2836,235,6),(7361,2192,438,6),(7362,622,294,10),(7363,2560,319,34),(7364,1211,314,16),(7365,614,466,13),(7366,9,29,28),(7367,1427,266,4),(7368,2741,396,4),(7369,2030,199,15),(7370,500,36,28),(7371,672,130,27),(7372,2843,310,1),(7373,2289,16,25),(7374,1106,259,33),(7375,239,100,25),(7376,283,245,23),(7377,2018,460,15),(7378,208,159,27),(7379,1662,173,26),(7380,2826,290,4),(7381,2935,326,19),(7382,1968,136,9),(7383,374,459,25),(7384,1438,499,29),(7385,764,387,13),(7386,1569,312,15),(7387,2988,441,25),(7388,572,29,10),(7389,1882,260,15),(7390,1601,266,27),(7391,2795,169,14),(7392,2109,474,13),(7393,1078,421,34),(7394,2483,301,32),(7395,2470,387,19),(7396,1218,369,12),(7397,1526,102,35),(7398,939,20,9),(7399,2279,159,29),(7400,2409,449,29),(7401,502,415,8),(7402,2660,445,13),(7403,1103,448,23),(7404,2232,51,4),(7405,2221,38,3),(7406,2979,211,6),(7407,188,74,10),(7408,875,376,16),(7409,1701,362,3),(7410,85,197,30),(7411,390,314,28),(7412,32,80,3),(7413,1672,182,24),(7414,436,98,27),(7415,2989,328,22),(7416,595,439,1),(7417,1898,58,17),(7418,1661,376,11),(7419,233,455,16),(7420,1095,103,8),(7421,1162,28,35),(7422,1855,20,16),(7423,948,93,17),(7424,2575,471,5),(7425,1418,219,19),(7426,2753,428,2),(7427,200,407,12),(7428,1285,443,9),(7429,640,68,29),(7430,2185,439,7),(7431,2610,34,2),(7432,88,57,20),(7433,51,168,18),(7434,587,245,4),(7435,1996,494,23),(7436,1851,432,19),(7437,447,415,6),(7438,624,11,25),(7439,1793,265,10),(7440,428,336,32),(7441,124,181,7),(7442,1291,380,4),(7443,1891,387,13),(7444,1283,158,20),(7445,2102,352,24),(7446,2572,316,28),(7447,2678,118,17),(7448,1455,394,1),(7449,2388,73,20),(7450,1819,36,23),(7451,2738,52,33),(7452,2703,470,25),(7453,1827,448,30),(7454,1164,493,30),(7455,569,33,34),(7456,1961,492,30),(7457,1914,453,21),(7458,1880,15,4),(7459,582,103,22),(7460,1405,338,35),(7461,828,22,12),(7462,310,14,5),(7463,774,222,1),(7464,1449,174,22),(7465,2038,385,35),(7466,1561,451,10),(7467,1190,55,22),(7468,896,276,13),(7469,1691,159,22),(7470,2457,401,35),(7471,916,143,25),(7472,950,278,5),(7473,243,437,8),(7474,1448,246,16),(7475,561,299,23),(7476,1148,108,6),(7477,2259,235,12),(7478,2545,172,16),(7479,433,268,11),(7480,2710,331,34),(7481,200,265,30),(7482,249,473,9),(7483,1340,330,14),(7484,2772,445,4),(7485,2258,49,20),(7486,2511,15,21),(7487,3002,427,24),(7488,909,250,16),(7489,1768,434,26),(7490,2997,406,14),(7491,2751,276,35),(7492,1635,449,16),(7493,426,417,7),(7494,1175,89,31),(7495,2632,142,13),(7496,1796,360,24),(7497,2824,351,16),(7498,26,174,5),(7499,2760,300,9),(7500,429,495,30),(7501,1153,417,11),(7502,1329,454,10),(7503,2314,344,21),(7504,1292,459,31),(7505,456,180,7),(7506,665,431,28),(7507,1037,176,12),(7508,309,154,21),(7509,1204,311,32),(7510,355,27,7),(7511,424,269,34),(7512,2896,359,7),(7513,1098,147,35),(7514,2808,208,4),(7515,1847,319,5),(7516,2996,489,24),(7517,1915,165,8),(7518,1620,74,19),(7519,923,71,10),(7520,2705,225,22),(7521,173,45,33),(7522,2763,238,25),(7523,2864,97,8),(7524,492,433,19),(7525,2341,73,30),(7526,825,236,27),(7527,1766,173,12),(7528,1480,258,25),(7529,2813,329,1),(7530,1547,98,28),(7531,2728,437,7),(7532,1541,407,31),(7533,1736,135,12),(7534,2120,47,31),(7535,2886,245,9),(7536,2115,158,21),(7537,2237,204,27),(7538,1217,305,20),(7539,427,162,19),(7540,2171,254,22),(7541,1394,303,10),(7542,2508,385,15),(7543,2564,273,8),(7544,19,428,2),(7545,2398,396,28),(7546,1303,494,9),(7547,1582,68,35),(7548,195,323,33),(7549,979,49,4),(7550,1531,334,12),(7551,2864,277,2),(7552,2753,206,28),(7553,863,239,9),(7554,1353,131,22),(7555,282,195,22),(7556,37,416,23),(7557,1845,75,23),(7558,489,13,25),(7559,1466,265,14),(7560,1407,151,13),(7561,2829,381,29),(7562,1060,59,19),(7563,1718,86,34),(7564,648,484,13),(7565,2857,42,9),(7566,2006,234,15),(7567,2195,292,11),(7568,1121,389,15),(7569,1163,185,13),(7570,342,367,19),(7571,2505,372,10),(7572,22,50,1),(7573,1085,137,27),(7574,65,494,11),(7575,1577,298,12),(7576,2773,164,3),(7577,1534,185,33),(7578,1280,149,24),(7579,79,95,22),(7580,403,252,13),(7581,1636,178,17),(7582,1467,435,34),(7583,577,33,24),(7584,431,219,12),(7585,2304,61,31),(7586,1901,355,3),(7587,2294,365,23),(7588,1480,260,1),(7589,1045,324,31),(7590,2750,169,1),(7591,339,463,23),(7592,758,223,24),(7593,564,102,6),(7594,201,241,9),(7595,840,408,2),(7596,1367,71,15),(7597,2765,167,28),(7598,584,423,8),(7599,2404,203,21),(7600,2431,382,7),(7601,1934,308,16),(7602,2252,165,19),(7603,1952,298,23),(7604,631,381,6),(7605,285,335,6),(7606,1696,369,16),(7607,533,461,4),(7608,1931,407,33),(7609,561,198,26),(7610,1500,422,19),(7611,1941,226,33),(7612,1265,198,3),(7613,1732,233,27),(7614,466,57,15),(7615,608,434,7),(7616,1965,150,7),(7617,761,238,13),(7618,2298,110,29),(7619,1286,496,23),(7620,1922,47,35),(7621,1835,480,14),(7622,2064,261,9),(7623,2252,207,25),(7624,2373,157,8),(7625,2332,180,19),(7626,1980,151,27),(7627,608,259,9),(7628,1093,173,17),(7629,2207,144,18),(7630,2839,164,24),(7631,2967,281,32),(7632,2215,209,21),(7633,2867,32,27),(7634,482,477,31),(7635,1906,314,32),(7636,2476,385,32),(7637,1205,353,23),(7638,342,93,13),(7639,1952,337,32),(7640,1201,49,22),(7641,2784,14,9),(7642,1144,426,35),(7643,539,357,31),(7644,130,396,2),(7645,2247,377,13),(7646,1513,146,33),(7647,2352,306,21),(7648,387,394,6),(7649,1311,277,7),(7650,2108,259,9),(7651,854,297,16),(7652,1613,221,28),(7653,1874,247,22),(7654,980,449,11),(7655,1782,347,16),(7656,858,295,12),(7657,2039,398,35),(7658,2120,286,29),(7659,2316,312,33),(7660,2254,248,19),(7661,43,178,7),(7662,283,139,9),(7663,1141,172,30),(7664,543,146,17),(7665,2138,31,18),(7666,2962,46,2),(7667,2425,19,8),(7668,2919,30,22),(7669,213,340,11),(7670,443,228,29),(7671,1855,496,32),(7672,1007,409,16),(7673,1783,373,19),(7674,1713,129,8),(7675,886,457,18),(7676,803,187,2),(7677,995,298,25),(7678,2298,390,29),(7679,2110,404,20),(7680,2994,389,16),(7681,370,421,15),(7682,2053,19,28),(7683,1685,184,9),(7684,1706,249,9),(7685,1299,80,27),(7686,676,108,11),(7687,374,130,3),(7688,2903,103,8),(7689,2798,106,30),(7690,452,111,9),(7691,1417,394,19),(7692,521,336,8),(7693,470,464,9),(7694,737,56,26),(7695,1171,247,31),(7696,1123,55,2),(7697,499,476,6),(7698,1047,288,26),(7699,2473,112,27),(7700,1904,81,11),(7701,2170,437,12),(7702,964,64,33),(7703,594,156,12),(7704,1010,84,9),(7705,52,169,2),(7706,985,347,20),(7707,756,45,14),(7708,1080,322,21),(7709,2951,44,26),(7710,1097,222,27),(7711,2492,108,35),(7712,121,62,9),(7713,2733,250,8),(7714,941,458,1),(7715,1420,175,14),(7716,1891,415,19),(7717,143,51,18),(7718,1338,97,20),(7719,2762,241,5),(7720,1727,33,3),(7721,1685,350,3),(7722,1759,268,34),(7723,2605,306,24),(7724,327,286,16),(7725,2999,265,10),(7726,2660,48,23),(7727,2312,279,27),(7728,2651,35,6),(7729,2445,107,25),(7730,213,405,28),(7731,1602,111,20),(7732,1769,63,15),(7733,1685,328,18),(7734,295,40,17),(7735,1196,72,18),(7736,2363,409,2),(7737,1085,372,28),(7738,1453,262,9),(7739,964,213,22),(7740,874,174,2),(7741,2502,161,27),(7742,1484,213,9),(7743,2975,172,21),(7744,2761,318,16),(7745,945,501,23),(7746,1554,44,34),(7747,1619,404,28),(7748,122,302,15),(7749,2902,177,20),(7750,2035,100,7),(7751,298,31,12),(7752,618,342,28),(7753,134,46,18),(7754,181,113,25),(7755,1464,168,5),(7756,427,26,5),(7757,1023,457,27),(7758,138,277,28),(7759,493,385,3),(7760,363,104,5),(7761,750,410,30),(7762,2987,168,27),(7763,815,475,24),(7764,1017,48,13),(7765,2560,30,30),(7766,1192,189,19),(7767,1525,412,4),(7768,704,330,7),(7769,2908,178,22),(7770,1125,391,3),(7771,2954,168,12),(7772,802,180,21),(7773,1583,346,27),(7774,2702,424,29),(7775,2179,468,18),(7776,1241,363,16),(7777,1372,432,27),(7778,867,247,21),(7779,2907,472,6),(7780,2151,33,33),(7781,1464,237,33),(7782,822,421,11),(7783,2401,470,24),(7784,1704,157,11),(7785,2056,205,17),(7786,1641,87,14),(7787,1660,42,24),(7788,984,372,18),(7789,2067,219,22),(7790,2193,10,19),(7791,668,43,12),(7792,182,300,23),(7793,402,342,19),(7794,2787,434,21),(7795,1968,119,15),(7796,1541,355,34),(7797,640,289,25),(7798,1067,321,4),(7799,969,217,28),(7800,2352,355,3),(7801,2735,163,12),(7802,2421,255,10),(7803,2544,307,26),(7804,2603,233,11),(7805,1128,221,3),(7806,621,369,26),(7807,48,123,26),(7808,978,300,19),(7809,1157,28,15),(7810,897,497,32),(7811,1546,284,22),(7812,1443,24,11),(7813,2175,442,20),(7814,2838,41,5),(7815,155,436,33),(7816,1451,336,11),(7817,419,484,11),(7818,1837,201,16),(7819,1205,62,23),(7820,2078,40,12),(7821,2335,110,20),(7822,723,139,35),(7823,1567,442,4),(7824,488,377,21),(7825,2155,390,16),(7826,2865,444,21),(7827,2909,231,21),(7828,899,306,23),(7829,616,71,27),(7830,2445,404,5),(7831,2404,36,3),(7832,746,330,20),(7833,1285,391,5),(7834,1090,197,29),(7835,1965,315,25),(7836,1068,230,17),(7837,1258,357,12),(7838,260,182,27),(7839,1074,354,31),(7840,1205,110,5),(7841,39,170,17),(7842,619,235,17),(7843,261,204,26),(7844,1174,428,1),(7845,1269,479,8),(7846,2473,354,9),(7847,1602,192,30),(7848,1682,403,1),(7849,2963,149,32),(7850,619,201,6),(7851,2515,233,17),(7852,1423,371,11),(7853,2586,424,35),(7854,379,103,34),(7855,1563,59,17),(7856,180,226,10),(7857,439,363,35),(7858,214,315,4),(7859,1362,19,32),(7860,1812,415,5),(7861,2658,327,20),(7862,2566,142,18),(7863,1406,454,27),(7864,445,114,5),(7865,1655,205,27),(7866,1574,367,33),(7867,19,322,16),(7868,1908,131,22),(7869,382,146,19),(7870,2865,395,34),(7871,2917,227,13),(7872,2146,268,29),(7873,570,347,1),(7874,1254,324,16),(7875,430,221,26),(7876,1672,448,25),(7877,2334,297,2),(7878,467,382,29),(7879,1405,499,17),(7880,669,106,15),(7881,1358,34,29),(7882,2515,165,5),(7883,2983,219,6),(7884,288,355,23),(7885,613,404,13),(7886,2763,171,1),(7887,987,433,31),(7888,2434,407,28),(7889,2309,504,25),(7890,1896,476,11),(7891,2920,36,34),(7892,921,86,18),(7893,794,264,13),(7894,956,201,22),(7895,1989,434,8),(7896,2321,202,35),(7897,2808,492,31),(7898,364,148,17),(7899,548,444,28),(7900,1725,421,2),(7901,123,226,23),(7902,2517,235,30),(7903,1381,452,21),(7904,439,167,6),(7905,1169,277,19),(7906,2413,95,21),(7907,1650,249,20),(7908,1180,396,5),(7909,609,480,24),(7910,2580,74,9),(7911,2868,155,34),(7912,2612,281,9),(7913,1910,362,3),(7914,407,474,15),(7915,898,471,29),(7916,2311,321,2),(7917,1107,269,19),(7918,368,232,19),(7919,834,325,32),(7920,1122,433,28),(7921,2728,140,10),(7922,2791,358,9),(7923,2437,115,3),(7924,1354,226,7),(7925,2354,495,19),(7926,2111,174,30),(7927,2322,311,27),(7928,2597,206,6),(7929,2652,341,14),(7930,1263,501,1),(7931,3008,232,21),(7932,2909,253,17),(7933,2212,85,16),(7934,1554,380,10),(7935,1812,300,3),(7936,1087,257,24),(7937,1499,212,5),(7938,896,114,6),(7939,1799,388,8),(7940,1085,94,14),(7941,735,473,14),(7942,216,311,18),(7943,660,275,29),(7944,2070,250,2),(7945,1730,302,4),(7946,2074,287,9),(7947,1846,90,14),(7948,339,29,12),(7949,2242,443,13),(7950,503,114,22),(7951,2031,281,6),(7952,866,192,35),(7953,2949,24,19),(7954,611,274,14),(7955,158,482,34),(7956,2912,133,22),(7957,2176,261,7),(7958,2731,461,13),(7959,1033,260,35),(7960,1034,446,1),(7961,1797,343,11),(7962,1187,261,27),(7963,179,215,21),(7964,2927,300,10),(7965,1711,8,21),(7966,1352,257,33),(7967,163,498,28),(7968,78,215,30),(7969,2452,496,11),(7970,1669,373,28),(7971,2296,371,10),(7972,2965,170,5),(7973,1604,277,5),(7974,2731,71,3),(7975,732,111,29),(7976,1979,268,29),(7977,932,334,20),(7978,2138,434,28),(7979,2574,414,14),(7980,147,26,1),(7981,2882,128,17),(7982,2372,409,22),(7983,893,409,9),(7984,2719,361,3),(7985,682,463,13),(7986,1566,32,2),(7987,1584,384,16),(7988,349,271,21),(7989,155,274,7),(7990,2879,369,8),(7991,817,209,28),(7992,2080,335,25),(7993,2855,455,29),(7994,2730,381,15),(7995,2651,206,10),(7996,148,118,25),(7997,601,57,23),(7998,1721,103,26),(7999,2749,382,16),(8000,1852,157,28),(8001,32,62,30),(8002,2947,41,22),(8003,816,222,26),(8004,2371,194,8),(8005,327,16,27),(8006,1205,94,23),(8007,481,43,27),(8008,2765,34,15),(8009,1514,174,21),(8010,2793,462,31),(8011,2892,290,20),(8012,768,382,14),(8013,131,293,11),(8014,1557,55,12),(8015,2061,319,15),(8016,1961,288,28),(8017,2551,25,4),(8018,1345,434,5),(8019,987,119,1),(8020,1796,205,10),(8021,870,312,21),(8022,1754,52,17),(8023,2966,84,5),(8024,1555,13,18),(8025,2012,352,31),(8026,2086,170,35),(8027,210,231,23),(8028,967,494,11),(8029,2315,37,14),(8030,2981,301,12),(8031,966,186,30),(8032,797,13,4),(8033,207,44,22),(8034,525,409,31),(8035,2930,417,31),(8036,2356,210,6),(8037,2388,502,15),(8038,2322,215,22),(8039,814,239,34),(8040,2089,176,7),(8041,691,103,7),(8042,1179,160,20),(8043,243,134,12),(8044,1433,314,17),(8045,878,352,12),(8046,2086,179,34),(8047,2579,438,1),(8048,1617,358,26),(8049,86,479,35),(8050,1940,269,3),(8051,310,53,25),(8052,2265,329,32),(8053,1536,293,29),(8054,1661,100,19),(8055,594,495,12),(8056,1280,362,19),(8057,1566,148,15),(8058,1994,393,4),(8059,947,386,27),(8060,1147,428,9),(8061,189,349,15),(8062,605,233,18),(8063,2991,457,16),(8064,2655,427,2),(8065,1633,211,31),(8066,114,156,18),(8067,821,192,29),(8068,210,10,25),(8069,2027,427,18),(8070,707,25,9),(8071,677,352,15),(8072,949,417,32),(8073,1070,31,21),(8074,1326,108,32),(8075,2088,225,12),(8076,889,32,26),(8077,301,373,16),(8078,2440,193,29),(8079,245,219,15),(8080,377,357,27),(8081,668,422,1),(8082,2379,70,8),(8083,3003,180,28),(8084,2896,18,30),(8085,2413,426,24),(8086,2762,27,24),(8087,2650,170,30),(8088,1805,14,7),(8089,2796,155,30),(8090,723,19,10),(8091,1246,465,28),(8092,1856,218,3),(8093,1250,244,29),(8094,864,87,31),(8095,1171,87,12),(8096,484,238,24),(8097,2981,314,23),(8098,1377,54,29),(8099,2564,281,24),(8100,36,27,1),(8101,66,38,29),(8102,536,489,28),(8103,1066,13,4),(8104,872,179,31),(8105,349,199,4),(8106,1554,421,35),(8107,1971,504,10),(8108,1054,388,16),(8109,2650,270,10),(8110,279,129,23),(8111,362,342,35),(8112,1681,464,7),(8113,1500,375,29),(8114,382,361,17),(8115,499,42,33),(8116,1626,201,19),(8117,2206,273,34),(8118,1294,256,34),(8119,1588,336,21),(8120,1352,322,7),(8121,1747,211,1),(8122,1632,121,17),(8123,724,377,34),(8124,788,354,28),(8125,2746,390,12),(8126,744,103,14),(8127,974,397,23),(8128,207,267,4),(8129,2284,162,14),(8130,2690,246,14),(8131,578,86,24),(8132,551,212,7),(8133,468,107,33),(8134,265,302,17),(8135,884,173,16),(8136,2590,496,35),(8137,1524,356,20),(8138,1485,301,34),(8139,1582,310,17),(8140,2646,172,32),(8141,1082,46,7),(8142,1831,342,23),(8143,864,475,30),(8144,342,502,3),(8145,812,138,1),(8146,2161,286,15),(8147,210,483,20),(8148,723,52,30),(8149,2711,462,2),(8150,2671,348,6),(8151,1652,172,21),(8152,1522,423,9),(8153,1877,368,16),(8154,2429,87,2),(8155,632,41,32),(8156,1450,412,9),(8157,1056,496,2),(8158,481,373,22),(8159,1207,281,6),(8160,721,229,4),(8161,54,392,2),(8162,2628,190,31),(8163,2071,297,16),(8164,1332,396,18),(8165,2310,415,32),(8166,1355,246,24),(8167,2565,259,4),(8168,2907,457,35),(8169,840,194,4),(8170,2137,417,26),(8171,179,367,34),(8172,2971,344,9),(8173,2753,65,7),(8174,2954,335,25),(8175,2054,383,4),(8176,429,152,3),(8177,711,204,6),(8178,1871,217,22),(8179,977,17,16),(8180,241,310,35),(8181,2482,493,21),(8182,438,159,3),(8183,2118,325,11),(8184,425,243,6),(8185,1538,364,30),(8186,1452,199,14),(8187,172,505,17),(8188,2135,245,7),(8189,361,278,25),(8190,1718,438,35),(8191,1177,237,31),(8192,2336,115,11),(8193,2988,175,17),(8194,625,57,4),(8195,2638,94,10),(8196,1780,38,34),(8197,2910,236,35),(8198,2958,416,17),(8199,2022,134,4),(8200,2627,433,7),(8201,1653,191,9),(8202,369,109,27),(8203,36,342,24),(8204,200,430,2),(8205,1598,216,2),(8206,1257,365,21),(8207,1058,148,24),(8208,1561,136,10),(8209,2128,390,30),(8210,75,26,18),(8211,2758,331,22),(8212,567,71,30),(8213,351,260,12),(8214,1765,294,16),(8215,2307,357,3),(8216,1945,10,23),(8217,1174,257,10),(8218,981,483,10),(8219,1101,191,28),(8220,2570,469,33),(8221,1148,312,18),(8222,942,313,28),(8223,2147,200,17),(8224,11,257,31),(8225,1958,190,31),(8226,2932,435,15),(8227,949,491,35),(8228,2685,340,9),(8229,985,405,24),(8230,2830,211,35),(8231,1058,501,31),(8232,1428,119,15),(8233,2666,14,2),(8234,2554,144,35),(8235,297,272,34),(8236,1540,320,5),(8237,647,381,8),(8238,1360,275,14),(8239,59,135,11),(8240,1034,372,33),(8241,1023,88,29),(8242,1270,362,18),(8243,397,311,11),(8244,2917,455,19),(8245,1858,178,24),(8246,442,415,33),(8247,581,212,30),(8248,2474,51,4),(8249,1453,300,13),(8250,1071,201,30),(8251,1223,79,5),(8252,2991,334,21),(8253,49,381,31),(8254,857,191,14),(8255,436,273,34),(8256,286,9,19),(8257,1328,447,28),(8258,629,204,23),(8259,2575,199,11),(8260,417,369,21),(8261,341,297,4),(8262,524,269,19),(8263,1741,232,11),(8264,1366,111,12),(8265,1383,213,22),(8266,1349,157,13),(8267,59,466,25),(8268,2146,93,19),(8269,657,116,33),(8270,1726,42,15),(8271,993,245,5),(8272,795,91,13),(8273,1625,341,22),(8274,1210,399,4),(8275,1093,8,30),(8276,383,455,4),(8277,1929,455,15),(8278,1752,412,31),(8279,1365,145,8),(8280,572,81,28),(8281,3005,307,17),(8282,2421,111,5),(8283,1075,139,27),(8284,635,324,23),(8285,251,356,1),(8286,1617,191,20),(8287,940,90,22),(8288,2508,12,26),(8289,1270,395,24),(8290,1562,457,18),(8291,1801,221,9),(8292,943,212,22),(8293,2992,432,9),(8294,1223,222,31),(8295,1879,51,35),(8296,1515,214,33),(8297,1851,378,10),(8298,772,283,35),(8299,2565,422,24),(8300,1507,350,6),(8301,1479,322,1),(8302,2008,275,24),(8303,1301,144,7),(8304,2350,168,31),(8305,30,425,31),(8306,291,149,4),(8307,2528,225,3),(8308,1944,373,14),(8309,463,76,1),(8310,292,129,30),(8311,2472,256,28),(8312,2153,194,2),(8313,1366,257,12),(8314,1919,79,8),(8315,768,266,19),(8316,1186,333,8),(8317,125,388,30),(8318,2231,398,31),(8319,26,48,29),(8320,1872,28,21),(8321,2845,408,8),(8322,28,366,1),(8323,1634,292,9),(8324,822,229,16),(8325,686,321,1),(8326,1511,50,24),(8327,2358,436,35),(8328,852,9,25),(8329,2686,391,25),(8330,2955,76,17),(8331,1501,401,25),(8332,2222,429,2),(8333,1907,400,1),(8334,1515,462,15),(8335,1373,327,22),(8336,2355,421,10),(8337,473,68,26),(8338,724,325,1),(8339,2358,482,11),(8340,530,401,30),(8341,741,20,35),(8342,1137,112,14),(8343,233,154,25),(8344,1218,117,9),(8345,165,244,18),(8346,2961,331,14),(8347,804,411,33),(8348,1240,94,14),(8349,1951,362,20),(8350,310,276,31),(8351,1435,292,34),(8352,2440,394,9),(8353,1570,116,2),(8354,2138,38,17),(8355,2333,57,20),(8356,2199,494,15),(8357,57,161,18),(8358,2474,189,18),(8359,2200,262,11),(8360,274,53,8),(8361,2892,96,24),(8362,250,404,29),(8363,1405,506,30),(8364,1709,113,9),(8365,1214,162,25),(8366,927,410,28),(8367,1892,62,30),(8368,999,401,34),(8369,2077,223,4),(8370,551,62,15),(8371,1170,141,2),(8372,1462,151,32),(8373,2391,33,34),(8374,1899,176,18),(8375,1614,84,19),(8376,2486,399,16),(8377,371,168,9),(8378,882,476,16),(8379,2717,418,4),(8380,1822,454,26),(8381,1129,178,5),(8382,1655,389,14),(8383,1281,85,10),(8384,1577,123,2),(8385,2116,49,31),(8386,315,300,35),(8387,1656,378,32),(8388,2260,499,34),(8389,1910,42,23),(8390,1110,346,8),(8391,1786,219,32),(8392,1853,213,23),(8393,813,340,4),(8394,915,382,20),(8395,2319,30,11),(8396,1834,348,11),(8397,547,180,7),(8398,1559,295,6),(8399,845,261,14),(8400,986,386,15),(8401,2537,147,34),(8402,57,171,16),(8403,996,153,7),(8404,2553,251,11),(8405,1603,145,15),(8406,2639,328,31),(8407,693,41,26),(8408,2428,210,25),(8409,545,311,25),(8410,2918,292,30),(8411,1826,215,17),(8412,133,252,20),(8413,1377,321,14),(8414,2289,474,31),(8415,518,50,25),(8416,2175,435,26),(8417,2260,309,9),(8418,48,314,26),(8419,311,180,3),(8420,1946,229,26),(8421,831,252,6),(8422,1538,418,14),(8423,1550,136,25),(8424,205,367,16),(8425,2063,423,24),(8426,2235,254,31),(8427,967,492,22),(8428,1607,414,31),(8429,2184,366,26),(8430,238,471,17),(8431,332,142,31),(8432,821,361,13),(8433,287,30,9),(8434,846,108,21),(8435,1301,124,30),(8436,437,17,22),(8437,747,351,17),(8438,2738,188,24),(8439,1121,118,15),(8440,737,327,10),(8441,1155,249,13),(8442,240,69,15),(8443,2666,18,9),(8444,2092,108,13),(8445,2272,55,26),(8446,895,408,25),(8447,2299,295,7),(8448,1887,402,32),(8449,2597,441,16),(8450,110,462,24),(8451,2735,244,1),(8452,2480,12,12),(8453,1348,203,12),(8454,2297,473,3),(8455,2505,319,5),(8456,193,450,21),(8457,1808,286,32),(8458,847,482,26),(8459,1806,405,6),(8460,2129,431,21),(8461,470,163,27),(8462,914,108,15),(8463,608,16,2),(8464,1993,17,2),(8465,2293,135,23),(8466,2260,470,6),(8467,2381,186,28),(8468,825,226,29),(8469,2085,427,3),(8470,1657,95,20),(8471,2664,13,25),(8472,370,99,22),(8473,429,326,29),(8474,2815,221,22),(8475,402,95,33),(8476,2801,394,31),(8477,244,315,28),(8478,1043,58,4),(8479,981,340,26),(8480,1568,368,23),(8481,892,431,31),(8482,2470,179,21),(8483,2581,260,6),(8484,948,108,9),(8485,2216,70,6),(8486,2614,343,23),(8487,1104,407,22),(8488,2056,227,8),(8489,723,32,5),(8490,1577,373,4),(8491,2434,64,23),(8492,1284,92,4),(8493,876,96,14),(8494,303,225,35),(8495,781,431,30),(8496,2144,207,6),(8497,1357,354,25),(8498,1247,302,16),(8499,1982,249,20),(8500,1948,21,3),(8501,261,440,4),(8502,550,163,8),(8503,1845,64,19),(8504,2778,335,7),(8505,1590,193,15),(8506,2696,213,24),(8507,2596,263,22),(8508,1357,104,18),(8509,2325,289,3),(8510,619,28,9),(8511,307,86,22),(8512,2743,359,22),(8513,2547,42,16),(8514,945,30,33),(8515,2919,494,3),(8516,31,489,22),(8517,2143,97,17),(8518,1391,378,22),(8519,2975,367,12),(8520,736,213,3),(8521,779,343,22),(8522,2112,472,19),(8523,998,11,34),(8524,19,335,31),(8525,1822,75,15),(8526,488,150,17),(8527,792,449,34),(8528,2359,412,2),(8529,2087,424,8),(8530,2746,66,5),(8531,685,275,35),(8532,902,268,2),(8533,2581,496,4),(8534,160,20,9),(8535,62,205,27),(8536,1444,366,17),(8537,914,493,16),(8538,2964,504,24),(8539,1842,214,30),(8540,705,312,5),(8541,924,453,16),(8542,2389,173,14),(8543,1351,99,8),(8544,2370,499,10),(8545,469,359,17),(8546,2467,219,8),(8547,1468,138,23),(8548,1682,79,34),(8549,2112,10,15),(8550,2598,240,32),(8551,2730,221,13),(8552,1508,412,4),(8553,500,498,12),(8554,1039,310,2),(8555,1088,429,32),(8556,2641,157,13),(8557,3003,461,32),(8558,55,177,29),(8559,1957,406,9),(8560,273,155,13),(8561,1497,36,13),(8562,429,253,26),(8563,911,414,22),(8564,1913,18,19),(8565,650,56,14),(8566,2040,433,20),(8567,2136,483,29),(8568,1864,130,2),(8569,1683,120,5),(8570,1188,120,31),(8571,1956,233,5),(8572,1078,363,6),(8573,861,340,26),(8574,2837,14,6),(8575,1726,403,27),(8576,2896,312,21),(8577,352,434,35),(8578,2050,248,3),(8579,2332,150,22),(8580,51,382,19),(8581,1913,100,27),(8582,2870,482,17),(8583,852,157,22),(8584,1042,209,24),(8585,264,212,17),(8586,2627,427,31),(8587,2153,14,30),(8588,925,497,15),(8589,1112,92,6),(8590,2498,349,3),(8591,1784,139,10),(8592,1192,114,4),(8593,2470,400,13),(8594,2521,88,20),(8595,2508,220,33),(8596,1376,250,29),(8597,506,454,1),(8598,2520,394,4),(8599,1317,483,16),(8600,2974,213,5),(8601,2255,155,15),(8602,2551,213,15),(8603,2311,407,25),(8604,1276,505,11),(8605,1827,142,35),(8606,1197,437,21),(8607,1749,34,19),(8608,2047,484,16),(8609,13,499,16),(8610,2782,486,1),(8611,630,142,26),(8612,2098,439,18),(8613,879,361,9),(8614,581,424,15),(8615,1027,161,11),(8616,138,160,25),(8617,297,46,10),(8618,758,131,32),(8619,1297,326,33),(8620,2389,183,28),(8621,537,300,26),(8622,2163,369,28),(8623,687,428,29),(8624,2738,243,20),(8625,1665,156,27),(8626,425,175,13),(8627,2440,416,21),(8628,2071,82,6),(8629,1160,129,34),(8630,892,79,7),(8631,453,494,17),(8632,1253,288,35),(8633,2404,100,28),(8634,551,84,31),(8635,809,324,11),(8636,2298,305,26),(8637,543,387,34),(8638,2857,84,26),(8639,2307,99,5),(8640,2049,420,27),(8641,2784,469,5),(8642,474,347,33),(8643,2559,135,25),(8644,1693,69,30),(8645,599,339,31),(8646,1359,462,6),(8647,822,230,24),(8648,1337,323,9),(8649,1883,134,4),(8650,1104,291,28),(8651,1648,75,3),(8652,2089,248,22),(8653,1228,170,34),(8654,400,480,3),(8655,2603,184,25),(8656,1637,141,20),(8657,958,397,12),(8658,263,134,8),(8659,323,398,20),(8660,2181,326,10),(8661,737,281,21),(8662,203,452,1),(8663,880,435,34),(8664,691,96,28),(8665,1681,122,28),(8666,1201,500,32),(8667,142,147,9),(8668,1770,370,11),(8669,2557,126,25),(8670,1056,390,13),(8671,1007,439,19),(8672,183,213,30),(8673,275,145,4),(8674,2997,263,13),(8675,95,23,22),(8676,2233,209,25),(8677,2559,86,7),(8678,2438,444,11),(8679,2405,164,21),(8680,391,445,8),(8681,645,452,22),(8682,1289,447,13),(8683,67,127,22),(8684,259,454,25),(8685,2970,367,22),(8686,2637,365,23),(8687,1723,187,31),(8688,2624,237,26),(8689,248,282,14),(8690,1382,140,5),(8691,269,158,7),(8692,2840,190,35),(8693,2163,421,33),(8694,2491,299,1),(8695,145,57,28),(8696,1994,135,9),(8697,1746,487,16),(8698,277,428,22),(8699,2408,351,9),(8700,2693,180,13),(8701,129,226,9),(8702,734,193,12),(8703,1669,204,14),(8704,2349,143,31),(8705,1401,9,3),(8706,2765,273,25),(8707,969,172,12),(8708,182,433,21),(8709,1830,26,6),(8710,1865,182,15),(8711,803,198,22),(8712,1784,465,28),(8713,2840,75,11),(8714,2493,324,1),(8715,1380,303,2),(8716,1570,185,13),(8717,2907,168,25),(8718,468,446,3),(8719,2959,379,29),(8720,2886,25,5),(8721,445,8,3),(8722,2192,213,29),(8723,2616,449,26),(8724,84,373,1),(8725,446,268,23),(8726,1394,486,23),(8727,421,483,1),(8728,2505,99,22),(8729,77,323,18),(8730,452,466,4),(8731,2804,360,33),(8732,134,54,11),(8733,422,481,14),(8734,307,301,31),(8735,1274,506,35),(8736,81,282,24),(8737,322,172,2),(8738,2372,85,12),(8739,596,40,28),(8740,760,223,23),(8741,1931,453,28),(8742,2982,60,34),(8743,2912,172,21),(8744,2796,60,24),(8745,806,54,10),(8746,2862,45,29),(8747,2929,172,15),(8748,2342,268,29),(8749,874,11,22),(8750,1874,71,15),(8751,1189,462,10),(8752,2026,272,11),(8753,2414,487,2),(8754,557,225,27),(8755,1184,160,16),(8756,823,228,8),(8757,2289,130,22),(8758,1263,354,4),(8759,2843,11,4),(8760,2519,396,17),(8761,875,461,5),(8762,632,258,23),(8763,2894,442,10),(8764,2861,118,7),(8765,893,176,24),(8766,773,288,2),(8767,2996,101,26),(8768,859,408,18),(8769,2766,65,1),(8770,2367,342,23),(8771,2726,364,20),(8772,1570,424,35),(8773,903,393,25),(8774,1794,399,29),(8775,2025,272,6),(8776,2418,303,29),(8777,946,477,19),(8778,2121,43,34),(8779,1440,127,33),(8780,235,60,30),(8781,1696,34,13),(8782,956,482,18),(8783,170,173,28),(8784,1049,138,20),(8785,464,321,3),(8786,1374,451,26),(8787,2885,76,18),(8788,2746,197,30),(8789,701,208,26),(8790,931,185,34),(8791,64,438,17),(8792,2598,42,2),(8793,1216,321,35),(8794,2255,401,1),(8795,2503,58,11),(8796,2760,265,22),(8797,1803,429,31),(8798,810,411,13),(8799,2656,442,24),(8800,1609,321,21),(8801,2518,154,19),(8802,3007,448,10),(8803,2907,321,14),(8804,398,504,13),(8805,959,226,12),(8806,2167,139,11),(8807,1246,122,30),(8808,1350,123,21),(8809,10,422,17),(8810,98,501,24),(8811,568,372,35),(8812,1898,89,27),(8813,205,397,5),(8814,2845,51,12),(8815,382,311,25),(8816,1093,107,26),(8817,2662,105,31),(8818,2777,412,18),(8819,2536,139,16),(8820,84,449,21),(8821,1665,255,3),(8822,880,494,8),(8823,2693,137,10),(8824,533,440,14),(8825,670,430,30),(8826,2351,264,5),(8827,1473,447,2),(8828,2980,319,20),(8829,2199,475,7),(8830,1791,16,1),(8831,2418,435,10),(8832,332,356,27),(8833,1095,275,33),(8834,741,249,20),(8835,1397,504,15),(8836,776,22,35),(8837,2092,291,11),(8838,170,492,25),(8839,1470,19,30),(8840,1299,341,31),(8841,1846,263,11),(8842,1758,254,14),(8843,259,73,4),(8844,1207,58,14),(8845,1725,238,2),(8846,296,254,5),(8847,272,414,1),(8848,882,390,22),(8849,2527,55,20),(8850,857,310,28),(8851,2892,43,12),(8852,2361,444,28),(8853,1756,430,14),(8854,1767,136,19),(8855,181,135,17),(8856,1477,42,16),(8857,767,391,5),(8858,759,67,4),(8859,1710,371,13),(8860,1076,62,22),(8861,1754,456,23),(8862,480,204,25),(8863,1651,30,35),(8864,2878,489,6),(8865,2424,37,8),(8866,137,162,15),(8867,2949,401,12),(8868,1201,34,19),(8869,2116,251,21),(8870,2417,429,19),(8871,638,430,15),(8872,2033,496,7),(8873,1812,164,26),(8874,2282,358,22),(8875,1560,307,34),(8876,1487,49,9),(8877,1242,187,23),(8878,600,247,22),(8879,1249,312,28),(8880,749,56,1),(8881,664,503,10),(8882,1284,468,2),(8883,2274,44,1),(8884,2020,81,26),(8885,1076,174,17),(8886,1291,382,18),(8887,2865,131,1),(8888,1663,109,17),(8889,489,229,29),(8890,1040,226,12),(8891,1613,79,21),(8892,713,506,14),(8893,794,10,5),(8894,715,347,12),(8895,2088,399,6),(8896,1499,380,1),(8897,2752,67,7),(8898,1672,444,15),(8899,2090,89,11),(8900,2738,213,24),(8901,2385,274,9),(8902,1131,134,15),(8903,1487,203,4),(8904,216,160,6),(8905,1802,280,19),(8906,1504,501,2),(8907,2933,159,23),(8908,1179,490,6),(8909,1420,180,10),(8910,2780,72,4),(8911,1684,188,7),(8912,1567,275,9),(8913,810,117,27),(8914,2796,36,9),(8915,1946,230,16),(8916,670,57,17),(8917,1911,320,13),(8918,2280,119,11),(8919,2257,228,15),(8920,512,300,6),(8921,1064,198,27),(8922,733,240,20),(8923,189,265,30),(8924,300,239,18),(8925,1923,123,7),(8926,2088,195,18),(8927,3003,420,29),(8928,2635,427,15),(8929,1254,420,13),(8930,2224,237,14),(8931,785,124,14),(8932,1199,453,32),(8933,2410,215,26),(8934,1720,73,31),(8935,1526,245,31),(8936,1050,249,21),(8937,2342,247,14),(8938,2415,167,19),(8939,1792,62,25),(8940,2342,43,17),(8941,29,249,35),(8942,27,218,10),(8943,2450,481,25),(8944,358,457,10),(8945,2417,156,9),(8946,2447,403,15),(8947,1575,54,25),(8948,12,400,25),(8949,1285,450,20),(8950,2062,350,14),(8951,102,56,23),(8952,2701,477,21),(8953,486,187,17),(8954,859,58,10),(8955,3006,478,27),(8956,1448,101,16),(8957,2904,377,11),(8958,1475,429,15),(8959,1768,246,21),(8960,1035,191,24),(8961,469,417,14),(8962,880,349,24),(8963,2476,15,21),(8964,769,111,14),(8965,359,331,9),(8966,1599,142,23),(8967,980,288,22),(8968,1381,465,23),(8969,1610,406,27),(8970,1025,497,15),(8971,1272,110,28),(8972,2859,472,31),(8973,1490,482,31),(8974,2740,357,35),(8975,737,96,3),(8976,2401,397,10),(8977,1058,403,9),(8978,1464,447,11),(8979,1559,9,26),(8980,1103,235,27),(8981,2243,230,30),(8982,1006,109,9),(8983,2887,214,1),(8984,1263,80,7),(8985,538,340,30),(8986,1331,113,15),(8987,1378,220,17),(8988,2749,269,14),(8989,2403,154,29),(8990,2359,64,25),(8991,2689,392,3),(8992,671,469,21),(8993,49,465,2),(8994,1780,343,12),(8995,468,157,3),(8996,2563,164,21),(8997,1666,163,26),(8998,246,243,12),(8999,613,486,24),(9000,1238,350,35),(9001,467,433,21),(9002,689,238,29),(9003,903,47,14),(9004,1388,238,9),(9005,2826,440,24),(9006,2352,161,5),(9007,2144,389,34),(9008,2251,347,7),(9009,2123,132,28),(9010,1967,409,25),(9011,1491,271,6),(9012,2451,203,20),(9013,2010,86,31),(9014,39,466,20),(9015,2948,248,13),(9016,369,430,1),(9017,511,147,25),(9018,348,42,30),(9019,506,313,24),(9020,2808,261,29),(9021,1554,507,20),(9022,80,130,7),(9023,521,270,2),(9024,1609,294,22),(9025,871,368,5),(9026,717,388,35),(9027,542,299,34),(9028,2558,376,12),(9029,2394,361,28),(9030,750,478,17),(9031,2296,87,30),(9032,1953,445,14),(9033,846,130,14),(9034,2143,244,28),(9035,2902,247,31),(9036,1829,441,18),(9037,1212,335,8),(9038,1730,270,10),(9039,2615,67,27),(9040,1449,217,22),(9041,2070,42,35),(9042,11,182,15),(9043,1893,56,28),(9044,1190,222,24),(9045,1863,179,14),(9046,1371,353,31),(9047,2683,111,26),(9048,1704,112,15),(9049,1321,64,20),(9050,103,50,34),(9051,2960,45,26),(9052,477,343,28),(9053,1444,306,27),(9054,576,448,25),(9055,342,309,11),(9056,2429,270,9),(9057,2602,117,15),(9058,1876,259,18),(9059,1622,492,18),(9060,1477,297,18),(9061,1617,67,21),(9062,2795,104,12),(9063,88,65,3),(9064,2405,223,21),(9065,2691,269,30),(9066,796,394,1),(9067,2109,69,6),(9068,412,221,30),(9069,1409,361,23),(9070,1747,170,6),(9071,2419,308,9),(9072,1136,288,8),(9073,1531,501,34),(9074,92,96,20),(9075,280,197,31),(9076,1328,211,16),(9077,2871,185,19),(9078,1181,318,10),(9079,362,341,23),(9080,1573,417,3),(9081,1681,110,13),(9082,674,235,20),(9083,1114,361,17),(9084,340,173,31),(9085,389,68,11),(9086,1716,442,7),(9087,2905,235,25),(9088,2076,429,28),(9089,1773,475,31),(9090,598,247,19),(9091,1642,191,3),(9092,656,100,8),(9093,1512,297,4),(9094,1223,430,8),(9095,1044,41,4),(9096,1602,74,19),(9097,227,8,4),(9098,1812,109,22),(9099,186,292,16),(9100,1382,42,19),(9101,517,155,6),(9102,1885,467,19),(9103,2389,90,8),(9104,2700,48,18),(9105,426,338,17),(9106,790,19,21),(9107,1118,370,28),(9108,2343,58,27),(9109,1207,211,34),(9110,2404,165,23),(9111,2628,408,32),(9112,1453,47,5),(9113,707,94,4),(9114,2789,378,32),(9115,2900,400,20),(9116,622,218,16),(9117,669,366,35),(9118,805,221,2),(9119,383,355,24),(9120,590,274,31),(9121,1279,436,28),(9122,379,96,17),(9123,1889,31,13),(9124,474,487,10),(9125,2123,419,6),(9126,237,398,10),(9127,331,453,10),(9128,1416,190,10),(9129,1943,218,32),(9130,2848,72,28),(9131,1215,483,34),(9132,1053,42,34),(9133,487,32,31),(9134,1080,310,20),(9135,2091,463,27),(9136,576,358,24),(9137,522,138,12),(9138,887,156,3),(9139,2584,86,18),(9140,2538,437,22),(9141,1394,354,23),(9142,2171,392,14),(9143,2200,16,28),(9144,2370,112,19),(9145,1944,138,18),(9146,157,445,32),(9147,2879,284,31),(9148,529,149,11),(9149,2248,245,34),(9150,108,415,20),(9151,568,408,29),(9152,818,457,31),(9153,1221,29,25),(9154,1427,374,34),(9155,558,234,11),(9156,1573,386,22),(9157,2256,104,6),(9158,2531,457,26),(9159,317,432,17),(9160,2587,67,8),(9161,2794,62,9),(9162,2443,449,10),(9163,721,366,11),(9164,560,260,6),(9165,1507,357,32),(9166,187,53,21),(9167,1060,111,19),(9168,1735,428,14),(9169,916,422,29),(9170,1601,394,12),(9171,95,9,17),(9172,2786,30,7),(9173,1909,66,35),(9174,2681,364,20),(9175,68,279,31),(9176,2869,119,31),(9177,2453,473,6),(9178,781,427,28),(9179,1467,263,28),(9180,1930,426,16),(9181,2125,379,15),(9182,945,447,5),(9183,1038,30,11),(9184,852,109,32),(9185,2234,93,18),(9186,2309,345,33),(9187,2692,391,33),(9188,1815,255,11),(9189,1468,402,20),(9190,2343,236,14),(9191,1548,233,14),(9192,1618,487,10),(9193,2194,199,12),(9194,37,208,35),(9195,1658,273,17),(9196,989,301,2),(9197,2597,257,16),(9198,568,313,24),(9199,1265,414,29),(9200,151,428,31),(9201,2014,93,9),(9202,1509,305,6),(9203,901,384,35),(9204,1088,343,30),(9205,1189,279,29),(9206,1384,133,15),(9207,983,316,14),(9208,2015,52,10),(9209,1205,61,25),(9210,2327,363,23),(9211,828,122,20),(9212,1020,382,18),(9213,852,125,23),(9214,2243,329,8),(9215,1015,417,16),(9216,1419,110,8),(9217,1721,373,8),(9218,1050,248,12),(9219,186,265,16),(9220,89,53,16),(9221,2011,479,23),(9222,284,25,3),(9223,2223,139,13),(9224,1516,108,16),(9225,2476,360,28),(9226,868,290,22),(9227,1978,81,10),(9228,476,304,22),(9229,274,191,23),(9230,916,424,26),(9231,2735,441,13),(9232,753,53,19),(9233,1510,188,10),(9234,2586,452,3),(9235,2165,174,26),(9236,1165,323,19),(9237,2381,195,14),(9238,129,331,29),(9239,860,330,34),(9240,937,179,22),(9241,1804,457,18),(9242,396,397,35),(9243,455,118,13),(9244,206,482,2),(9245,370,73,18),(9246,993,46,11),(9247,1049,391,30),(9248,2487,366,1),(9249,1477,438,35),(9250,1765,457,30),(9251,2209,505,26),(9252,2056,481,8),(9253,2371,95,14),(9254,1918,65,12),(9255,580,286,23),(9256,2671,244,21),(9257,1395,175,10),(9258,1936,459,16),(9259,996,198,33),(9260,1394,266,1),(9261,1892,184,31),(9262,1299,456,21),(9263,2559,204,7),(9264,676,300,10),(9265,1418,108,4),(9266,2168,149,7),(9267,579,360,23),(9268,68,243,12),(9269,2897,425,1),(9270,2473,263,7),(9271,775,299,14),(9272,2886,347,1),(9273,2539,87,26),(9274,425,21,12),(9275,1435,293,9),(9276,1522,396,29),(9277,990,217,7),(9278,2331,392,34),(9279,2344,271,5),(9280,1798,405,14),(9281,154,148,2),(9282,741,149,16),(9283,1842,482,22),(9284,2217,369,32),(9285,1728,211,33),(9286,1652,140,2),(9287,2609,320,5),(9288,890,291,32),(9289,2586,250,32),(9290,2552,77,24),(9291,1108,53,29),(9292,1048,317,13),(9293,1258,293,19),(9294,2267,381,4),(9295,1834,488,35),(9296,1246,176,17),(9297,958,306,28),(9298,2292,224,15),(9299,34,434,25),(9300,2205,367,23),(9301,1754,216,24),(9302,198,233,31),(9303,1034,483,23),(9304,938,89,13),(9305,2889,232,32),(9306,375,421,1),(9307,1951,442,22),(9308,374,384,26),(9309,1029,247,12),(9310,411,301,18),(9311,1523,313,32),(9312,2366,339,7),(9313,640,328,29),(9314,1791,285,34),(9315,1948,107,3),(9316,2812,81,3),(9317,837,256,4),(9318,621,171,7),(9319,1586,98,1),(9320,2218,249,25),(9321,1735,87,7),(9322,1276,216,31),(9323,627,280,1),(9324,2125,410,33),(9325,2735,421,20),(9326,701,35,1),(9327,1518,372,32),(9328,1579,236,4),(9329,2792,326,8),(9330,692,290,11),(9331,2148,230,17),(9332,642,38,21),(9333,2214,494,9),(9334,188,334,10),(9335,1524,100,9),(9336,621,10,20),(9337,2773,328,33),(9338,2872,494,12),(9339,2132,137,25),(9340,1706,428,14),(9341,1143,332,10),(9342,1466,86,33),(9343,1595,266,2),(9344,1549,417,13),(9345,2454,11,20),(9346,2441,239,2),(9347,1762,357,35),(9348,732,8,26),(9349,229,330,35),(9350,1774,491,28),(9351,1076,495,1),(9352,1066,220,35),(9353,1521,496,17),(9354,2888,24,35),(9355,931,377,28),(9356,1484,365,15),(9357,371,415,16),(9358,2959,171,21),(9359,2692,419,14),(9360,652,64,13),(9361,1693,244,21),(9362,2436,218,18),(9363,2140,420,16),(9364,2935,427,29),(9365,2893,173,34),(9366,58,466,21),(9367,664,302,33),(9368,1475,165,22),(9369,684,35,2),(9370,555,150,22),(9371,2852,300,7),(9372,1178,121,17),(9373,1781,223,6),(9374,134,254,16),(9375,1339,401,30),(9376,1101,163,8),(9377,175,465,1),(9378,1801,400,2),(9379,2889,252,11),(9380,2708,437,20),(9381,191,440,4),(9382,1448,270,22),(9383,585,328,21),(9384,620,494,8),(9385,1982,149,5),(9386,1331,141,6),(9387,162,61,16),(9388,1039,354,29),(9389,2411,472,12),(9390,1932,79,14),(9391,1864,73,30),(9392,1055,234,29),(9393,633,122,9),(9394,1781,282,27),(9395,2806,191,4),(9396,2167,249,20),(9397,1284,75,32),(9398,1063,24,24),(9399,205,42,3),(9400,617,124,14),(9401,1264,9,23),(9402,2808,421,31),(9403,2682,76,7),(9404,1357,389,26),(9405,371,114,31),(9406,433,141,8),(9407,745,322,33),(9408,939,193,3),(9409,1282,83,2),(9410,491,58,14),(9411,85,28,24),(9412,724,193,6),(9413,1443,485,28),(9414,10,175,22),(9415,2403,202,28),(9416,865,308,33),(9417,2285,224,25),(9418,2876,433,13),(9419,1854,392,20),(9420,842,183,7),(9421,1138,456,16),(9422,380,228,20),(9423,1907,127,10),(9424,1058,44,30),(9425,1406,322,26),(9426,1240,381,20),(9427,1799,18,4),(9428,540,360,9),(9429,223,366,27),(9430,2701,342,11),(9431,2469,135,13),(9432,1564,385,35),(9433,435,333,5),(9434,2983,297,4),(9435,1238,309,18),(9436,3008,115,5),(9437,413,224,11),(9438,1483,233,14),(9439,2613,459,3),(9440,2617,37,16),(9441,2776,277,1),(9442,2725,402,34),(9443,1843,236,24),(9444,2109,374,22),(9445,1317,341,16),(9446,1093,500,5),(9447,240,304,21),(9448,2397,65,13),(9449,273,497,31),(9450,776,64,13),(9451,2910,504,27),(9452,2843,388,30),(9453,206,124,33),(9454,2387,170,23),(9455,1939,324,3),(9456,2092,361,31),(9457,2775,58,17),(9458,2241,418,22),(9459,703,495,27),(9460,1329,101,28),(9461,192,169,10),(9462,595,384,15),(9463,2771,325,29),(9464,355,101,16),(9465,2149,285,19),(9466,818,17,3),(9467,54,22,26),(9468,2490,347,31),(9469,941,327,34),(9470,1056,295,19),(9471,167,494,18),(9472,101,129,17),(9473,2101,424,7),(9474,2638,333,29),(9475,1653,505,33),(9476,991,104,7),(9477,1637,332,17),(9478,1000,258,5),(9479,1592,204,21),(9480,279,488,28),(9481,2657,236,35),(9482,508,339,3),(9483,917,253,33),(9484,166,181,2),(9485,1415,154,17),(9486,1573,353,21),(9487,1771,193,24),(9488,1618,254,27),(9489,1254,317,2),(9490,106,311,21),(9491,1144,154,32),(9492,1438,151,15),(9493,1509,224,34),(9494,2257,306,23),(9495,1977,147,12),(9496,1962,296,8),(9497,933,13,3),(9498,2217,210,14),(9499,2139,389,25),(9500,226,122,17),(9501,1614,264,27),(9502,212,28,13),(9503,1955,471,30),(9504,2502,367,1),(9505,2065,463,3),(9506,2396,464,16),(9507,2812,41,34),(9508,2894,474,14),(9509,2845,117,27),(9510,2787,375,4),(9511,927,78,24),(9512,1346,390,10),(9513,2946,351,17),(9514,2033,26,18),(9515,1557,322,17),(9516,1099,466,31),(9517,1486,273,15),(9518,2986,473,31),(9519,2148,124,33),(9520,2941,195,25),(9521,2067,329,32),(9522,2322,378,9),(9523,1328,172,15),(9524,800,119,29),(9525,27,431,30),(9526,1767,22,26),(9527,2782,505,28),(9528,2076,237,26),(9529,953,146,31),(9530,2822,38,1),(9531,1330,151,22),(9532,2613,186,20),(9533,294,122,2),(9534,2755,16,17),(9535,1699,108,20),(9536,1517,101,2),(9537,1291,354,17),(9538,2395,422,23),(9539,993,57,22),(9540,1184,114,9),(9541,2788,242,30),(9542,2966,142,14),(9543,2506,45,13),(9544,1867,504,8),(9545,361,313,12),(9546,1682,496,34),(9547,2072,362,35),(9548,1696,458,31),(9549,681,268,5),(9550,1074,57,8),(9551,2109,64,26),(9552,2023,16,35),(9553,1324,93,3),(9554,107,200,18),(9555,884,111,16),(9556,2396,18,27),(9557,1654,296,35),(9558,2435,72,16),(9559,1587,383,15),(9560,376,213,35),(9561,766,199,28),(9562,2229,31,17),(9563,2080,188,30),(9564,651,123,35),(9565,276,216,31),(9566,813,25,13),(9567,610,216,33),(9568,2449,129,23),(9569,1041,501,4),(9570,94,413,35),(9571,1634,18,27),(9572,2290,133,8),(9573,990,159,19),(9574,2435,288,4),(9575,1670,216,34),(9576,1877,441,34),(9577,1556,355,23),(9578,36,248,33),(9579,1385,414,35),(9580,1704,115,34),(9581,370,220,12),(9582,1927,116,16),(9583,174,347,2),(9584,426,223,16),(9585,816,35,32),(9586,922,65,21),(9587,1875,22,23),(9588,213,79,13),(9589,1661,434,31),(9590,1309,135,32),(9591,1830,26,24),(9592,610,409,2),(9593,2299,494,29),(9594,2377,36,24),(9595,2636,365,25),(9596,2069,360,29),(9597,2094,79,24),(9598,2601,112,28),(9599,1805,93,9),(9600,1007,22,5),(9601,320,75,16),(9602,211,410,21),(9603,1743,52,19),(9604,2518,347,12),(9605,754,183,32),(9606,2304,434,16),(9607,323,314,30),(9608,1541,337,7),(9609,1924,79,23),(9610,210,145,1),(9611,2467,492,34),(9612,1763,318,22),(9613,887,243,34),(9614,1292,389,3),(9615,798,48,11),(9616,359,156,27),(9617,2692,124,23),(9618,2787,506,22),(9619,103,74,33),(9620,1367,344,25),(9621,1185,131,4),(9622,2321,438,11),(9623,2870,87,2),(9624,989,216,9),(9625,2742,372,15),(9626,1249,21,1),(9627,2851,283,3),(9628,707,339,5),(9629,512,272,3),(9630,347,112,19),(9631,1744,20,19),(9632,1008,396,29),(9633,2238,360,14),(9634,2023,391,34),(9635,675,9,35),(9636,19,157,15),(9637,799,96,29),(9638,1381,157,25),(9639,966,45,31),(9640,74,12,26),(9641,3000,228,1),(9642,642,347,31),(9643,839,40,35),(9644,706,261,12),(9645,2231,137,10),(9646,1342,221,28),(9647,1302,60,31),(9648,748,231,16),(9649,1330,103,9),(9650,1327,85,18),(9651,184,214,2),(9652,1567,216,8),(9653,2155,238,9),(9654,2129,214,6),(9655,2575,139,5),(9656,1194,42,19),(9657,2250,506,3),(9658,328,215,7),(9659,752,313,20),(9660,840,249,27),(9661,1257,344,24),(9662,1852,123,25),(9663,615,206,14),(9664,1686,113,17),(9665,271,45,20),(9666,2503,260,20),(9667,2855,24,29),(9668,1564,43,7),(9669,533,55,35),(9670,2962,12,7),(9671,1528,489,16),(9672,1281,464,25),(9673,2057,145,9),(9674,722,66,20),(9675,684,468,32),(9676,1172,165,34),(9677,1868,322,27),(9678,1288,423,24),(9679,2900,440,5),(9680,2157,338,11),(9681,2314,68,12),(9682,830,114,1),(9683,42,350,11),(9684,1410,393,25),(9685,1374,136,29),(9686,1129,215,9),(9687,2761,90,6),(9688,2890,130,29),(9689,2085,435,11),(9690,1273,354,1),(9691,2178,373,7),(9692,409,119,34),(9693,2062,453,30),(9694,101,426,15),(9695,1599,413,30),(9696,2623,66,1),(9697,2679,292,35),(9698,392,276,10),(9699,2559,160,23),(9700,65,61,34),(9701,1878,105,22),(9702,2491,406,7),(9703,2046,145,24),(9704,2628,54,17),(9705,363,182,32),(9706,1485,497,20),(9707,2195,104,16),(9708,1062,382,12),(9709,733,226,22),(9710,963,354,28),(9711,1561,479,17),(9712,357,145,3),(9713,60,456,3),(9714,2323,421,21),(9715,861,475,19),(9716,1830,201,17),(9717,445,151,6),(9718,2349,402,33),(9719,1870,397,11),(9720,744,355,10),(9721,620,496,6),(9722,2826,246,3),(9723,462,500,18),(9724,137,292,32),(9725,588,424,32),(9726,2636,214,17),(9727,363,67,21),(9728,645,476,17),(9729,2217,93,29),(9730,757,464,27),(9731,794,281,4),(9732,2172,15,26),(9733,492,309,28),(9734,720,154,28),(9735,2485,412,26),(9736,2402,226,3),(9737,1060,220,9),(9738,2463,417,3),(9739,2040,370,5),(9740,73,238,13),(9741,364,418,26),(9742,269,22,26),(9743,2681,174,33),(9744,2626,468,24),(9745,1013,52,27),(9746,2083,137,18),(9747,2030,156,24),(9748,1774,415,2),(9749,1842,461,26),(9750,1582,340,1),(9751,1992,187,17),(9752,2712,55,22),(9753,1139,308,21),(9754,86,400,11),(9755,1091,457,17),(9756,2299,503,35),(9757,2066,65,17),(9758,1283,37,30),(9759,2163,375,3),(9760,2674,168,19),(9761,454,331,14),(9762,2425,491,19),(9763,535,26,35),(9764,926,379,4),(9765,2897,146,5),(9766,2504,31,13),(9767,2147,472,23),(9768,1867,265,1),(9769,1437,451,14),(9770,776,440,21),(9771,2933,491,18),(9772,1200,449,11),(9773,162,443,22),(9774,1556,445,8),(9775,1399,133,4),(9776,2882,344,35),(9777,2498,502,28),(9778,1088,270,1),(9779,2212,315,29),(9780,653,140,29),(9781,2104,475,30),(9782,563,275,23),(9783,1480,67,12),(9784,2377,177,5),(9785,1889,455,10),(9786,2274,217,21),(9787,1160,187,34),(9788,1524,191,14),(9789,691,326,34),(9790,1240,336,5),(9791,388,491,14),(9792,68,119,31),(9793,577,208,8),(9794,765,259,27),(9795,1783,445,28),(9796,1649,166,6),(9797,1254,419,31),(9798,2230,161,19),(9799,219,507,34),(9800,1041,252,23),(9801,1224,458,22),(9802,1742,495,35),(9803,722,133,29),(9804,2580,118,31),(9805,1532,269,28),(9806,1393,232,26),(9807,2668,454,31),(9808,1498,448,30),(9809,1533,360,23),(9810,45,85,1),(9811,2810,81,26),(9812,810,451,14),(9813,1945,333,32),(9814,1129,180,34),(9815,1026,334,11),(9816,823,362,8),(9817,468,122,23),(9818,976,210,24),(9819,2629,440,35),(9820,2851,169,18),(9821,1352,309,5),(9822,2946,62,9),(9823,1682,48,17),(9824,259,29,24),(9825,1454,33,22),(9826,443,409,29),(9827,2225,491,35),(9828,1872,50,28),(9829,1226,451,29),(9830,1404,251,16),(9831,732,443,5),(9832,2845,345,33),(9833,2146,277,10),(9834,406,388,19),(9835,1161,356,30),(9836,1564,247,28),(9837,2975,208,35),(9838,2951,302,29),(9839,2771,427,27),(9840,1303,391,6),(9841,1085,12,28),(9842,983,87,23),(9843,1291,181,19),(9844,2953,491,21),(9845,878,431,25),(9846,1014,451,4),(9847,1497,411,31),(9848,2154,449,30),(9849,2095,266,15),(9850,626,357,9),(9851,2761,361,24),(9852,606,348,18),(9853,1973,273,2),(9854,1982,272,23),(9855,1072,229,8),(9856,2082,349,6),(9857,474,168,8),(9858,360,310,8),(9859,2666,167,8),(9860,1583,148,19),(9861,2407,169,15),(9862,2691,365,30),(9863,238,500,3),(9864,539,86,13),(9865,2544,226,11),(9866,2350,206,26),(9867,329,126,3),(9868,1706,285,12),(9869,149,235,33),(9870,2660,66,14),(9871,2973,355,5),(9872,1345,81,6),(9873,2222,108,27),(9874,1157,411,30),(9875,1870,385,13),(9876,2301,413,21),(9877,2794,74,18),(9878,423,419,6),(9879,1665,122,9),(9880,570,374,23),(9881,1772,274,8),(9882,1063,464,6),(9883,61,95,23),(9884,49,439,16),(9885,2859,12,11),(9886,2924,227,19),(9887,556,245,10),(9888,251,114,10),(9889,1091,263,1),(9890,2281,483,21),(9891,2899,417,12),(9892,2541,184,10),(9893,448,126,21),(9894,1434,71,15),(9895,1321,233,10),(9896,1277,452,4),(9897,558,22,6),(9898,841,64,1),(9899,1823,260,30),(9900,421,134,10),(9901,1503,81,34),(9902,2307,42,2),(9903,2666,77,6),(9904,281,218,32),(9905,2745,361,15),(9906,2010,8,5),(9907,1094,392,21),(9908,2320,448,11),(9909,1995,62,13),(9910,2513,449,15),(9911,946,220,8),(9912,2381,69,13),(9913,1332,436,20),(9914,2460,216,34),(9915,2358,336,10),(9916,666,132,15),(9917,821,199,27),(9918,432,134,16),(9919,2211,46,9),(9920,1369,52,15),(9921,2151,324,26),(9922,2091,475,29),(9923,1466,497,7),(9924,248,391,11),(9925,190,147,34),(9926,1412,247,30),(9927,685,252,26),(9928,2946,75,7),(9929,1064,347,11),(9930,2055,166,4),(9931,1623,37,28),(9932,2241,337,20),(9933,2223,130,23),(9934,2784,16,25),(9935,2752,295,8),(9936,1023,24,21),(9937,234,174,26),(9938,2295,435,21),(9939,578,472,2),(9940,2180,283,28),(9941,1097,445,25),(9942,563,85,33),(9943,2957,182,14),(9944,1580,268,11),(9945,1247,26,23),(9946,2202,487,24),(9947,451,241,35),(9948,887,48,3),(9949,744,275,23),(9950,993,410,20),(9951,816,372,34),(9952,201,352,13),(9953,995,79,31),(9954,909,307,27),(9955,720,319,5),(9956,1598,382,22),(9957,682,351,8),(9958,1840,123,25),(9959,2664,350,21),(9960,1286,143,33),(9961,171,106,15),(9962,632,334,19),(9963,2448,240,15),(9964,1793,463,16),(9965,168,414,19),(9966,2042,381,10),(9967,1193,141,22),(9968,2778,241,15),(9969,2257,217,30),(9970,2432,141,10),(9971,644,484,13),(9972,1375,427,31),(9973,924,265,9),(9974,1305,94,5),(9975,1501,225,33),(9976,1570,191,30),(9977,2813,63,7),(9978,2502,498,30),(9979,424,128,15),(9980,2750,439,2),(9981,438,385,14),(9982,2541,207,13),(9983,625,407,20),(9984,2008,481,29),(9985,642,308,15),(9986,2775,136,34),(9987,718,51,17),(9988,750,238,23),(9989,947,209,26),(9990,64,40,30),(9991,2520,199,1),(9992,9,498,31),(9993,1765,405,10),(9994,42,285,22),(9995,2680,476,2),(9996,1403,135,22),(9997,969,355,27),(9998,2648,385,9),(9999,1815,248,20),(10000,1925,52,16),(10001,805,224,35),(10002,2051,206,30),(10003,2552,15,22),(10004,280,118,12),(10005,95,264,21),(10006,2033,429,13),(10007,1726,169,14),(10008,2077,11,32),(10009,1790,254,14),(10010,131,12,25),(10011,296,161,6),(10012,1633,106,18),(10013,360,270,2),(10014,2351,437,26),(10015,656,205,2);
/*!40000 ALTER TABLE `ligne_commande` ENABLE KEYS */;
UNLOCK TABLES;

--
-- Table structure for table `produit`
--

DROP TABLE IF EXISTS `produit`;
/*!40101 SET @saved_cs_client     = @@character_set_client */;
/*!50503 SET character_set_client = utf8mb4 */;
CREATE TABLE `produit` (
  `id` int NOT NULL AUTO_INCREMENT,
  `reference` varchar(30) NOT NULL,
  `libelle` varchar(100) NOT NULL,
  `prix` decimal(8,2) NOT NULL,
  `archive` tinyint NOT NULL DEFAULT '0',
  PRIMARY KEY (`id`)
) ENGINE=InnoDB AUTO_INCREMENT=508 DEFAULT CHARSET=utf8mb4 COLLATE=utf8mb4_0900_ai_ci;
/*!40101 SET character_set_client = @saved_cs_client */;

--
-- Dumping data for table `produit`
--

LOCK TABLES `produit` WRITE;
/*!40000 ALTER TABLE `produit` DISABLE KEYS */;
INSERT INTO `produit` VALUES (8,'NEmLCDpY2m','Long Island Ice Tea',246.91,1),(9,'JKn5BbZiNm','Cheese - Swiss',50.66,0),(10,'ewKl4sbdYo','Soup - Knorr, Classic Can. Chili',408.30,1),(11,'LabEPzuI9x','Rappini - Andy Boy',490.18,0),(12,'7gs9oHMkrv','Octopus',128.80,0),(13,'yS6RnjSt0t','Bread Base - Goodhearth',276.60,0),(14,'YBbzaPkAfx','Cheese - Mozzarella, Buffalo',453.50,0),(15,'GoIK2l1q45','Wine - Barbera Alba Doc 2001',21.21,1),(16,'tZxdCNy8eT','Chicken - White Meat With Tender',71.16,0),(17,'dBQitoQqUT','Shrimp - 16/20, Peeled Deviened',174.13,1),(18,'fvkyHdOvzo','Tia Maria',436.83,1),(19,'Q31zoOMDuR','Beef - Top Sirloin - Aaa',473.86,1),(20,'q5ez6jJuhx','Wine - Vouvray Cuvee Domaine',226.49,0),(21,'knTm2KU940','Truffle Paste',110.19,1),(22,'CLmKEdJFsc','Turkey - Breast, Bone - In',186.01,1),(23,'2anYTqMl0B','Ecolab - Hobart Upr Prewash Arm',237.85,0),(24,'RJD0zSA71I','Soup - Knorr, Ministrone',8.73,1),(25,'OCPEiCRZUT','Soup Campbells - Tomato Bisque',102.75,0),(26,'Oq4ykUNwK3','Gelatine Powder',459.59,0),(27,'k9agTF3czp','Bread - Dark Rye, Loaf',463.22,1),(28,'99frkPySS5','Pork - Bacon,back Peameal',207.05,0),(29,'ENrPZSpol8','Sauce - Fish 25 Ozf Bottle',354.11,0),(30,'hBpWEh7l4P','Quail - Jumbo Boneless',106.68,0),(31,'wM54mLdv3I','Longos - Cheese Tortellini',431.94,0),(32,'yN3cLTr0TV','Cheese - Parmesan Cubes',168.93,0),(33,'f2e5CFpd8o','Pasta - Spaghetti, Dry',416.30,1),(34,'v1nOYwaMNz','Sachet',287.65,0),(35,'KM7KRN9fXT','Sword Pick Asst',408.71,1),(36,'TZoAgBoGIB','Magnotta - Bel Paese White',49.90,1),(37,'fOV5Vx6d96','Dragon Fruit',160.30,0),(38,'ekn1RPd7mc','Bay Leaf Fresh',360.46,1),(39,'bnLeItgpgW','Cheese Cloth No 60',191.42,0),(40,'oN2Yn8i5bp','Zucchini - Yellow',336.69,0),(41,'TohlUb98Mx','Cheese - Gorgonzola',305.78,0),(42,'Ah8MaOBKcT','Sole - Iqf',15.69,0),(43,'PywXuLb1JQ','Napkin - Cocktail,beige 2 - Ply',225.18,1),(44,'6tQ3QowqY8','Shrimp - Baby, Warm Water',384.38,1),(45,'49T64OjPYm','Tomatoes - Yellow Hot House',433.21,0),(46,'zV0VBpewsm','Container - Clear 32 Oz',433.10,0),(47,'UG2U6tssGV','Cream Of Tartar',70.88,1),(48,'R47n5XWrBl','Soup Knorr Chili With Beans',437.16,1),(49,'GVgESzzk6X','Fireball Whisky',233.81,0),(50,'qx5v11T9qY','Mushroom - Morels, Dry',70.43,0),(51,'2VujP8Vrd3','Beef Wellington',441.27,1),(52,'4ZXRdeVG5w','Soup - Campbells, Lentil',169.27,0),(53,'Akd4cBaku1','Soup Campbells - Italian Wedding',68.54,1),(54,'GotcT1TchQ','Compound - Rum',200.52,1),(55,'I78T40klYI','Ketchup - Tomato',242.94,0),(56,'S84LfwKiue','Pasta - Canelloni',138.08,1),(57,'sqzh0tMOH2','Ecolab Digiclean Mild Fm',36.53,0),(58,'DZfpHvyJM6','Bread - 10 Grain',77.08,0),(59,'BOZJqO1jl1','Cake - Box Window 10x10x2.5',400.16,0),(60,'fM3SVyUtsR','Tart Shells - Savory, 2',180.35,1),(61,'OVYgyHZkxP','Soup - Campbells Asian Noodle',151.91,0),(62,'dAs57Mn5Bh','Apple - Macintosh',318.24,1),(63,'wguuXzj42b','Venison - Liver',371.62,0),(64,'Eth3wbWoip','Soup - Knorr, Ministrone',435.63,1),(65,'xFq0wTTxTu','Ice Cream Bar - Drumstick',271.53,0),(66,'hG77GgS50W','Skirt - 29 Foot',348.27,0),(67,'kAt3DEgymN','Jameson Irish Whiskey',320.83,1),(68,'I7KEfpIwtL','Nutmeg - Ground',445.69,1),(69,'SGNta8glfD','Alize Sunset',491.20,1),(70,'kKXJgWtYKN','Spice - Montreal Steak Spice',75.87,0),(71,'AA8H2dG9ZE','Club Soda - Schweppes, 355 Ml',258.29,0),(72,'2p51JayXn2','Flower - Daisies',494.15,0),(73,'y3pTsTxtSO','Wine - Cotes Du Rhone Parallele',92.52,0),(74,'CsCVAAMwi0','Rice - Jasmine Sented',82.88,1),(75,'zKVW1xU0w5','Eggplant - Regular',265.09,1),(76,'BnRMMIHeuf','English Muffin',321.76,1),(77,'sUrD2FrTY4','Sachet',295.78,1),(78,'OIioDFb1lK','Tomato - Plum With Basil',128.81,1),(79,'OqBWBpHQ14','Plasticspoonblack',265.51,1),(80,'5tU6xEvNAA','Egg - Salad Premix',317.40,0),(81,'ANFVPya9WF','Longos - Lasagna Veg',177.75,0),(82,'ANBY25A4tr','Hot Choc Vending',107.80,1),(83,'rYoMPPiItW','Muffin - Mix - Strawberry Rhubarb',241.55,0),(84,'N0HfkIdMOq','Soup - Campbells Chili Veg',243.81,1),(85,'dQxY3tKOP9','Wine - Red, Antinori Santa',318.10,0),(86,'IcLqAZPNyH','Passion Fruit',413.17,1),(87,'eFZsHgGI2M','Pie Filling - Pumpkin',312.69,1),(88,'7ATF1GHaTW','Wine - Vidal Icewine Magnotta',73.30,0),(89,'tojNsNsEVR','Pomegranates',286.09,1),(90,'M14yYjbNEp','Chickhen - Chicken Phyllo',104.96,0),(91,'IS55KzMTVx','Creme De Menth - White',282.49,0),(92,'5UVVtHIOiy','Bread - 10 Grain',23.34,0),(93,'VJsZSW9EVY','Tea - English Breakfast',9.16,1),(94,'PKhY4B9SM4','Cake - Cake Sheet Macaroon',143.06,0),(95,'vVKh4OBbYj','Sachet',79.27,0),(96,'SS1avLO8pb','Amarula Cream',190.83,1),(97,'cKildTD1eq','Juice - Apple, 500 Ml',303.49,1),(98,'Vv5PQ2nqlu','Bread - Flat Bread',138.81,1),(99,'BuU2eSx2It','Pork - Suckling Pig',120.33,0),(100,'mGqfWe8h4U','Cheese - Comtomme',416.92,0),(101,'HXEp5gQmIm','Pears - Anjou',159.36,0),(102,'Mty7JodMWe','Sword Pick Asst',449.68,0),(103,'N6QhQsaDFF','Water - Green Tea Refresher',82.73,1),(104,'HTWSinWkhv','Cakes Assorted',214.01,1),(105,'eM3QAphyiE','Wine - Maipo Valle Cabernet',413.13,1),(106,'QxIqCynw0Z','Squash - Pepper',410.69,1),(107,'mHs3I6UhPR','Stock - Beef, Brown',19.17,1),(108,'V1x4fxwXTw','Paper Towel Touchless',133.54,1),(109,'rzRkneFm23','Lettuce - Baby Salad Greens',464.96,1),(110,'uIoai00d9H','Wonton Wrappers',156.41,0),(111,'dB9QdZhHqT','Pasta - Orzo, Dry',383.05,0),(112,'85zDnkE6Uo','Bag Clear 10 Lb',404.57,1),(113,'uCwY6VQEm8','Tabasco Sauce, 2 Oz',58.52,0),(114,'m0SchcO1R8','Strawberries',72.31,0),(115,'qTQTGXHjBG','Tuna - Sushi Grade',469.83,1),(116,'Z99dT9e6YF','Juice - Tomato, 10 Oz',464.67,1),(117,'qO0ptDn3al','Extract Vanilla Pure',345.70,1),(118,'EUG77i67S7','Stock - Beef, White',197.82,1),(119,'XU5bnFDJsH','Wine - Chablis 2003 Champs',215.44,1),(120,'7xLeXSIqca','Chicken - Base',494.66,0),(121,'GTK1N0JXoF','Croissant, Raw - Mini',74.31,0),(122,'nudDcf7dBf','Crush - Grape, 355 Ml',303.63,1),(123,'Vhn8DoyfCq','Ecolab - Hobart Washarm End Cap',432.82,1),(124,'Nomh34569J','French Pastries',153.73,1),(125,'Rm8zwxeiMl','Cheese - Brick With Pepper',365.51,1),(126,'DN6Ol5P2da','Icecream Cone - Areo Chocolate',40.78,1),(127,'FgghfiaGzp','Wine - Casablanca Valley',442.12,0),(128,'no448vGCnk','Island Oasis - Peach Daiquiri',1.34,0),(129,'On7ijZ4zaE','Pork - Backs - Boneless',200.58,0),(130,'HTwiNBeqrA','Bread - Focaccia Quarter',380.28,1),(131,'hdTTnggdLy','Glass Clear 8 Oz',96.30,0),(132,'m3zsF6q4Rn','Stock - Veal, White',59.42,0),(133,'fFE6iIUMoN','Pastry - Key Limepoppy Seed Tea',419.80,1),(134,'sktHZeXUYF','Shrimp - Baby, Warm Water',152.86,1),(135,'KgPYiFpOoz','Tomato - Tricolor Cherry',2.56,0),(136,'HaTlX7Zgc8','Lid - 10,12,16 Oz',375.07,1),(137,'i4cKcebn1V','Foil - 4oz Custard Cup',328.31,1),(138,'tkhfcEDA1c','Juice - Ocean Spray Cranberry',225.84,1),(139,'0DF8T3pjX2','Wine - Sogrape Mateus Rose',188.70,0),(140,'LQQXWUdR7B','Longos - Grilled Veg Sandwiches',127.52,1),(141,'ViidpvG5bj','Canada Dry',393.52,0),(142,'sKT8HBTiES','Whmis Spray Bottle Graduated',291.65,0),(143,'c5s42yWOgo','Juice - Ocean Spray Cranberry',391.65,0),(144,'N0D43q7tyr','Crab - Claws, 26 - 30',461.61,1),(145,'Dt8nq1At3Q','Foil - Round Foil',57.98,0),(146,'gCty8c2Q2C','Vinegar - White',111.84,0),(147,'0LYzk9e159','Yogurt - Blueberry, 175 Gr',252.83,0),(148,'YxqqYceXGo','Basil - Dry, Rubbed',365.02,0),(149,'0feJY2pDYM','Bread - Sour Batard',96.01,1),(150,'Kwaqq4xlGR','Juice - V8, Tomato',25.31,0),(151,'HdqJDj5FE2','Beer - Mill St Organic',238.90,0),(152,'rmTzT0prfO','Fondant - Icing',450.65,0),(153,'BiX3BoykLL','Fruit Salad Deluxe',430.70,1),(154,'oLCyejM6DR','Hot Choc Vending',148.19,0),(155,'1NF9HRPZgQ','Chocolate - Unsweetened',489.21,0),(156,'B92pDjc9ll','Dasheen',53.61,0),(157,'E8zg1AuiD3','French Pastry - Mini Chocolate',178.49,1),(158,'cXTsQ6jpXo','Wine - White, Pinot Grigio',239.19,0),(159,'Ve3hxtXmFY','Wine - Vidal Icewine Magnotta',344.19,1),(160,'pKgtxSMb7H','Chick Peas - Dried',361.84,1),(161,'iaokVbig4E','Compound - Mocha',431.29,1),(162,'m0d0HQ7lh8','Tea - Earl Grey',285.43,0),(163,'gbJOcM4Qun','Juice - Grape, White',375.89,1),(164,'pSJUOpZcjA','Crackers - Soda / Saltins',182.02,1),(165,'7dwFAjKldL','Beef Wellington',220.81,0),(166,'f5BGE8AcJ8','Artichoke - Bottom, Canned',222.41,1),(167,'bwmUvLEIet','Beef - Ox Tail, Frozen',57.53,0),(168,'ImqvFpep2G','Lidsoupcont Rp12dn',297.00,0),(169,'UmPxBZqxsa','Catfish - Fillets',358.22,1),(170,'5WnLSB3eM0','Tendrils - Baby Pea, Organic',89.26,0),(171,'8rIIFU0Vx4','Ecolab - Balanced Fusion',406.56,1),(172,'BoxCUnWJ0e','Oil - Shortening - All - Purpose',473.90,0),(173,'FNts6BrBCm','Vodka - Hot, Lnferno',201.71,0),(174,'JJliJvmrTn','Nougat - Paste / Cream',357.60,1),(175,'rAKvR5O5Sz','Veal - Ground',304.19,1),(176,'rDQ3oMZT1j','Flour - Strong',437.75,0),(177,'gm0Rm7wIvq','Foil Cont Round',85.47,1),(178,'Ktk1hCI4bY','Beans - Kidney, Red Dry',478.11,0),(179,'GlBoV9qhjK','Mushroom - Morel Frozen',409.48,1),(180,'A4VKhbf6II','Chocolate - White',404.99,1),(181,'pYT2XIwOsz','Rice Paper',293.52,0),(182,'Eqmly65Y7a','Broom - Corn',365.04,1),(183,'4tjyMiwwOm','Thermometer Digital',460.96,1),(184,'FjxK2QYIjV','Ice Cream Bar - Hageen Daz To',479.31,1),(185,'WK1kKn5j2Q','Schnappes Peppermint - Walker',275.48,0),(186,'HBeOH4YWqG','Wine - Ej Gallo Sierra Valley',204.60,1),(187,'28JNiY44F0','Pastry - Lemon Danish - Mini',384.17,1),(188,'XADR3w4jRc','Pastry - Banana Tea Loaf',9.57,0),(189,'ns7KSO4uhQ','Shrimp - Black Tiger 13/15',430.78,1),(190,'G8oGJPdERn','Ecolab Crystal Fusion',481.77,1),(191,'zSU0dRGJKW','Lamb - Whole Head Off,nz',393.81,1),(192,'6ITH2bruNL','Wine - Magnotta - Bel Paese White',234.83,1),(193,'puaJEZiDFI','Wine - Bouchard La Vignee Pinot',150.44,1),(194,'IVQLTuKaHG','Vinegar - Balsamic, White',361.05,1),(195,'arJrJjuPoW','Beef - Short Loin',350.97,0),(196,'zbNvO6O1nE','Cheese - La Sauvagine',45.18,0),(197,'Y3Hmikusa7','Cheese - Le Cru Du Clocher',25.19,0),(198,'naHtMX9NqK','Peach - Halves',27.87,0),(199,'ouYBBrZzI1','Calaloo',100.02,1),(200,'EpoCyyhUuy','Cheese - Goat',312.27,1),(201,'tYpbajZzpW','Sausage - Chorizo',286.46,1),(202,'z72hrX5Dno','Veal - Provimi Inside',119.69,0),(203,'t24Q5knCOS','Truffle Cups - Brown',437.07,0),(204,'XAsQBqv6fQ','Sauce - Vodka Blush',170.70,0),(205,'Eh8oqy8fpD','Soap - Pine Sol Floor Cleaner',376.55,1),(206,'3LtfupEsBQ','Rum - Coconut, Malibu',58.22,1),(207,'FnlcH9Zx0e','Veal - Striploin',433.06,1),(208,'vBZV185svf','Juice - Apple 284ml',187.13,1),(209,'wUeQi8TU6L','Contreau',378.49,1),(210,'h4gtVfqMKx','Yoplait - Strawbrasp Peac',156.62,0),(211,'caopMLTB9x','Chilli Paste, Hot Sambal Oelek',336.25,0),(212,'SGLtGAmoRj','Shiratamako - Rice Flour',441.38,1),(213,'O9mtphlia9','Jack Daniels',398.77,1),(214,'SgDbLbyx1V','Soup - Campbells, Creamy',289.31,1),(215,'t7ne246Kvh','Pasta - Agnolotti - Butternut',393.92,1),(216,'Bib0bfdRy7','Wine - Casablanca Valley',22.40,0),(217,'Fm47SQCbn5','Steam Pan - Half Size Deep',217.76,1),(218,'jjH8fpiV6m','Puree - Mango',373.30,1),(219,'9C3JJyP1K2','Basil - Pesto Sauce',464.25,0),(220,'sdeUNLxIGE','Cheese - Parmesan Grated',297.05,0),(221,'k9bmcrOtMf','Turnip - Wax',292.53,1),(222,'6QKkbFhS6k','Pasta - Tortellini, Fresh',268.53,1),(223,'h61KVoo96a','Wine - Red, Lurton Merlot De',458.14,0),(224,'OgN8iupZTT','Guava',433.65,1),(225,'Rnx35tMTUG','Mace Ground',146.19,0),(226,'CozEbjKiPM','Soup - Cream Of Broccoli',428.93,1),(227,'vZiTkMGz8m','Sour Cream',330.16,1),(228,'PylWeLkNHr','Compound - Pear',190.26,0),(229,'HXWwOaGN9z','Sauce - White, Mix',29.59,1),(230,'kZ4gUuDc5N','Soup - Knorr, Chicken Gumbo',416.84,1),(231,'ppBGoCdEXX','Sauce - Apple, Unsweetened',473.21,0),(232,'S7GOmdGQ0B','Lumpfish Black',58.62,1),(233,'Zfw2GXloOK','Dikon',349.54,1),(234,'uslK7mCY96','Sauce - Thousand Island',10.39,1),(235,'Ywm6EnSg9i','Shichimi Togarashi Peppeers',350.41,1),(236,'PtssDe0yiB','Mince Meat - Filling',48.53,1),(237,'HlgXgZfe8J','Trout - Rainbow, Fresh',90.26,0),(238,'09n1wc8W2p','Wine - German Riesling',479.52,1),(239,'EArFnXXr8A','Wasabi Powder',228.44,0),(240,'kqEe6jHclh','Cookies Almond Hazelnut',328.49,1),(241,'aKAcJoGnJ1','Wine - Segura Viudas Aria Brut',245.57,0),(242,'h2uh6oiZxi','Chevere Logs',455.43,0),(243,'RRhPVEHCSU','Bread - Bistro White',488.55,1),(244,'P0Fz0ou5fj','Shrimp - Tiger 21/25',252.58,1),(245,'ikR2tR3ASY','Oven Mitts - 15 Inch',62.11,1),(246,'igPXorue94','Lamb - Leg, Diced',380.42,1),(247,'uYKg92Kh6B','Sage - Rubbed',425.64,0),(248,'QcEeBBtxJU','Sprouts - Pea',62.92,0),(249,'SwI271Y9kd','Cut Wakame - Hanawakaba',104.18,1),(250,'QkqBrKPCUM','Langers - Ruby Red Grapfruit',145.60,0),(251,'LF5Q62kbca','Thyme - Fresh',375.60,1),(252,'ycBIHapawf','Nestea - Iced Tea',36.90,0),(253,'veWhqEYVFw','Rum - Light, Captain Morgan',176.88,0),(254,'QT3EcBgeCK','Jam - Raspberry,jar',460.81,1),(255,'gRaLp1rpus','Spice - Greek 1 Step',38.59,1),(256,'pTWc37VkJO','Cheese - Bocconcini',495.79,1),(257,'GvlFNNB5cY','Evaporated Milk - Skim',386.40,0),(258,'pBcJ4ZApa8','Foam Cup 6 Oz',358.02,1),(259,'CExmYX3iZa','Soup Campbells Mexicali Tortilla',166.20,0),(260,'t0V7M1MGnN','Turkey - Breast, Double',207.77,1),(261,'oqcQtNDjtQ','Squid - Tubes / Tenticles 10/20',150.87,1),(262,'viaobxW9ne','Chocolate - Semi Sweet, Calets',296.21,0),(263,'KUcU1hIjoF','Bay Leaf Fresh',479.45,0),(264,'rqzzxHtLCJ','Seedlings - Clamshell',376.83,1),(265,'XmbR5u1dLG','Wine - Zonnebloem Pinotage',172.89,0),(266,'tWq9FF7MVp','Berry Brulee',322.37,1),(267,'3znT2zgcJF','Bagelers - Cinn / Brown Sugar',426.19,0),(268,'9cJF0p0p4Q','Nut - Hazelnut, Whole',235.62,0),(269,'sjGKTcgxeR','Coriander - Seed',82.99,1),(270,'xG9I7HISMO','V8 Pet',95.93,1),(271,'VK2obrfdGv','Garlic - Primerba, Paste',387.96,1),(272,'Hj5GXmumOf','Tea - Mint',85.15,0),(273,'AP7GuX1SPd','Rice - Aborio',194.32,0),(274,'J3RKGD9hv4','Roe - Lump Fish, Red',466.49,0),(275,'2nibM828in','Soup Campbells - Tomato Bisque',243.75,0),(276,'gc88O83NmH','Tea - Camomele',123.02,1),(277,'t14qXG0gnE','Nut - Walnut, Chopped',276.64,1),(278,'ubL4SORsM9','Coffee Decaf Colombian',495.78,0),(279,'tTpgCO71Kt','Lettuce - Boston Bib',213.82,0),(280,'L34sODkwxd','Bandage - Finger Cots',484.45,1),(281,'UZrdXsW77q','Dome Lid Clear P92008h',263.21,1),(282,'ycmLWGSBnE','Beer - Guiness',164.00,0),(283,'0gAPq8vBFX','Scallops - In Shell',85.80,0),(284,'6xvDQKHrm7','Bay Leaf Fresh',355.18,1),(285,'7QHPbxmLcc','Mikes Hard Lemonade',355.50,1),(286,'YLRTSkZSzt','Long Island Ice Tea',184.61,0),(287,'XEhIYBUQVM','Beef - Ox Tongue',382.97,0),(288,'A6iRL2wEMP','Bread - Assorted Rolls',88.14,1),(289,'a5Dsivrb1P','Pork - Back, Short Cut, Boneless',322.56,1),(290,'WlN1AYTuAb','Tea - English Breakfast',437.04,0),(291,'cgpsgEOAnf','Pate - Peppercorn',0.86,1),(292,'JckdNiNKZ0','Wine - Jaboulet Cotes Du Rhone',252.74,1),(293,'UMMI6506ph','Salt And Pepper Mix - Black',294.54,0),(294,'HTdw2CD7gw','Puree - Guava',438.23,1),(295,'E6KpTteMvJ','Cheese - Havarti, Roasted Garlic',488.04,0),(296,'5E6nqLn21H','Appetizer - Southwestern',223.15,1),(297,'518EMerWUA','Nut - Pecan, Pieces',441.00,0),(298,'yFsR88u0Ct','Pepper Squash',349.04,0),(299,'lqS4XlHbHO','Lid - High Heat, Super Clear',77.92,0),(300,'rOjFjzmOTm','Sauce - Fish 25 Ozf Bottle',238.42,0),(301,'IsJ6cMRftp','Carrots - Mini, Stem On',98.31,0),(302,'eC0Z7xKDLA','Extract - Raspberry',290.17,0),(303,'5UflOWE8kg','Wine - Baron De Rothschild',313.79,0),(304,'OXzYDo04yI','Beets',479.43,0),(305,'glY6tFHF0P','Pepsi - 600ml',223.52,1),(306,'PpTRrzLDbu','Water Chestnut - Canned',479.59,0),(307,'NuvKjs7uu6','Juice - Prune',13.18,0),(308,'aOQomoQYjA','Onions - Spanish',145.20,0),(309,'aGeX7Rfh6l','Table Cloth 54x72 White',286.41,0),(310,'Mbhrmznmhw','Snapple - Iced Tea Peach',314.25,1),(311,'hs9dPU0hUr','Tea - Lemon Green Tea',196.87,0),(312,'XP640wMizN','Pasta - Orecchiette',186.86,0),(313,'WBkdKzUdbB','Ice Cream Bar - Hageen Daz To',380.09,1),(314,'QkPpXHWGgy','Juice - Orange 1.89l',445.09,0),(315,'b2c02GjlV8','Puff Pastry - Sheets',450.41,1),(316,'eT4GIbQcij','Sage - Fresh',457.92,0),(317,'cNAXhEU2p6','Compound - Passion Fruit',412.43,0),(318,'z4sLFvzhGW','Swordfish Loin Portions',485.26,0),(319,'j5xBiTCOvn','Pasta - Agnolotti - Butternut',311.57,0),(320,'YWbF9scR6z','Venison - Racks Frenched',108.75,1),(321,'qSUTVSsutk','Sultanas',40.25,1),(322,'bWzwWR6Nky','Soup - Campbells, Creamy',436.77,1),(323,'daxTC5JDVo','Okra',180.30,1),(324,'JBC4bQQOol','Cheese - Grana Padano',128.13,1),(325,'f8j8gq6jUr','Fish - Base, Bouillion',141.52,0),(326,'Sc35IP8EZb','Soap - Pine Sol Floor Cleaner',129.65,0),(327,'TNd0iu1sEO','Bread - Raisin Walnut Oval',414.29,1),(328,'8XFu9gOL4A','Beans - Long, Chinese',461.30,1),(329,'34mYkUcTdP','Nut - Hazelnut, Ground, Natural',254.23,0),(330,'vw7Cva0p6V','Pepper - Paprika, Spanish',493.06,1),(331,'ibmBQPVjEY','Pail With Metal Handle 16l White',418.24,1),(332,'WrBd1ecc4P','Ranchero - Primerba, Paste',410.63,0),(333,'bzQm55iGfP','Crackers - Water',413.64,0),(334,'N4j9QdHEud','Flour - Rye',191.74,0),(335,'kLZL1F94dj','Cloves - Ground',325.79,0),(336,'w5cRcf8eYF','Pie Shells 10',209.02,0),(337,'4AhfgaabM8','Pur Value',4.76,1),(338,'6E7UMAxygz','Cafe Royale',368.09,1),(339,'wOhGubNcyG','Pork - Butt, Boneless',0.17,0),(340,'Z4z8jTAogX','Tea Leaves - Oolong',196.29,1),(341,'kLgBSGNwDr','Coffee Beans - Chocolate',281.82,0),(342,'npcLE7dqDU','Veal - Leg, Provimi - 50 Lb Max',235.71,0),(343,'xdCTCHnZWp','Paper Cocktail Umberlla 80 - 180',228.54,1),(344,'E7sIpndXIK','Cakes Assorted',360.22,1),(345,'s17u44vT71','Beer - True North Lager',230.08,0),(346,'gC8yea5guk','Pork - Tenderloin, Fresh',457.32,0),(347,'mSiwcxdsfG','Chips Potato All Dressed - 43g',270.75,0),(348,'uOdx1OdbJ7','Pear - Prickly',352.26,0),(349,'AyBLtEQaVF','Cheese - Grana Padano',90.22,1),(350,'GW1mUktztF','Table Cloth 53x53 White',55.78,1),(351,'3ULWKLjp3v','Soup - Campbells, Creamy',477.96,1),(352,'qdYgaQkBib','Gatorade - Cool Blue Raspberry',33.51,0),(353,'tF8sFyoDh9','Miso - Soy Bean Paste',444.58,1),(354,'rFaqBJ0nqH','Remy Red Berry Infusion',94.69,1),(355,'EFHKofxCbb','Cake - Cake Sheet Macaroon',488.30,0),(356,'OLgPdx0Amm','Noodles - Steamed Chow Mein',16.98,1),(357,'HdKLC01C02','Basil - Fresh',373.56,1),(358,'A4KXT3MGn1','Wine - Red, Mouton Cadet',198.64,0),(359,'3SapJ7N3SI','Soup - Tomato Mush. Florentine',89.60,0),(360,'nP7B7sS6lB','Corn Syrup',55.32,0),(361,'ReeKfUUyu8','Cookie - Dough Variety',272.50,1),(362,'v3MvYATyJB','Sardines',188.04,0),(363,'BnYAPrGrvX','External Supplier',425.71,0),(364,'oT3VSjKpyX','Doilies - 10, Paper',114.35,1),(365,'GcNes88p0X','Wine - Beringer Founders Estate',78.59,0),(366,'5H4E4uoJW0','Pie Pecan',230.40,0),(367,'thGuAwNaAW','Dome Lid Clear P92008h',208.47,0),(368,'yU1CpxTYMO','Beef - Roasted, Cooked',471.68,1),(369,'lUebMzwWnz','Dried Cranberries',276.42,1),(370,'pzEOndJuAR','Energy Drink - Franks Original',384.71,1),(371,'GmrQHkHhSR','Ice Cream - Life Savers',18.09,0),(372,'XLta3K3Mbv','Grapes - Black',429.52,1),(373,'XueuhDhFiz','Bread - White Mini Epi',62.16,1),(374,'EPYkebTGv9','Neckerchief Blck',21.59,1),(375,'v3yg6Ot7rQ','Food Colouring - Orange',210.44,1),(376,'i7KXL6EMJ1','Oil - Truffle, Black',439.21,1),(377,'vSs6p7GbGN','Ice Cream - Vanilla',472.17,0),(378,'Fg4r1fVzmT','Bread - White, Unsliced',152.45,1),(379,'ZiCvDze9gq','Water - Perrier',68.61,1),(380,'HxPbf3MCcy','Chicken - Breast, 5 - 7 Oz',488.08,0),(381,'rnxAShr3VX','Wine - White, Pelee Island',238.99,1),(382,'n0K9wj87go','Longos - Lasagna Beef',241.03,0),(383,'YexQRPg05n','Bread - French Baquette',348.81,0),(384,'79Xye0HleI','Cake - Box Window 10x10x2.5',242.08,0),(385,'QHXIn7w0d7','Cheese Cloth',90.51,0),(386,'TrPhzrsCdr','Chinese Foods - Cantonese',437.58,0),(387,'V1aQEE10b1','Papadam',267.61,1),(388,'33LMjc6byp','Syrup - Pancake',87.47,0),(389,'YHbebX3yPD','Maple Syrup',232.68,1),(390,'mkFaQC9vZp','Quail Eggs - Canned',208.80,1),(391,'Em7MyE2qSy','Cookies - Fortune',166.38,0),(392,'ip2yr9NYR5','Container - Hngd Cll Blk 7x7x3',241.35,1),(393,'zbB0nff2u5','Tray - 16in Rnd Blk',26.88,0),(394,'aVXRdBH5t6','Liquid Aminios Acid - Braggs',92.57,1),(395,'1DrZHD1pRS','Bread - Wheat Baguette',442.30,0),(396,'6kF5Cp8gZY','Cheese - Havarti, Roasted Garlic',61.93,1),(397,'5L6jUEFti9','Drambuie',329.68,1),(398,'31YnuYM3wu','Rabbit - Frozen',476.60,1),(399,'53wSSWUN7O','Lighter - Bbq',467.31,1),(400,'dCN2rXfVIR','Puree - Mocha',206.72,0),(401,'te8JM2zXs5','Wine - Tio Pepe Sherry Fino',352.28,0),(402,'SVFxgWibUl','Wine - Placido Pinot Grigo',287.80,1),(403,'z7YgqbhpRg','Chinese Foods - Chicken',255.85,1),(404,'pr0J4wQw4g','Apple - Royal Gala',144.51,0),(405,'pmlcfmxB20','Flour - Semolina',199.94,1),(406,'pmMcamCdw1','Worcestershire Sauce',421.45,0),(407,'uDC7EBROqY','Soup - Campbells - Chicken Noodle',470.51,1),(408,'rShVkD9WLz','Sword Pick Asst',136.88,0),(409,'ZZKcxUddRb','Icecream - Dstk Cml And Fdg',477.15,0),(410,'SoQeebfXqp','Bread - Hamburger Buns',138.20,0),(411,'Y7OecrSNXG','Beef - Tender Tips',9.25,1),(412,'Hgo0RfunMl','Tea - Black Currant',91.16,1),(413,'PBZvFUlFAz','Cherries - Bing, Canned',386.51,0),(414,'CkIrYdM6BE','Huck Towels White',80.07,0),(415,'PcWZJqICqy','Vacuum Bags 12x16',488.21,1),(416,'DmIPNH6Iad','Sauce - Thousand Island',246.79,1),(417,'ltzkoZoNJC','Zucchini - Green',58.61,0),(418,'7cUTbhzOTi','Beans - Soya Bean',248.07,1),(419,'AqXV85Zss9','Soap - Mr.clean Floor Soap',373.07,1),(420,'wkxh2XVqi2','Ocean Spray - Kiwi Strawberry',360.05,0),(421,'uK7otgn2j5','Pepper - Yellow Bell',96.06,0),(422,'ErJ4z6TCwB','Fish - Halibut, Cold Smoked',496.62,1),(423,'ajMLrqp3O1','Capon - Whole',299.32,1),(424,'XOiL4oTmJ0','Miso - Soy Bean Paste',366.06,1),(425,'9E9irmp1Wj','Juice - Orangina',286.20,0),(426,'kVF6ZWIfFB','Boogies',72.34,0),(427,'bRp6kah11b','Containter - 3oz Microwave Rect.',217.09,0),(428,'w9tOgkr0Kh','Tomatoes - Plum, Canned',448.02,1),(429,'27n3l7sQcX','Appetizer - Escargot Puff',435.96,1),(430,'DeRIUeXfDp','Kellogs All Bran Bars',480.38,1),(431,'WxczWW5cjk','Parsnip',181.00,0),(432,'gc4o8PKVt7','Flavouring Vanilla Artificial',36.14,1),(433,'vDl1JjBpR5','Turkey Leg With Drum And Thigh',117.91,1),(434,'Xlsy8XQTdF','Paper Towel Touchless',301.32,1),(435,'Wwl8bQNa1t','Pasta - Gnocchi, Potato',448.49,0),(436,'LGmVZmA2v2','Muffin Mix - Carrot',172.99,1),(437,'5l86wmIJ9u','Pork - Loin, Bone - In',232.41,0),(438,'bFXPotIfkO','Ezy Change Mophandle',242.85,1),(439,'d0PIY0dhEd','Coffee Beans - Chocolate',255.04,0),(440,'u5onblZlfm','Longos - Burritos',132.44,1),(441,'ih8sOREHv9','Liners - Banana, Paper',472.45,1),(442,'XNOVwKRTIj','Quail - Eggs, Fresh',227.35,0),(443,'50xTkq7InG','Instant Coffee',83.75,0),(444,'XXoDCvsgZy','Rabbit - Whole',443.37,1),(445,'Pm3YVzdTDY','Remy Red',312.63,0),(446,'tixrUMx9MO','Soupfoamcont12oz 112con',454.31,1),(447,'0PwNC7NBqK','Chicken Thigh - Bone Out',66.59,1),(448,'RTEhxeos9s','Lid Tray - 12in Dome',114.68,0),(449,'NYmeznCkaU','Sobe - Cranberry Grapefruit',495.53,1),(450,'cBWnqtfefo','Sausage - Meat',82.29,1),(451,'3eaF8NZ7l0','Lotus Leaves',278.38,0),(452,'MqIhdJojHV','Zucchini - Mini, Green',205.67,0),(453,'G5aK24EezJ','Vodka - Moskovskaya',494.66,1),(454,'kpZEwYdr8X','Lemonade - Island Tea, 591 Ml',42.53,1),(455,'EwgOgFV9OF','Bread - 10 Grain Parisian',303.16,1),(456,'m9WSY4PL8A','Contreau',489.19,1),(457,'gQryUop7wA','Melon - Cantaloupe',300.76,0),(458,'JINC1XnFPt','Beans - Black Bean, Canned',224.48,1),(459,'QPGSWeAYIn','Wine - Beringer Founders Estate',463.05,0),(460,'duatfhLbfC','Ice Cream - Chocolate',454.47,1),(461,'TrxKrcnht7','Cornflakes',34.43,0),(462,'O0xjZXNnYi','Veal - Insides Provini',299.69,1),(463,'h75TmW9MFq','Lemonade - Island Tea, 591 Ml',70.38,1),(464,'IDjFOU8TUg','Beef - Salted',290.37,0),(465,'Usk0yW3hsW','Blue Curacao - Marie Brizard',359.34,1),(466,'axpMO01ki6','Cheese - Ricotta',36.56,1),(467,'I5nipQLXc5','Pepper - Sorrano',109.09,1),(468,'38fmGMOUuv','Sauce Bbq Smokey',85.90,0),(469,'r8Ekzv8k4E','Pastry - Apple Muffins - Mini',66.10,1),(470,'GOrQVKQjO8','Olives - Nicoise',25.17,1),(471,'wSl8aF56Iu','Roe - Lump Fish, Red',132.59,0),(472,'3OEqgZnHNY','Sauce Bbq Smokey',123.67,0),(473,'JBx4jaDcFP','Otomegusa Dashi Konbu',316.83,1),(474,'XQ2zTABSIO','Veal - Slab Bacon',125.25,0),(475,'0e6VRvJfx1','Tomatoes - Heirloom',152.47,0),(476,'4ZIPjXYYHx','Cheese - Montery Jack',284.25,1),(477,'rC6ayW96OR','Plasticknivesblack',257.11,0),(478,'cfQ6nJLJjY','Wine - Periguita Fonseca',269.05,1),(479,'mVwvFZb8Qy','Cheese - Brie, Triple Creme',83.83,0),(480,'FCP8fEnmyu','Foil Cont Round',275.46,0),(481,'BGjyxYG855','Pesto - Primerba, Paste',179.38,0),(482,'cZOoQAU4rj','Cornish Hen',20.48,1),(483,'9DoTB1M2Zl','Goat - Whole Cut',469.54,0),(484,'mU07EvT769','Sprouts - Corn',299.48,0),(485,'3ZPbpIHXqB','Extract - Rum',463.71,0),(486,'TsqATqwVDt','Soup - Knorr, Ministrone',16.63,1),(487,'tpA44DhwBQ','Cactus Pads',481.74,1),(488,'fSNGWqa444','Dehydrated Kelp Kombo',347.31,1),(489,'UsxYKA6xmo','Chervil - Fresh',55.67,0),(490,'ecOceRuHgP','Ginger - Fresh',100.44,0),(491,'4d7ToDyFJj','Pastry - Cherry Danish - Mini',240.14,1),(492,'POkEqfdFJx','Bagel - Everything Presliced',394.62,1),(493,'ebt0Y2SLyu','Wine - Montecillo Rioja Crianza',479.94,0),(494,'QQi7gBwQd6','Fudge - Cream Fudge',414.38,0),(495,'EgEipSKdrZ','Wine - Magnotta - Cab Sauv',223.07,0),(496,'dtMigxEuuA','Wine - Chateauneuf Du Pape',415.71,1),(497,'8tEmVKvbtb','Pepper - Cayenne',77.63,1),(498,'7NKnCAaA3j','Edible Flower - Mixed',491.06,1),(499,'GSWb0fC0Ya','Pepper - Orange',302.62,1),(500,'zw7RfdoWYa','Table Cloth 54x54 White',336.08,1),(501,'m5Yntq3rlz','Vinegar - Sherry',235.97,0),(502,'GN8sl7ttko','Food Colouring - Green',283.64,1),(503,'Gcynwu7plK','Monkfish - Fresh',96.56,0),(504,'OoUn2HdwCA','Carrots - Jumbo',222.18,0),(505,'6qyWz6yvfn','Oyster - In Shell',420.97,0),(506,'C1P3B5mhq8','Wine - Peller Estates Late',44.22,0),(507,'V0IBLeLHTH','Carbonated Water - Raspberry',151.96,0);
/*!40000 ALTER TABLE `produit` ENABLE KEYS */;
UNLOCK TABLES;
/*!40103 SET TIME_ZONE=@OLD_TIME_ZONE */;

/*!40101 SET SQL_MODE=@OLD_SQL_MODE */;
/*!40014 SET FOREIGN_KEY_CHECKS=@OLD_FOREIGN_KEY_CHECKS */;
/*!40014 SET UNIQUE_CHECKS=@OLD_UNIQUE_CHECKS */;
/*!40101 SET CHARACTER_SET_CLIENT=@OLD_CHARACTER_SET_CLIENT */;
/*!40101 SET CHARACTER_SET_RESULTS=@OLD_CHARACTER_SET_RESULTS */;
/*!40101 SET COLLATION_CONNECTION=@OLD_COLLATION_CONNECTION */;
/*!40111 SET SQL_NOTES=@OLD_SQL_NOTES */;

-- Dump completed on 2021-05-06 15:26:47
